chapter	paragraph_index	sha256_raw	sha256_prose_reader_v1
1	0	6f0f2a8ea3785576f7a6f57683c70f52dff72695258367ab1577036d3bd971c8	6f0f2a8ea3785576f7a6f57683c70f52dff72695258367ab1577036d3bd971c8
1	1	6c00a6de96d85d934871b32620704e430e00d67525b2f94e364f5e323ad4adcc	6c00a6de96d85d934871b32620704e430e00d67525b2f94e364f5e323ad4adcc
1	2	92b695cbd30da5ddcc91a6db053068825f4d7993cf4781b7365891e26aed99a9	92b695cbd30da5ddcc91a6db053068825f4d7993cf4781b7365891e26aed99a9
1	3	4472b54877a418dbcbe2d9e306de897e63c90ed88d7de2be48186e91c638752a	4472b54877a418dbcbe2d9e306de897e63c90ed88d7de2be48186e91c638752a
1	4	171930d3fcfbbcbc98d43d76f2b36775bcecbca625e79ad1b06baa9e6aa1e9dc	171930d3fcfbbcbc98d43d76f2b36775bcecbca625e79ad1b06baa9e6aa1e9dc
1	5	9edee6b7e3c66e8fc914a373dbc784f0a82d668fdb1e25c5c97663f3a39f37fd	9edee6b7e3c66e8fc914a373dbc784f0a82d668fdb1e25c5c97663f3a39f37fd
1	6	4b132b03dcbc6b360d12b3929e422cc31bcbd29cb5ecc8d8a2652998fa64fa90	4b132b03dcbc6b360d12b3929e422cc31bcbd29cb5ecc8d8a2652998fa64fa90
1	7	d6d418a6488047724c64137d1d059d43e8b7dfafd547a81f42485c2cf7e20566	d6d418a6488047724c64137d1d059d43e8b7dfafd547a81f42485c2cf7e20566
1	8	0f665d8fcd79a5c2799938769265660548c658be1f841ac0de4845b4637ab946	0f665d8fcd79a5c2799938769265660548c658be1f841ac0de4845b4637ab946
1	9	6f7a36316edcd1c9bf273a446f12036bd733ad1d5c61be1159ceb7fc820e5936	6f7a36316edcd1c9bf273a446f12036bd733ad1d5c61be1159ceb7fc820e5936
1	10	6ffc2da399b62a9fabb1f9faad7dd40f553db099502a8fb9dd73e91109478223	6ffc2da399b62a9fabb1f9faad7dd40f553db099502a8fb9dd73e91109478223
1	11	580f19b8aa17ba1466621e14d04396d04782a34f96df64a0bbb3640cb0c3a35a	580f19b8aa17ba1466621e14d04396d04782a34f96df64a0bbb3640cb0c3a35a
1	12	b75fbaadcb5ae1d781b5df5f054783bf44f9a3eaeb591cbf0a63d05e6ae0a3a9	b75fbaadcb5ae1d781b5df5f054783bf44f9a3eaeb591cbf0a63d05e6ae0a3a9
1	13	e996cbdad089ff490204a16f3bd6de7fa2604eac8f14874372f6417f9cea4967	e996cbdad089ff490204a16f3bd6de7fa2604eac8f14874372f6417f9cea4967
1	14	515afc3ab50ae3f3f9111b5d9137ba784d401ac79b34bdef4d79c23a54202e8c	515afc3ab50ae3f3f9111b5d9137ba784d401ac79b34bdef4d79c23a54202e8c
1	15	1be5fe7a4cb554842ee45a5a2a7a19191ae178e1025b0384b267d91b1852cc01	1be5fe7a4cb554842ee45a5a2a7a19191ae178e1025b0384b267d91b1852cc01
1	16	73850747e2b5df14e127fe7f64fb6bbff358e95eda54a498b3a7c20c832ab156	73850747e2b5df14e127fe7f64fb6bbff358e95eda54a498b3a7c20c832ab156
1	17	8f3085f9f21af5bbc92ffdd40871bb2bc9ffcd351141c75b7ca2d5c09cc0a600	8f3085f9f21af5bbc92ffdd40871bb2bc9ffcd351141c75b7ca2d5c09cc0a600
1	18	6075feb20feb50e42c708aab5f913b285e13d47b8ac2b5cbc1b5530136fe21f4	6075feb20feb50e42c708aab5f913b285e13d47b8ac2b5cbc1b5530136fe21f4
1	19	e8c8475bfcc97ed983eab568ee632595bf24f3872772ec85d160e97316cfed01	e8c8475bfcc97ed983eab568ee632595bf24f3872772ec85d160e97316cfed01
1	20	c272ffa69f944d3f500e2ed44bf7ccae869002d6c3a7043dd837f405783a5c7f	c272ffa69f944d3f500e2ed44bf7ccae869002d6c3a7043dd837f405783a5c7f
1	21	4f884e17a77abbd5c6dccf8f62d46a789f20d685ee992e85342c9e51743fac16	4f884e17a77abbd5c6dccf8f62d46a789f20d685ee992e85342c9e51743fac16
1	22	c009dcaf519498dd2e77834241e9914015fa57115805aedcfffab7647293898b	c009dcaf519498dd2e77834241e9914015fa57115805aedcfffab7647293898b
1	23	7651de803cd1f7fd36e01ee6eac307c9ced47e312e69880b1efd5429af9b22be	7651de803cd1f7fd36e01ee6eac307c9ced47e312e69880b1efd5429af9b22be
1	24	c1b1c09a0edb4c8630dd216d7c81d15d97fe641e8f06c131fe8e634bfe3636b7	c1b1c09a0edb4c8630dd216d7c81d15d97fe641e8f06c131fe8e634bfe3636b7
1	25	7b56ec3c0c1f00609c6b40fb594cb2aa8aec190f530a70a71cf71fb81a25ce99	7b56ec3c0c1f00609c6b40fb594cb2aa8aec190f530a70a71cf71fb81a25ce99
1	26	ac7ab1d75e4d442ae34df9ea9649f81df3a248f0fc737d1ba4a4cf7807024108	ac7ab1d75e4d442ae34df9ea9649f81df3a248f0fc737d1ba4a4cf7807024108
1	27	815b0f42fae87d69f80b05136a073e5b5d0e275108cfe1c9e413206a6f137159	815b0f42fae87d69f80b05136a073e5b5d0e275108cfe1c9e413206a6f137159
1	28	5248509d42c3963ad03cb9f4f6b34974efd29ca7b5bd43e5498d3c7d92787298	5248509d42c3963ad03cb9f4f6b34974efd29ca7b5bd43e5498d3c7d92787298
1	29	776bd552af8d40ca1978494e9bee42188275d10d91ab6d93c1e852b92025b920	776bd552af8d40ca1978494e9bee42188275d10d91ab6d93c1e852b92025b920
1	30	08dbbdb0e082cb827f2d14bf07ae026a3161bc87bd9d6819b1de212e85209f74	08dbbdb0e082cb827f2d14bf07ae026a3161bc87bd9d6819b1de212e85209f74
1	31	4026f1f838829c884a8acc1f9950932fdad7f201b0f43974ed2ba867aae2ca0a	4026f1f838829c884a8acc1f9950932fdad7f201b0f43974ed2ba867aae2ca0a
2	0	88c326f1294376eec4c0c4e57c245f5f0d58ee2188994d79bbef260e5ade5176	88c326f1294376eec4c0c4e57c245f5f0d58ee2188994d79bbef260e5ade5176
2	1	2e8ab225479acc2d51ae7ffac00b9ab3c6c918e65d742d95cd9b30858933bde7	2e8ab225479acc2d51ae7ffac00b9ab3c6c918e65d742d95cd9b30858933bde7
2	2	0f956b1fddd9d11edfa69493708710564513b769d1c736261537b9e406ee2935	0f956b1fddd9d11edfa69493708710564513b769d1c736261537b9e406ee2935
2	3	280d76cd40476551c4b1ba6bd44a24fde71f3e87033294c45b40486d7bb629ef	280d76cd40476551c4b1ba6bd44a24fde71f3e87033294c45b40486d7bb629ef
2	4	2018fc7c1ef2359824b925cdf9f1e5ad518f83695edf18d8394674a65e1aa1d9	2018fc7c1ef2359824b925cdf9f1e5ad518f83695edf18d8394674a65e1aa1d9
2	5	702e668cb53971087c940e45f5408f2872a9a03c34b54d717a42c2a024232db9	702e668cb53971087c940e45f5408f2872a9a03c34b54d717a42c2a024232db9
2	6	0c23b1fad7d6b5b10f3c545e286c3683ba09bd61d2e58268171d7f4366ca0914	0c23b1fad7d6b5b10f3c545e286c3683ba09bd61d2e58268171d7f4366ca0914
2	7	81e2d5dc3eb35064fd8ac15c9ee48561413cada691e9e1651d2b5c4d5f449186	81e2d5dc3eb35064fd8ac15c9ee48561413cada691e9e1651d2b5c4d5f449186
2	8	e195c39a832568626baea5c886345aa472c4bc3b0d8da23f32fa67ab62e03541	e195c39a832568626baea5c886345aa472c4bc3b0d8da23f32fa67ab62e03541
2	9	51e083e34cddef7522db10a02947ac451dbe5bdcf0e16497006d7871b2032bee	51e083e34cddef7522db10a02947ac451dbe5bdcf0e16497006d7871b2032bee
2	10	44e7dba68076dbd9d56769b01787074283b4e2483c06a3d652a87808a2bed739	44e7dba68076dbd9d56769b01787074283b4e2483c06a3d652a87808a2bed739
2	11	f2131fe78fc6226a58d88ac5fd139a18071a06795bdab74d7d6c6af2f0c1b243	f2131fe78fc6226a58d88ac5fd139a18071a06795bdab74d7d6c6af2f0c1b243
2	12	cb6ae880a0c43b99e81aff8b42fa928d64bcbfd1ea4906fbf91977150d680400	cb6ae880a0c43b99e81aff8b42fa928d64bcbfd1ea4906fbf91977150d680400
2	13	d5770939bd8f139e8e211a578b5de167a7d1f31407fcc80502ea3b4d1b166b94	d5770939bd8f139e8e211a578b5de167a7d1f31407fcc80502ea3b4d1b166b94
2	14	65222868063d21c09e56df9e718c5e76576ef73963335a3a0a8e2798b1f0a226	65222868063d21c09e56df9e718c5e76576ef73963335a3a0a8e2798b1f0a226
2	15	eb60f9921edb3101c5db3763869438dc9ffb24730871765e375bd5a94806856c	eb60f9921edb3101c5db3763869438dc9ffb24730871765e375bd5a94806856c
2	16	12db96258755307b521ab068e133d0d66cb5133b0af3725f9c7a37245042c97c	12db96258755307b521ab068e133d0d66cb5133b0af3725f9c7a37245042c97c
2	17	7690414006a680fe5626756918f16996f4b861a4e328a869cbbaec894015f9a1	7690414006a680fe5626756918f16996f4b861a4e328a869cbbaec894015f9a1
2	18	1dab6ae49844978ee3b13e8c7e965f62679ce09c8338cc67af89cae7a2deb05a	1dab6ae49844978ee3b13e8c7e965f62679ce09c8338cc67af89cae7a2deb05a
2	19	c41c799de5172d2296d45d74fb8b1b15e4f66109f38f065990bf89d02f21f0a0	c41c799de5172d2296d45d74fb8b1b15e4f66109f38f065990bf89d02f21f0a0
2	20	a35e71b97dd8323354221d3f1ec6b2b1e3639e3e360028feee421efb325be71b	a35e71b97dd8323354221d3f1ec6b2b1e3639e3e360028feee421efb325be71b
2	21	599b42706d3da199d6fc251d2bdcc5f7b571cc884f81234ec63076c645a2c57c	599b42706d3da199d6fc251d2bdcc5f7b571cc884f81234ec63076c645a2c57c
2	22	88f071eea2ef142d930171081edd5dc1b174c430ada8ee1a555a6f57bc7fed98	88f071eea2ef142d930171081edd5dc1b174c430ada8ee1a555a6f57bc7fed98
2	23	d8ad2c3d5ffbf24cd013049815260adc5c8a83512866b8364ae24d7462f8eb51	d8ad2c3d5ffbf24cd013049815260adc5c8a83512866b8364ae24d7462f8eb51
2	24	94412b29269226eaf2b29b1492a0645f9a0d65459548847d89712a8b8f48565c	94412b29269226eaf2b29b1492a0645f9a0d65459548847d89712a8b8f48565c
2	25	ec24ca63ae2356aec419154726bd2b0a8baa3ae4add682999c921199ca5a2a94	ec24ca63ae2356aec419154726bd2b0a8baa3ae4add682999c921199ca5a2a94
2	26	6d0e912bf1c149ab2280e5dbeb76874edbf4d3c18d97b9917065260f8ad96b41	6d0e912bf1c149ab2280e5dbeb76874edbf4d3c18d97b9917065260f8ad96b41
2	27	71b172866ef53807cc594717f11a3ff9ed8b6d07d350d244cfd6222bc9461879	71b172866ef53807cc594717f11a3ff9ed8b6d07d350d244cfd6222bc9461879
2	28	7012d509523a77c832c87926b5101dcf1564080ea104a3991300af5f67919bd9	7012d509523a77c832c87926b5101dcf1564080ea104a3991300af5f67919bd9
2	29	6a09e69ddd48cd80fc43a4a1b6a6de7765866cb112a2231d0f1c14dbf6a501c5	6a09e69ddd48cd80fc43a4a1b6a6de7765866cb112a2231d0f1c14dbf6a501c5
2	30	40005228e0cca64dc62106cec700043117aa605beddf64d7fc0f4690408d6c6a	40005228e0cca64dc62106cec700043117aa605beddf64d7fc0f4690408d6c6a
2	31	824bea811527a1f26acf7047dc7ac8a72b25a42bb168a673f1ba9151332ac756	824bea811527a1f26acf7047dc7ac8a72b25a42bb168a673f1ba9151332ac756
2	32	4689a9c34cf2876be4d4b88aab0b78ea71c4acfc264c9b0857bf273e2f25c1cc	4689a9c34cf2876be4d4b88aab0b78ea71c4acfc264c9b0857bf273e2f25c1cc
2	33	b4cc20a4060f9e68f9e906f717072ddbea1bdf6aafc61c9fc66aca1a336a76cf	b4cc20a4060f9e68f9e906f717072ddbea1bdf6aafc61c9fc66aca1a336a76cf
2	34	51120f9105c8f252942fed31e5e4eaf25e139a212009f3c4a304bf89a9513047	51120f9105c8f252942fed31e5e4eaf25e139a212009f3c4a304bf89a9513047
3	0	bc490ee36742eb4052869ddddff492863a3ff65d33637a556cc17fac70480db5	bc490ee36742eb4052869ddddff492863a3ff65d33637a556cc17fac70480db5
3	1	28944f43592c4a6cf23172604b6a0add045efbdae0945461c9df23fe26eb8cb6	28944f43592c4a6cf23172604b6a0add045efbdae0945461c9df23fe26eb8cb6
3	2	cf52e8f73d9487d957762514202d3952922cbe7b9bec72fb8c8696628c5c43b3	cf52e8f73d9487d957762514202d3952922cbe7b9bec72fb8c8696628c5c43b3
3	3	8acfcca1962ea49fdaa510e1dea31cc40ba22f220afd99cec4a7e2883ad28cbc	8acfcca1962ea49fdaa510e1dea31cc40ba22f220afd99cec4a7e2883ad28cbc
3	4	9699182645d0baad2d9bc18b4c84499295937d692e73c6036ddc3221b9352063	9699182645d0baad2d9bc18b4c84499295937d692e73c6036ddc3221b9352063
3	5	afb5bcdbd67979da8eb46f9a163d81b3ae586fab425873dac4c79f82cfc95001	afb5bcdbd67979da8eb46f9a163d81b3ae586fab425873dac4c79f82cfc95001
3	6	89bceb1a9173488ef04d0de283fcc5d758e358a5ecc166fc77ade3dc2687df38	89bceb1a9173488ef04d0de283fcc5d758e358a5ecc166fc77ade3dc2687df38
3	7	6d73624ca31782ff5805f91752f1fb8931859945b92a652b8c1cfc5e6a05ffa9	6d73624ca31782ff5805f91752f1fb8931859945b92a652b8c1cfc5e6a05ffa9
3	8	0fe88fff6c5bf4b902f7616a96ce4a100638d2d96fb28bd8a5dd1f9c452d0cd1	0fe88fff6c5bf4b902f7616a96ce4a100638d2d96fb28bd8a5dd1f9c452d0cd1
3	9	a545ad72d575291f184abc32241bf106004f02df3163cfa795dac43c8a92c4ef	a545ad72d575291f184abc32241bf106004f02df3163cfa795dac43c8a92c4ef
3	10	7958c34ad9e1a6c258b2a16bafd0ef0c7d6dc3429a9c802f4d6d496eea4b5dea	7958c34ad9e1a6c258b2a16bafd0ef0c7d6dc3429a9c802f4d6d496eea4b5dea
3	11	d621d3a2651f7c4d2a828a9d8782c27df628526318e76ba123ea64f17776a904	d621d3a2651f7c4d2a828a9d8782c27df628526318e76ba123ea64f17776a904
3	12	e20a19a96f75a1502952f6ce50bcddfd75902284b47be6fc6dfd68612ead657d	e20a19a96f75a1502952f6ce50bcddfd75902284b47be6fc6dfd68612ead657d
3	13	ebccb1b475e52da1172737d48135d19877d32038b0cb4f004f4436e066105d82	ebccb1b475e52da1172737d48135d19877d32038b0cb4f004f4436e066105d82
3	14	1616c8725e92107471787d591cbb238d004c18f0d4c59a92d423273aa48074e8	1616c8725e92107471787d591cbb238d004c18f0d4c59a92d423273aa48074e8
3	15	53116e5e0b2308ee3bcd4acae96b495d48c185dadc0caaa247c0d19151daa702	53116e5e0b2308ee3bcd4acae96b495d48c185dadc0caaa247c0d19151daa702
3	16	53d54c71bdc233ea2918e9a46b007e19a8b65b393cd041ec1920535eac69d8d8	53d54c71bdc233ea2918e9a46b007e19a8b65b393cd041ec1920535eac69d8d8
3	17	282de6a7ee178940d2a0c7ddcb636b27954809fd39d36b1c18fb854c497466be	282de6a7ee178940d2a0c7ddcb636b27954809fd39d36b1c18fb854c497466be
3	18	70f57452d8d0a3ef4ecb5785cd8d7269dfe73cc8464d847cfaab57a9c4d51656	70f57452d8d0a3ef4ecb5785cd8d7269dfe73cc8464d847cfaab57a9c4d51656
3	19	205d3703bfc1afa7f992e447d203146353c5c80b270bc4e242017261d63ac6dc	205d3703bfc1afa7f992e447d203146353c5c80b270bc4e242017261d63ac6dc
3	20	c54e1353d2fd4de5942b75181cd6b68599d610abf40e3c66bb6fde7f08c10d14	c54e1353d2fd4de5942b75181cd6b68599d610abf40e3c66bb6fde7f08c10d14
3	21	45acfe1e759c8eed7dd714ef88eda9b28a269f33cbd5c2b0f950d2c2c757e8f1	45acfe1e759c8eed7dd714ef88eda9b28a269f33cbd5c2b0f950d2c2c757e8f1
3	22	e3d8e65c90119965b020dce4f983456c05c6ee8d59ef263d9ebba898a382e7e8	e3d8e65c90119965b020dce4f983456c05c6ee8d59ef263d9ebba898a382e7e8
3	23	f50d77db1b11e6f2b66053826f78a2f610c632f95de582e78889ad3a192f113e	f50d77db1b11e6f2b66053826f78a2f610c632f95de582e78889ad3a192f113e
3	24	7891ccabdf533bae7dd7a87bdda8a6f07b0942c06b5e640622aa018eb260e474	7891ccabdf533bae7dd7a87bdda8a6f07b0942c06b5e640622aa018eb260e474
3	25	837c5ff3227bdb923e43c544d4b04adddfe5cd6661eee242d0b5e048bf9bf82e	837c5ff3227bdb923e43c544d4b04adddfe5cd6661eee242d0b5e048bf9bf82e
3	26	b2f5fd9407d66aa89dcee7780c498e4f1c898fc83ffbca0884211a927cdff63f	b2f5fd9407d66aa89dcee7780c498e4f1c898fc83ffbca0884211a927cdff63f
3	27	437495b30d15e57511cd8e1b15d2501315ca64afb1a8af3740b1050a50080d6c	437495b30d15e57511cd8e1b15d2501315ca64afb1a8af3740b1050a50080d6c
3	28	ced96606310b7ce49f88460ec4469d92b5926af5d650df7a4169e907281575b8	ced96606310b7ce49f88460ec4469d92b5926af5d650df7a4169e907281575b8
3	29	aebe0f49222adddbff72d9585b4d6caf5df3f63c20ddfe0aca84a3dabb8e216f	aebe0f49222adddbff72d9585b4d6caf5df3f63c20ddfe0aca84a3dabb8e216f
3	30	436070fe8aed9ef7dde965dc69f07bb78b53fef2778a22093e66bf698c9ad064	436070fe8aed9ef7dde965dc69f07bb78b53fef2778a22093e66bf698c9ad064
3	31	2729a09b1f3449cc41fa3e2abaa47f169841375740346d205c6b4cbb9aefbb51	2729a09b1f3449cc41fa3e2abaa47f169841375740346d205c6b4cbb9aefbb51
3	32	3141de6abbc7434413b0e1081f6f34fbab4f8c7bf44e3c0c32a05bb5449f8e71	3141de6abbc7434413b0e1081f6f34fbab4f8c7bf44e3c0c32a05bb5449f8e71
3	33	bf29563baa8e8b1ee33760d907be5ef275dea4187d45f67a709e68576223d463	bf29563baa8e8b1ee33760d907be5ef275dea4187d45f67a709e68576223d463
3	34	270b2705ecbabdf53cddb894283d2fb86a69163e1b9e43fb4e4eb9fa4484fc41	270b2705ecbabdf53cddb894283d2fb86a69163e1b9e43fb4e4eb9fa4484fc41
3	35	bd7cf90e473f9197b4645a3dd863ab1b6a2aa103f3373ae2892a6002e315f176	bd7cf90e473f9197b4645a3dd863ab1b6a2aa103f3373ae2892a6002e315f176
3	36	8f691cd4c7accbf180920e88c10acc82f2a75283e51d312c0b435e64c8f905c3	8f691cd4c7accbf180920e88c10acc82f2a75283e51d312c0b435e64c8f905c3
3	37	b82e864d15d49a08266b734529d6a217486f92c804b1c81ce6dabd472a13f928	b82e864d15d49a08266b734529d6a217486f92c804b1c81ce6dabd472a13f928
4	0	a7ef0f7b531fcf797f153475b373f46b668ba2d0f3acd886d1d18b4788b0d4e0	a7ef0f7b531fcf797f153475b373f46b668ba2d0f3acd886d1d18b4788b0d4e0
4	1	d4f4f4966557c69e2db67b73f3a2542e742de06a688f29435bcf00d71b982eac	d4f4f4966557c69e2db67b73f3a2542e742de06a688f29435bcf00d71b982eac
4	2	526098e66344f09c94c90ed565b081182857e333b4dcf9984cc1c52e8cb33bb7	526098e66344f09c94c90ed565b081182857e333b4dcf9984cc1c52e8cb33bb7
4	3	326575f56ca56994682468d51358ecf538ceb4ceb995a11660d72d0b82cda050	326575f56ca56994682468d51358ecf538ceb4ceb995a11660d72d0b82cda050
4	4	1826e9cc82d1febc67445ec4ba2f580866e3b2a3d4cda7d60384a88a2b3be458	1826e9cc82d1febc67445ec4ba2f580866e3b2a3d4cda7d60384a88a2b3be458
4	5	0cc5113ca992c32c1666d13b6cb593634e35bf96dc935d7e5c2507ab618e09c7	0cc5113ca992c32c1666d13b6cb593634e35bf96dc935d7e5c2507ab618e09c7
4	6	80c5c8a50d28392c11c25fd021416b1966f7aae4a03f22d36ecc272d107bd5a8	80c5c8a50d28392c11c25fd021416b1966f7aae4a03f22d36ecc272d107bd5a8
4	7	17515c42dbff99a5b7eeda07e6cf065a6075961eef4837cd2d06215db6c75735	17515c42dbff99a5b7eeda07e6cf065a6075961eef4837cd2d06215db6c75735
4	8	cf942561083220da6f07dc1a3b978f42e63f6c896cb47923eb0c2ee5e19373e5	cf942561083220da6f07dc1a3b978f42e63f6c896cb47923eb0c2ee5e19373e5
4	9	8c9a84ca5c861f7709b41fee1ba8ae5b9ea914a6b6f25fb7d43751a72e269313	8c9a84ca5c861f7709b41fee1ba8ae5b9ea914a6b6f25fb7d43751a72e269313
4	10	a98e4c7a861f761aa0b36f42a1377ca96fa4de2f074751496f2daeaad9c7cabc	a98e4c7a861f761aa0b36f42a1377ca96fa4de2f074751496f2daeaad9c7cabc
4	11	68d1045f37458c911056956195d27eb9b6d0191b0a5c159b004cf4a396fec514	68d1045f37458c911056956195d27eb9b6d0191b0a5c159b004cf4a396fec514
4	12	4983a4dd8f9844d28a32527ab6d9d75d3447ec818f5ddd3a39ce4a8d5bcc3333	4983a4dd8f9844d28a32527ab6d9d75d3447ec818f5ddd3a39ce4a8d5bcc3333
4	13	e89beb809108d09200cbb41ce2f61cdce072752f08e3c9c052f51fd96b3e84d2	e89beb809108d09200cbb41ce2f61cdce072752f08e3c9c052f51fd96b3e84d2
4	14	f6957d2d4256a2ff3a9779715815754d28a9ad14d63b965a3bea790b588ccdfd	f6957d2d4256a2ff3a9779715815754d28a9ad14d63b965a3bea790b588ccdfd
4	15	f25e68e59e4aeace9bc46056caab2ba219ed2c2e9c0e146216049232b3318360	f25e68e59e4aeace9bc46056caab2ba219ed2c2e9c0e146216049232b3318360
4	16	eacb30acd6f001e9f61a180474dde493485c1a18f439789dca1265f6bab79e3c	eacb30acd6f001e9f61a180474dde493485c1a18f439789dca1265f6bab79e3c
4	17	4f01daaac19130954f0d3f571287dbfb97992db36688245ae130e5fa277f3db4	4f01daaac19130954f0d3f571287dbfb97992db36688245ae130e5fa277f3db4
4	18	81fc9834941666e124695640ec14783d74d7f419cd0fc002fedc10193f05deee	81fc9834941666e124695640ec14783d74d7f419cd0fc002fedc10193f05deee
4	19	ffbde9b1944b1d167f80bf96d45d493740d30b62b66d3759f488f296cccbf243	ffbde9b1944b1d167f80bf96d45d493740d30b62b66d3759f488f296cccbf243
4	20	b5e147f5265850b35f26b055aca24f22515995d87e794923183ef688a576a836	b5e147f5265850b35f26b055aca24f22515995d87e794923183ef688a576a836
4	21	71d2b56d923f795e81bced4d0584d6ccb2b0022d31e02678807156c7aeb3ac00	71d2b56d923f795e81bced4d0584d6ccb2b0022d31e02678807156c7aeb3ac00
4	22	d7bf6987acc414eb21d71fc1b78f8242c3223922c7e1038a94527b08fb154553	d7bf6987acc414eb21d71fc1b78f8242c3223922c7e1038a94527b08fb154553
4	23	a4a7cffed65173e8ae01a7cfffcdd8e0f2960844d9865a30f3ec5d3e54777e38	a4a7cffed65173e8ae01a7cfffcdd8e0f2960844d9865a30f3ec5d3e54777e38
4	24	005205b2b7f18f7f6bd73fa1e7d1d36f585c04f99b469b65895bca12c8f7a74f	005205b2b7f18f7f6bd73fa1e7d1d36f585c04f99b469b65895bca12c8f7a74f
4	25	72b7937c8c156edb1fe57951c9aad6fd8d6c3216dcdfc432f3f9b0824c331e2a	72b7937c8c156edb1fe57951c9aad6fd8d6c3216dcdfc432f3f9b0824c331e2a
4	26	41152d47dcdd5c51ef257458f9a74a1723e5b7ba2544e2952e9462df3e3b2316	41152d47dcdd5c51ef257458f9a74a1723e5b7ba2544e2952e9462df3e3b2316
4	27	d927872af01857a578716510e62dcc12f2bf51ebbcbae30436aaa14279c92ca4	d927872af01857a578716510e62dcc12f2bf51ebbcbae30436aaa14279c92ca4
4	28	bf41e45bc23f474c06618ddc2afc2d229a564ff23ee60bccb05b3f463ae236b0	bf41e45bc23f474c06618ddc2afc2d229a564ff23ee60bccb05b3f463ae236b0
4	29	8e43e8aa6a3ba65a0312ccdb227f01fd31b234f2f7db06e29d26bf31146b86a3	8e43e8aa6a3ba65a0312ccdb227f01fd31b234f2f7db06e29d26bf31146b86a3
4	30	14afbc62e259cb2abd76e9884eb64433971848af898ebe7a839df2247f3543fa	14afbc62e259cb2abd76e9884eb64433971848af898ebe7a839df2247f3543fa
4	31	e77a18847755526bdc431e2ca79af62c1507cc2cb12b9ea58208a4240532a76a	e77a18847755526bdc431e2ca79af62c1507cc2cb12b9ea58208a4240532a76a
4	32	601700b721fb1f1cd15dccd02ddc16d8b743ef8fc7da62b8fa49628eff1e5b3e	601700b721fb1f1cd15dccd02ddc16d8b743ef8fc7da62b8fa49628eff1e5b3e
4	33	cbc230f55bde9c2e9ef2f1186388c691245a7c2e8fba090c38ecba72fe155c4f	cbc230f55bde9c2e9ef2f1186388c691245a7c2e8fba090c38ecba72fe155c4f
4	34	eaee21ce1bef6d7501cffeae1aee995310c7fff46fba589ed9bfc1f0843a527c	eaee21ce1bef6d7501cffeae1aee995310c7fff46fba589ed9bfc1f0843a527c
4	35	f5c34ff96f3f8e6c84bf348ef22c7a70b6ead4ad04a931aa7ea94a72dcae0257	f5c34ff96f3f8e6c84bf348ef22c7a70b6ead4ad04a931aa7ea94a72dcae0257
4	36	6879153e96ad78cca9b1503f0cbb823feddda7c42db3eb297f907de62f422201	6879153e96ad78cca9b1503f0cbb823feddda7c42db3eb297f907de62f422201
4	37	ea400eef721a65c7fb89395b49c49bc41671a864303ec911014f55173ed598e8	ea400eef721a65c7fb89395b49c49bc41671a864303ec911014f55173ed598e8
4	38	980425781bd7cfa24b3b67a9a3c1ff3a59ad3f7062247078521e76171109d5db	980425781bd7cfa24b3b67a9a3c1ff3a59ad3f7062247078521e76171109d5db
4	39	eb57cb561d1ce6368e4b0eaf5acea574d1c5140e68a863b037273b2fa6fdf902	eb57cb561d1ce6368e4b0eaf5acea574d1c5140e68a863b037273b2fa6fdf902
4	40	1417512d85d878a3583137376e0c1c2ea0d85c7b4b1a26c7497d36b272d6f264	1417512d85d878a3583137376e0c1c2ea0d85c7b4b1a26c7497d36b272d6f264
4	41	14492d45bef86e8cf4ed01c394fe5f1d694416066702e10e25e22fd423bb85f1	14492d45bef86e8cf4ed01c394fe5f1d694416066702e10e25e22fd423bb85f1
4	42	871905cb9e6a602a0532e46e1d29430d0336b72c8eb8f23369e3648110e63b10	871905cb9e6a602a0532e46e1d29430d0336b72c8eb8f23369e3648110e63b10
4	43	7f05957b2eda8ebb41d8cb215e87b28ae387d9be3772107e7ab26c341591580f	7f05957b2eda8ebb41d8cb215e87b28ae387d9be3772107e7ab26c341591580f
4	44	a4c2d877ae3583994d7d615420e78264ba539159835b022c2a454515d85bfaf7	a4c2d877ae3583994d7d615420e78264ba539159835b022c2a454515d85bfaf7
4	45	1fa0d4fe9f57090a5d6b1b2516473dcd48f560631e56109108b94370c972ecdd	1fa0d4fe9f57090a5d6b1b2516473dcd48f560631e56109108b94370c972ecdd
4	46	3a41b915f89b0dd085bc25de14aa6b6d71c8447d6eb98da93ca7c2790d428257	3a41b915f89b0dd085bc25de14aa6b6d71c8447d6eb98da93ca7c2790d428257
4	47	0ae874d4a36f23103bf82b88befbc7184d8ecc3ce8397a9937231ea1ea428fe0	0ae874d4a36f23103bf82b88befbc7184d8ecc3ce8397a9937231ea1ea428fe0
4	48	fb85cf06069f3f9a41fa0f09123653faec59a22d979b288c3c010eceb7cd0076	fb85cf06069f3f9a41fa0f09123653faec59a22d979b288c3c010eceb7cd0076
4	49	e5885e9439e0d76a5707131783aaebef2e48317855ff4ff8fba9de981eafcfed	e5885e9439e0d76a5707131783aaebef2e48317855ff4ff8fba9de981eafcfed
4	50	300b4a50f513d221d8e35889b9d8d61ee661526313e80b2909a21ff82ea70662	300b4a50f513d221d8e35889b9d8d61ee661526313e80b2909a21ff82ea70662
4	51	e5a3b9587de62437a4fe186acd14326cea8e27c2ffbe70e24ff35dee1f9b9ab8	e5a3b9587de62437a4fe186acd14326cea8e27c2ffbe70e24ff35dee1f9b9ab8
4	52	6e66fa23a3fe7fe6d7ce286bef6c5c2d4f7aca7b7854b3d702ae83f4a34bb829	6e66fa23a3fe7fe6d7ce286bef6c5c2d4f7aca7b7854b3d702ae83f4a34bb829
4	53	6214157dd075bb31c1d6dc2430407940dded4d54df55e7a78380b42520eca01f	6214157dd075bb31c1d6dc2430407940dded4d54df55e7a78380b42520eca01f
4	54	500526436ee6b8ced774f8e5916fa23aa4d4ebe2063250b8c18a99218f2e7486	500526436ee6b8ced774f8e5916fa23aa4d4ebe2063250b8c18a99218f2e7486
4	55	2319c403b2367723793b98600758766c19b3946ca30f008067c8dfa25e7fee11	2319c403b2367723793b98600758766c19b3946ca30f008067c8dfa25e7fee11
4	56	31adf71f9e5bd9319e253e4d549f1cb8ee45ccbe1e62aa08ede1e6b7bcfcafc1	31adf71f9e5bd9319e253e4d549f1cb8ee45ccbe1e62aa08ede1e6b7bcfcafc1
4	57	c2a61cafa87b3e4c240f69d92393c50d10c4c14a6d8dc6a262e0ebe6acac696d	c2a61cafa87b3e4c240f69d92393c50d10c4c14a6d8dc6a262e0ebe6acac696d
4	58	5bd7ebd9d8e0a47fe4c49b20385407a6d2028377a5d41befaea245d4081ebc6c	5bd7ebd9d8e0a47fe4c49b20385407a6d2028377a5d41befaea245d4081ebc6c
4	59	270b627f5a8001df9e795f9cd60a9b2e3645dfb0f864ed09172790e15c70658e	270b627f5a8001df9e795f9cd60a9b2e3645dfb0f864ed09172790e15c70658e
4	60	2f2ae564bd7eb33114369c812fa6c322f70b537bab8b4dd4dc7a5b4994ef5054	2f2ae564bd7eb33114369c812fa6c322f70b537bab8b4dd4dc7a5b4994ef5054
4	61	a26e5c158b8e0094689bc66b9b210d375334786df11d4fc1acd015c0c136e963	a26e5c158b8e0094689bc66b9b210d375334786df11d4fc1acd015c0c136e963
4	62	5e63c5cdce98c139c2fba1ff874c37d7bdb7710317c0d7b158037f0c19b4caf8	5e63c5cdce98c139c2fba1ff874c37d7bdb7710317c0d7b158037f0c19b4caf8
4	63	ed4d861f4dddd05927979bb5313d2fe93bf8e05abc9ba469b355f3af7b6331f8	ed4d861f4dddd05927979bb5313d2fe93bf8e05abc9ba469b355f3af7b6331f8
4	64	88a1de1602142cb9ddaae0b3ced3e7ddbf9862b0795328b035c2d1abb19401af	88a1de1602142cb9ddaae0b3ced3e7ddbf9862b0795328b035c2d1abb19401af
4	65	48f0f1332c73487b4e7fa5daff473ee35b62f8b9085be58399bf5376ae3a8ab1	48f0f1332c73487b4e7fa5daff473ee35b62f8b9085be58399bf5376ae3a8ab1
4	66	f364a0b59f4a97ffddd02fbab1ccf0d6c5b119ad5307768a876aab305b6d62fd	f364a0b59f4a97ffddd02fbab1ccf0d6c5b119ad5307768a876aab305b6d62fd
4	67	f498108b0807980591be8a34d100eab731967c750e90e9bd3cf75939bc69d1fc	f498108b0807980591be8a34d100eab731967c750e90e9bd3cf75939bc69d1fc
4	68	bd07839ad9940cded611670a31171f99a3df98348fd0aeaa2828ac10956cec91	bd07839ad9940cded611670a31171f99a3df98348fd0aeaa2828ac10956cec91
4	69	d4714f3b89b9970544d3f1f837144fbb067b65641f47023f3b94d7a28a38d86c	d4714f3b89b9970544d3f1f837144fbb067b65641f47023f3b94d7a28a38d86c
4	70	42b66f61aa23e34baee26e8929ab13633e22b8c7f1d0586f84f9c141b5d86341	42b66f61aa23e34baee26e8929ab13633e22b8c7f1d0586f84f9c141b5d86341
4	71	e0484e2d9d789bdd3666a9caf4d6bf05e586d07f25c9d425083bfe06d8f5ebb0	e0484e2d9d789bdd3666a9caf4d6bf05e586d07f25c9d425083bfe06d8f5ebb0
4	72	3b54b7c3eac950d27e24b11d327e0dba5f7b9ea6a3bbe38336196bd110693f2a	3b54b7c3eac950d27e24b11d327e0dba5f7b9ea6a3bbe38336196bd110693f2a
4	73	f12ce5afd08a55108c8a2f3ac3d207546072efb7616bba9a7342a795bc8a4ee4	f12ce5afd08a55108c8a2f3ac3d207546072efb7616bba9a7342a795bc8a4ee4
4	74	8e55876c72fb884f3e055cfe8f00809c6c22f0a3363a105156b9a84639c4fb6b	8e55876c72fb884f3e055cfe8f00809c6c22f0a3363a105156b9a84639c4fb6b
4	75	198bd9b4102f60bb69fdeb3bc1060406a255b2ba8812f73008d5d40a462c0ee5	198bd9b4102f60bb69fdeb3bc1060406a255b2ba8812f73008d5d40a462c0ee5
4	76	0754c851daf339f7e8c1a7789b08eb102e4f02635bc2e809c97647f31489c090	0754c851daf339f7e8c1a7789b08eb102e4f02635bc2e809c97647f31489c090
4	77	80b7f58e90744af772514905f4f6409e87d09dd1c7c733d436738f2ab3f4ab18	80b7f58e90744af772514905f4f6409e87d09dd1c7c733d436738f2ab3f4ab18
4	78	6fb4ba9b7299ca77ad8a589e1f4fec1a6d91974748f346bcb470ee5df7f945fc	6fb4ba9b7299ca77ad8a589e1f4fec1a6d91974748f346bcb470ee5df7f945fc
4	79	91bae3298442f7c0cdbd8d338610a9703046a4fbb423e96558b694b4cc330a77	91bae3298442f7c0cdbd8d338610a9703046a4fbb423e96558b694b4cc330a77
4	80	c1b4e3752c405a1db6bdc8196cdee2445d9a2b26ca43a2e4e45e1818300e1fb4	c1b4e3752c405a1db6bdc8196cdee2445d9a2b26ca43a2e4e45e1818300e1fb4
5	0	91bd222c2e015ec5f935bba7e3f0612121bcd6a6ae43473f2ed3d4fbbfd148ae	91bd222c2e015ec5f935bba7e3f0612121bcd6a6ae43473f2ed3d4fbbfd148ae
5	1	734be15f49bd69b0a61e02ec460e5ea8c5b5102baeadca9e44b2f6b64a20b96e	734be15f49bd69b0a61e02ec460e5ea8c5b5102baeadca9e44b2f6b64a20b96e
5	2	3796ecbb44e9e0db1c1f667f3bb0a2f985c317ac834e47b8fae5e18bb67f37b1	3796ecbb44e9e0db1c1f667f3bb0a2f985c317ac834e47b8fae5e18bb67f37b1
5	3	3b93be4dfe369b578f9e8d31631b20ac2563d0bc64f06a3fa1bf36388c03d0e0	3b93be4dfe369b578f9e8d31631b20ac2563d0bc64f06a3fa1bf36388c03d0e0
5	4	0adeace269c11edaf4a010d58b5b82d565084e9078d34ab303d0dfc57ed1d4bf	0adeace269c11edaf4a010d58b5b82d565084e9078d34ab303d0dfc57ed1d4bf
5	5	a7d5ccdb957f0359f1040887bfaf43c55f73bfb10432583ca77197b6982c1ee2	a7d5ccdb957f0359f1040887bfaf43c55f73bfb10432583ca77197b6982c1ee2
5	6	de77e022364b877487df4ebb8bddadd1238bb580304020332700c598c7ab7c41	de77e022364b877487df4ebb8bddadd1238bb580304020332700c598c7ab7c41
5	7	d5834105fa432bb5be5e7b06828e69f2b1e7ad42ad8b818269e85391f8f62289	d5834105fa432bb5be5e7b06828e69f2b1e7ad42ad8b818269e85391f8f62289
5	8	dad66d3bc3ea22612317651509717c5d638432401fd02569d9f4e29ece78625f	dad66d3bc3ea22612317651509717c5d638432401fd02569d9f4e29ece78625f
5	9	90f31804afccb4feb67db54d4e01da5761a8e4a2f623a0698d27ea06607ee452	90f31804afccb4feb67db54d4e01da5761a8e4a2f623a0698d27ea06607ee452
5	10	b76496f943e36299a4a135ac378a84c59aef9d2e1f0f9c24121992dcb426b900	b76496f943e36299a4a135ac378a84c59aef9d2e1f0f9c24121992dcb426b900
5	11	902ee99297d3b92421b1316b13d8abb6f76095f1ac1d5b4a159e7cfc00b35863	902ee99297d3b92421b1316b13d8abb6f76095f1ac1d5b4a159e7cfc00b35863
5	12	4a588b15029b3439da6be6e8fcd4a859ec65a1b013c34477d00aa00b84ef4818	4a588b15029b3439da6be6e8fcd4a859ec65a1b013c34477d00aa00b84ef4818
5	13	0977ceb3a6a8fe16475e42ab4bf6bda49abc290c646c60edbb13f74290471471	0977ceb3a6a8fe16475e42ab4bf6bda49abc290c646c60edbb13f74290471471
5	14	db09fcef1a5300e6951429179c4b969b39a29dbd589ed9f01fc01f0d031791a1	db09fcef1a5300e6951429179c4b969b39a29dbd589ed9f01fc01f0d031791a1
5	15	044aa1cde5d564c612d737c8bfb5cabfbcb5496db52e5f1e099d16b38a004823	044aa1cde5d564c612d737c8bfb5cabfbcb5496db52e5f1e099d16b38a004823
5	16	fd0db10684b92e6baf53ac31cd95464a1f1310d135e5132e6f0a6edc199fe232	fd0db10684b92e6baf53ac31cd95464a1f1310d135e5132e6f0a6edc199fe232
5	17	4e1de67c3b8282a3c16bacac176c8242a1b7f1f6f438f5bfcb015c26456c6dfc	4e1de67c3b8282a3c16bacac176c8242a1b7f1f6f438f5bfcb015c26456c6dfc
5	18	c0d151c7f87af4d8ac6d9e86d6d5d44d79c54e62f31549cf2c950af4d0bcf1eb	c0d151c7f87af4d8ac6d9e86d6d5d44d79c54e62f31549cf2c950af4d0bcf1eb
5	19	112970ecf3e8e5be644fe7ac77dcb0b8cf46afa799c648755ffc3075cedc5382	112970ecf3e8e5be644fe7ac77dcb0b8cf46afa799c648755ffc3075cedc5382
5	20	44a9fdda4202241fa429c6be5b600549106df70395ae41c8ea1df38cd438da3f	44a9fdda4202241fa429c6be5b600549106df70395ae41c8ea1df38cd438da3f
5	21	05bc9ee329747cb8c73a7dff3d24c56d84eb4797c583f9fb2e0d6c9daf3d5edb	05bc9ee329747cb8c73a7dff3d24c56d84eb4797c583f9fb2e0d6c9daf3d5edb
5	22	83ec306706479382165b6ddead405fc8c8a8c0e320fdb4f62dd8c2a15b7a3cc6	83ec306706479382165b6ddead405fc8c8a8c0e320fdb4f62dd8c2a15b7a3cc6
5	23	2935ca08b05471effaf22d64b4e2e0e699b18f6531e693f06001b18f53d6ae55	2935ca08b05471effaf22d64b4e2e0e699b18f6531e693f06001b18f53d6ae55
5	24	5c140a2abc57805437ea31cb4372a7125aaa44eef205ad89b17eb250baf69d6f	5c140a2abc57805437ea31cb4372a7125aaa44eef205ad89b17eb250baf69d6f
5	25	75d54719952b2b04f2fe62ad0fb19d29be742683cfccea832ca7a48972b1bbb3	75d54719952b2b04f2fe62ad0fb19d29be742683cfccea832ca7a48972b1bbb3
5	26	394abb6f171fb08b697aa96fd9767604d050441b0e7acb2761a99ce48ffea706	394abb6f171fb08b697aa96fd9767604d050441b0e7acb2761a99ce48ffea706
5	27	80a751c2390e387626a3fb2cab9fd5a116211b757d09652c6f50a4e681034424	80a751c2390e387626a3fb2cab9fd5a116211b757d09652c6f50a4e681034424
5	28	9cdfc7ba5da3c430c0a9e77b5e19412aaa0e82df7707bee08c4756ba3370404c	9cdfc7ba5da3c430c0a9e77b5e19412aaa0e82df7707bee08c4756ba3370404c
5	29	f544c164be890356bbeb1f3aae6d0c278eed4acb1e6b951984086d92196205d7	f544c164be890356bbeb1f3aae6d0c278eed4acb1e6b951984086d92196205d7
5	30	3f8f2b70343b2fd509453ab1a885ed67f77e63c89990c71b1e1d774e9cb60525	3f8f2b70343b2fd509453ab1a885ed67f77e63c89990c71b1e1d774e9cb60525
5	31	93712b6ef9c334202eea507bed2347a0cf935dc58592c752017d034b358c73a4	93712b6ef9c334202eea507bed2347a0cf935dc58592c752017d034b358c73a4
5	32	6bf477bf9182aee8108eb4498d8d2d3e00cf46bc2d8e20d05b01ec072b268992	6bf477bf9182aee8108eb4498d8d2d3e00cf46bc2d8e20d05b01ec072b268992
5	33	96c30cdde8ad143ef53904fc1838c4f4d104f3f7b88d038f7b05306b14e57a69	96c30cdde8ad143ef53904fc1838c4f4d104f3f7b88d038f7b05306b14e57a69
5	34	85275eae1af1e1b4ca5dcd72f00552c7faaf2d63a536c1b6cc88c865bb42063f	85275eae1af1e1b4ca5dcd72f00552c7faaf2d63a536c1b6cc88c865bb42063f
5	35	18080be237234e83a7f5a9a6708c274699dfd7db824b976af503e0a6e8705d9a	18080be237234e83a7f5a9a6708c274699dfd7db824b976af503e0a6e8705d9a
5	36	cdfe7c763cc9238b6e9ae1115c52c63aae94f63ffcdf1a985a67aa98b53dd441	cdfe7c763cc9238b6e9ae1115c52c63aae94f63ffcdf1a985a67aa98b53dd441
6	0	d6b884c1469a51e6b531dcd04f1e89cdac8eb824982225644f1a06def295252c	d6b884c1469a51e6b531dcd04f1e89cdac8eb824982225644f1a06def295252c
6	1	5b08b04ded035a2c5aad3491f7c29466733f75a28f46c7102651f85ae424c4c7	5b08b04ded035a2c5aad3491f7c29466733f75a28f46c7102651f85ae424c4c7
6	2	1a7b14127461b8631fc1a9db729908d513f4117159e8d816e32b5839edce5128	1a7b14127461b8631fc1a9db729908d513f4117159e8d816e32b5839edce5128
6	3	af5547c3696076e10786662c6f941746adb25cc1d84c1d569619f5959f5d7014	af5547c3696076e10786662c6f941746adb25cc1d84c1d569619f5959f5d7014
6	4	31411bdc7c25e2b7427a533ea450747da25dc7ab6849cd0f2695d1ee879de1f0	31411bdc7c25e2b7427a533ea450747da25dc7ab6849cd0f2695d1ee879de1f0
6	5	ea6d19f2eefda6d43331c7f7e17de6bd50c3be4f1cc2f1accb35a97e44d94d8e	ea6d19f2eefda6d43331c7f7e17de6bd50c3be4f1cc2f1accb35a97e44d94d8e
6	6	fe146a18530249dcc3869a51d5e0af5f9d527d4077333699bf125eb138881e2a	fe146a18530249dcc3869a51d5e0af5f9d527d4077333699bf125eb138881e2a
6	7	23b88b958843aa95cad76e20e7c14488bca23bbeff0470bbe76cb246a503eb0c	23b88b958843aa95cad76e20e7c14488bca23bbeff0470bbe76cb246a503eb0c
6	8	cf08a728b734ae3b23c0bb3d57b881828df6310e26c86722b0156c18762dbcf8	cf08a728b734ae3b23c0bb3d57b881828df6310e26c86722b0156c18762dbcf8
6	9	241d839dfeb73ec550278373664cb86abf65fcef3cf5a568d4f03b9aa4121a5b	241d839dfeb73ec550278373664cb86abf65fcef3cf5a568d4f03b9aa4121a5b
6	10	de54a7c9cd77f63cb737ac8929d0707cf695a4cf558aab80c98de02a182f8a45	de54a7c9cd77f63cb737ac8929d0707cf695a4cf558aab80c98de02a182f8a45
6	11	e0b7db64ed17bbfc8d23125c55f30918fa9934180aaeb968e4379ce7d06ed14b	e0b7db64ed17bbfc8d23125c55f30918fa9934180aaeb968e4379ce7d06ed14b
6	12	0721bb6ee47bf1c50d260f88bf1676f1f6210fb66cb67c91091a2ae110f0fe2e	0721bb6ee47bf1c50d260f88bf1676f1f6210fb66cb67c91091a2ae110f0fe2e
6	13	79ac8bba9db97fbf55cfaefd2b888e7827f87f00684463b64cd4d7474104c28e	79ac8bba9db97fbf55cfaefd2b888e7827f87f00684463b64cd4d7474104c28e
6	14	09140a9b7f98b90c79e0be421b5efcccf4bf4a5fcececb0982f83167e388fe88	09140a9b7f98b90c79e0be421b5efcccf4bf4a5fcececb0982f83167e388fe88
6	15	e388e3df9cf3110a444a45f18ffd4fdec6ac550a84ed09f379b4f4e747362db6	e388e3df9cf3110a444a45f18ffd4fdec6ac550a84ed09f379b4f4e747362db6
6	16	a517888b25339dcce02b5b0c3322c602e1cee15e3a49c775687fc2a2a9f887ed	a517888b25339dcce02b5b0c3322c602e1cee15e3a49c775687fc2a2a9f887ed
6	17	2c6b5fbbef1718bdc6075f6d4567a1077e2ed4753ab5e0fdcc1f0d6f660a49fa	2c6b5fbbef1718bdc6075f6d4567a1077e2ed4753ab5e0fdcc1f0d6f660a49fa
6	18	938fe5d312852ec0aa4e7d257b39c29d3209e5a2e24ffd38ea39ce0d34969df8	938fe5d312852ec0aa4e7d257b39c29d3209e5a2e24ffd38ea39ce0d34969df8
6	19	1757b706783539bd9ed5fc4cf78bed9055f8d357621ad779f489576a49da246d	1757b706783539bd9ed5fc4cf78bed9055f8d357621ad779f489576a49da246d
6	20	a5d399d74ef5265e2a548b1fae3f39a3112f8e89711bd60c444d457385495775	a5d399d74ef5265e2a548b1fae3f39a3112f8e89711bd60c444d457385495775
6	21	84bcecea253179352f85ce9d1d68128647865eff1c347885a4a5d39bd543af37	84bcecea253179352f85ce9d1d68128647865eff1c347885a4a5d39bd543af37
6	22	a978b551e6bcea6d46d730297542151bb9808e0423cc3bdaf2d9ee7f661be0c4	a978b551e6bcea6d46d730297542151bb9808e0423cc3bdaf2d9ee7f661be0c4
6	23	5229708250d69b5c945fad2ae188225b67c2d1cab81d9be52c22a011723ab583	5229708250d69b5c945fad2ae188225b67c2d1cab81d9be52c22a011723ab583
6	24	6b5d6a7423872b4c90d7c8cda569cdb0377ab2984c9d2fd27fb0fd96fc6ad22d	6b5d6a7423872b4c90d7c8cda569cdb0377ab2984c9d2fd27fb0fd96fc6ad22d
6	25	3f9d8e6c3004f2e398588357fa2c9b8fe8df2d336c8a1b36c57784b5e102db59	3f9d8e6c3004f2e398588357fa2c9b8fe8df2d336c8a1b36c57784b5e102db59
7	0	fb5f5df82d1a5c3b8ea0c11a589edf140dde13d3fb9c008e826fd457caed6a29	fb5f5df82d1a5c3b8ea0c11a589edf140dde13d3fb9c008e826fd457caed6a29
7	1	39481c37bc02d30104d7611d3c7495de1b8ad66cd1e173b71a8a686517a8ba87	39481c37bc02d30104d7611d3c7495de1b8ad66cd1e173b71a8a686517a8ba87
7	2	7cf2244c526608583d97c6754cd2cc32b601ecb70c825f3529e9b51c00b9c240	7cf2244c526608583d97c6754cd2cc32b601ecb70c825f3529e9b51c00b9c240
7	3	bea60c1a2e87513d0c86e2aee5937236d6cd90adb4398405c9fe0f73e11b7d84	bea60c1a2e87513d0c86e2aee5937236d6cd90adb4398405c9fe0f73e11b7d84
7	4	ac2e55bc2be22a8f83d73b42ac38787bfb7117268573d71503a414d2eb4cefb5	ac2e55bc2be22a8f83d73b42ac38787bfb7117268573d71503a414d2eb4cefb5
7	5	7ec92579e05ae0df4b529f4b66fed35090c0ef051a1caf13d24876dc4dba926a	7ec92579e05ae0df4b529f4b66fed35090c0ef051a1caf13d24876dc4dba926a
7	6	3b15622c1d914fd76d97f231d38a99ccc7674ad8f5e8e415965fc546e08572ca	3b15622c1d914fd76d97f231d38a99ccc7674ad8f5e8e415965fc546e08572ca
7	7	68589f91c40fe39374b768a9046d548690c5bb96ec90166d24fa761c50eec3bc	68589f91c40fe39374b768a9046d548690c5bb96ec90166d24fa761c50eec3bc
7	8	065c64a91689b5d1aa7c73e41d39fa69ec2698e7159dd754efdbef2f4cb388f6	065c64a91689b5d1aa7c73e41d39fa69ec2698e7159dd754efdbef2f4cb388f6
7	9	25435193d89187307783b2d6c628905cb96bb43de8bea04e8ac0b45de9ba9c6e	25435193d89187307783b2d6c628905cb96bb43de8bea04e8ac0b45de9ba9c6e
7	10	c3dcf1cc91c65e1dd0baef95cf5ccdfc3ac306197ddb4952f2dbdcabb1637988	c3dcf1cc91c65e1dd0baef95cf5ccdfc3ac306197ddb4952f2dbdcabb1637988
7	11	02221b6876c4fd9709bbd8c308399fd19043ab7f3a2de0e7f45014cf54a18136	02221b6876c4fd9709bbd8c308399fd19043ab7f3a2de0e7f45014cf54a18136
7	12	41ed19b79db35d321cb258b65eb62c4f99e7e4cef96ed86ee374003491d3d25a	41ed19b79db35d321cb258b65eb62c4f99e7e4cef96ed86ee374003491d3d25a
7	13	e44400d2b9fa5f0dd14acf18509c138421676736e0bcc94b85977740be18b275	e44400d2b9fa5f0dd14acf18509c138421676736e0bcc94b85977740be18b275
7	14	7306c33d18a322a73094f691a45e7a13df3f60b03767013c1fb3bb8eb917c70a	7306c33d18a322a73094f691a45e7a13df3f60b03767013c1fb3bb8eb917c70a
7	15	5d1d9573e172e4d1f4d7ab1cc6fe27c07a7eac975dccd1b245868c9c2d63a1cd	5d1d9573e172e4d1f4d7ab1cc6fe27c07a7eac975dccd1b245868c9c2d63a1cd
7	16	889b6e69b6cb97806039bd1d87a1075f3be431b84801b06c1b0725ab9b941bfe	889b6e69b6cb97806039bd1d87a1075f3be431b84801b06c1b0725ab9b941bfe
7	17	29ae6a01f84b93d845fdd73e6717d4b463574e83dae7365d5664ec41c5c2a799	29ae6a01f84b93d845fdd73e6717d4b463574e83dae7365d5664ec41c5c2a799
7	18	e9ca52dae0257243c340a608d92f8659914f16c41d831784c746bb45066d484e	e9ca52dae0257243c340a608d92f8659914f16c41d831784c746bb45066d484e
7	19	f3cad5aef96c20097c43665a772c288222d4aadd83a9ab02ad964d25de29fcc9	f3cad5aef96c20097c43665a772c288222d4aadd83a9ab02ad964d25de29fcc9
7	20	d4a826a8e9bf402b247c9861f5c83168582e4586cc4c531221e6c58297bc7807	d4a826a8e9bf402b247c9861f5c83168582e4586cc4c531221e6c58297bc7807
7	21	1da66580ef6f626d0c3168f2a81f0bf80c43c2f2051a5a80db03a41fe7b1f031	1da66580ef6f626d0c3168f2a81f0bf80c43c2f2051a5a80db03a41fe7b1f031
7	22	58d20d09fa886561faee6f8d8407ef6455214c21f1a83216a78aaf50cbf34b06	58d20d09fa886561faee6f8d8407ef6455214c21f1a83216a78aaf50cbf34b06
7	23	a83e425122af9c8e5ba2d1f1b37ee1bf33581f7dd3e6b27fe557a2cd372d2fd7	a83e425122af9c8e5ba2d1f1b37ee1bf33581f7dd3e6b27fe557a2cd372d2fd7
7	24	eb3c039faa5e9fb2bc05edb8f6f29e14be46fdceaac1459ea9ab367c9166f94f	eb3c039faa5e9fb2bc05edb8f6f29e14be46fdceaac1459ea9ab367c9166f94f
7	25	f4aa061707169a474d2887df3ef9d477e29f567600a175b67425ff927f6e304e	f4aa061707169a474d2887df3ef9d477e29f567600a175b67425ff927f6e304e
7	26	b24749205d45c1e6478092625df02a21cdb05b4b075bea9c7d634288900f4482	b24749205d45c1e6478092625df02a21cdb05b4b075bea9c7d634288900f4482
7	27	c8b635c7b36a0d9d2d4b68a5a03a11999d05974d99add79817540fd02646f90d	c8b635c7b36a0d9d2d4b68a5a03a11999d05974d99add79817540fd02646f90d
7	28	65f4bfee79378cbdf1db7ba486448d7ae3d57882cefd8c68f97e47b5850e8c23	65f4bfee79378cbdf1db7ba486448d7ae3d57882cefd8c68f97e47b5850e8c23
8	0	75d5cba4506e89a84895bc6e5e40a18535246e1daa63f0b83d2c688723bc7346	75d5cba4506e89a84895bc6e5e40a18535246e1daa63f0b83d2c688723bc7346
8	1	643af31693373266ffc2b86c21c221f6594194597d3b712f8e47873abe65bf18	643af31693373266ffc2b86c21c221f6594194597d3b712f8e47873abe65bf18
8	2	39b94c7e34af4a6e80cc39c6e56a7cd29d4db978da82f8aca9f1369508d08b28	39b94c7e34af4a6e80cc39c6e56a7cd29d4db978da82f8aca9f1369508d08b28
8	3	ebcad6619a8fb3e065231126779dd857d53e8c3fb5abbced904581bf3eb3e678	ebcad6619a8fb3e065231126779dd857d53e8c3fb5abbced904581bf3eb3e678
8	4	84ea27de2e6a9252270219f1560b3f26d0bf06a4edbf86456f9fdcc89d782056	84ea27de2e6a9252270219f1560b3f26d0bf06a4edbf86456f9fdcc89d782056
8	5	cd1e5e8a4dc738b3a2be128997eb4b5938a30c92cae7cff821fca54cbd328300	cd1e5e8a4dc738b3a2be128997eb4b5938a30c92cae7cff821fca54cbd328300
8	6	c6fe79219c33a42357709f6b94de83fa606d4ad49f043d3c51887c62ec0d5d0f	c6fe79219c33a42357709f6b94de83fa606d4ad49f043d3c51887c62ec0d5d0f
8	7	8a26d3f3c846e5bf456079d983ae03a51f6b8af9b05548fc869c3ba3221e22c5	8a26d3f3c846e5bf456079d983ae03a51f6b8af9b05548fc869c3ba3221e22c5
8	8	ad60f27b2eff235e13bccd4a9c3d5a5397c3cde16161af3621bcba3dbd211e08	ad60f27b2eff235e13bccd4a9c3d5a5397c3cde16161af3621bcba3dbd211e08
8	9	c840078e7895ed7ea343efc768a6b31df729a1fefb7054614dff21212f6cc694	c840078e7895ed7ea343efc768a6b31df729a1fefb7054614dff21212f6cc694
8	10	fa04b87579ef655cc57fd144cc35ef786e64a1c310204e1b37bc6f4f3923c400	fa04b87579ef655cc57fd144cc35ef786e64a1c310204e1b37bc6f4f3923c400
8	11	a3d57bf2192a06f54b2b7c80bec250422b2b7dad45a7df08d0aa34e056c7dac2	a3d57bf2192a06f54b2b7c80bec250422b2b7dad45a7df08d0aa34e056c7dac2
8	12	b6a8301c2b7f86704bbcedde7087e6603738ddb0a5c20e629b3211a8dcd2aa43	b6a8301c2b7f86704bbcedde7087e6603738ddb0a5c20e629b3211a8dcd2aa43
8	13	fa89d9512757ce33c91bf2d776dca12ac8769812a9405595220abd2ac865f062	fa89d9512757ce33c91bf2d776dca12ac8769812a9405595220abd2ac865f062
8	14	633bb73ff29c9be53cb19645a112246e755f016837d1a8c535f332788f45fa50	633bb73ff29c9be53cb19645a112246e755f016837d1a8c535f332788f45fa50
8	15	43a500820b27861c1efc7bb6e4f0e9478bee1b71558900f0e74058fe79c6a313	43a500820b27861c1efc7bb6e4f0e9478bee1b71558900f0e74058fe79c6a313
8	16	90126402dec7ac56108666041a149c440f930ff28b2a399bbfb7d59a993244f7	90126402dec7ac56108666041a149c440f930ff28b2a399bbfb7d59a993244f7
8	17	5e5992b710dbd3c4fd971263c5527e674a7f48d7e99d6667ff6220b5b1b732df	5e5992b710dbd3c4fd971263c5527e674a7f48d7e99d6667ff6220b5b1b732df
8	18	0a30a96bc5fb5f26d88cd00d801d2ee983e43a74a09882f889ca61563ca9b4e9	0a30a96bc5fb5f26d88cd00d801d2ee983e43a74a09882f889ca61563ca9b4e9
8	19	8ae85adae2bca3d75a61fb918b8814cce8bfa00b50eeaf8a987d2ddb87fbf48a	8ae85adae2bca3d75a61fb918b8814cce8bfa00b50eeaf8a987d2ddb87fbf48a
8	20	15de28fa5b4956684e18e865e17cf7c7b0ecef2a9c1e96266465bf0563c2b369	15de28fa5b4956684e18e865e17cf7c7b0ecef2a9c1e96266465bf0563c2b369
8	21	6e01fc89c287c02b23661f05675ce33ff399330e62acef0e17c60a2713b666d7	6e01fc89c287c02b23661f05675ce33ff399330e62acef0e17c60a2713b666d7
8	22	b75ed886b4c346a9be62bd12484fcbda32d4f04b7749db2574212abdbd01d93b	b75ed886b4c346a9be62bd12484fcbda32d4f04b7749db2574212abdbd01d93b
8	23	906a072e0f0dca7b1ec8853b22072dafb9af1597e23dc48b87c88faabbacb718	906a072e0f0dca7b1ec8853b22072dafb9af1597e23dc48b87c88faabbacb718
8	24	1a6271bb240fc5bfaf3f235f55ed3aae7fcce46643fcb2a6eaf93b18803e3723	1a6271bb240fc5bfaf3f235f55ed3aae7fcce46643fcb2a6eaf93b18803e3723
8	25	5cf681ddae2baec63565bd14c6361c52478b55bc0d489df6248a38baf1db7084	5cf681ddae2baec63565bd14c6361c52478b55bc0d489df6248a38baf1db7084
8	26	e3bfd3c26b0659e5644f82156041d3b135bf1da2976d6ed35bb05e641ce1daa0	e3bfd3c26b0659e5644f82156041d3b135bf1da2976d6ed35bb05e641ce1daa0
8	27	b48c8abf638aafee579856cd95132d9fdad6ec9de42818535790b44c23947708	b48c8abf638aafee579856cd95132d9fdad6ec9de42818535790b44c23947708
8	28	1e1a224765a636756cb47557bf2763c5321390366797232794cfa3777bcee8fb	1e1a224765a636756cb47557bf2763c5321390366797232794cfa3777bcee8fb
8	29	3cc36ed215bb2a70c04bb42ec546c49f3073485429f2dca053b2b22d423d1323	3cc36ed215bb2a70c04bb42ec546c49f3073485429f2dca053b2b22d423d1323
8	30	b4277881c93159247cb32f52a24ca5e86d3394ff6709c27df75d4aae9d51d68e	b4277881c93159247cb32f52a24ca5e86d3394ff6709c27df75d4aae9d51d68e
8	31	75d9d0170b5dd57e59725947554c3f00ec7766e1620ba3644d4489e4b5a58213	75d9d0170b5dd57e59725947554c3f00ec7766e1620ba3644d4489e4b5a58213
8	32	3bddada94562c70d4b02e292dbd3e2d2fc9eb4bbe2a034a2ddcd0c2238a41b90	3bddada94562c70d4b02e292dbd3e2d2fc9eb4bbe2a034a2ddcd0c2238a41b90
8	33	12ebf6f2582de20e2dce93627382a913f5853bddd01c011d7960931a7ca60324	12ebf6f2582de20e2dce93627382a913f5853bddd01c011d7960931a7ca60324
8	34	6389a66c207f524baf58a53b45e16e2ae40b25594fb4f69ecad07868e01e71b3	6389a66c207f524baf58a53b45e16e2ae40b25594fb4f69ecad07868e01e71b3
8	35	c961e4cdb5c1b341f5509270eae31f1cafad4b38d59e083ddea28fb3dbdd38b1	c961e4cdb5c1b341f5509270eae31f1cafad4b38d59e083ddea28fb3dbdd38b1
8	36	6897fd0a78bc2ca94f6f02a89f687c948d8e21fcd729182272c47d624062bae3	6897fd0a78bc2ca94f6f02a89f687c948d8e21fcd729182272c47d624062bae3
8	37	e83a5b559d0efc72cb538a9d23f75b909c20fbaf39975cbc64120bbd8c0ca459	e83a5b559d0efc72cb538a9d23f75b909c20fbaf39975cbc64120bbd8c0ca459
8	38	650644a83c5f8b8a91362aa7b58dfc088789b6cb2874c0b50dc74b50a8787d47	650644a83c5f8b8a91362aa7b58dfc088789b6cb2874c0b50dc74b50a8787d47
8	39	b91b6c5659b870a0d9b63defaf104c2c9c9010f143bd7005f9af37c1916dff69	b91b6c5659b870a0d9b63defaf104c2c9c9010f143bd7005f9af37c1916dff69
8	40	696e9e20c26e23b412b461479f6e6373f154e63111d91d92a8705e606a1b6fb5	696e9e20c26e23b412b461479f6e6373f154e63111d91d92a8705e606a1b6fb5
8	41	f2c95fc65fe4db5c5f259d88ce453f9a2d151ea22b4036199d18e7d0dcee46ba	f2c95fc65fe4db5c5f259d88ce453f9a2d151ea22b4036199d18e7d0dcee46ba
8	42	1cbb322b0a503849272e343976d80f5d40ab041dc32bbe3128e91050f89da9a4	1cbb322b0a503849272e343976d80f5d40ab041dc32bbe3128e91050f89da9a4
8	43	422f992616abc78036bad9a1b82c4db8a65742ffb59d661d5d13579b83862fd2	422f992616abc78036bad9a1b82c4db8a65742ffb59d661d5d13579b83862fd2
8	44	96e4e70c3d52cb7acbbe2827c063eac8d90e4e1bc6ad33a4e467ac07cf5d0199	96e4e70c3d52cb7acbbe2827c063eac8d90e4e1bc6ad33a4e467ac07cf5d0199
8	45	46fb54dc55b09e98076949d630a2c142f6eb1307476ff74d629e471d0e9b0a9e	46fb54dc55b09e98076949d630a2c142f6eb1307476ff74d629e471d0e9b0a9e
8	46	056e53bbffb6a053206ba6ffc0a37a5a7bf253d12c93acb52bd1dd64779277c0	056e53bbffb6a053206ba6ffc0a37a5a7bf253d12c93acb52bd1dd64779277c0
8	47	714d2d940e68a044045dcd45f5cbf1757a19c4bb5f29ebcab181a928530c4c06	714d2d940e68a044045dcd45f5cbf1757a19c4bb5f29ebcab181a928530c4c06
8	48	0486f7c48022feb9972b973106ca440c5ba2e675ed7a3376e99b05dd0968bae3	0486f7c48022feb9972b973106ca440c5ba2e675ed7a3376e99b05dd0968bae3
8	49	ab2fd4710d5744983f9d2aae962e67fe2d9f651bc42ad8cda75700a8f6142598	ab2fd4710d5744983f9d2aae962e67fe2d9f651bc42ad8cda75700a8f6142598
9	0	f5144bda1369b271740425c9e4ae57ab4f72ca3ab1a879987605dd25bacac7a9	f5144bda1369b271740425c9e4ae57ab4f72ca3ab1a879987605dd25bacac7a9
9	1	9d0a62a0618b6e7edda14e9c7116fae98126552a82802b8e6a8b927b7b8ab16e	9d0a62a0618b6e7edda14e9c7116fae98126552a82802b8e6a8b927b7b8ab16e
9	2	477368b41ce8d23474c3465020c8a5f3a0e1cb054a2e92b3d9136bb8ad496e6a	477368b41ce8d23474c3465020c8a5f3a0e1cb054a2e92b3d9136bb8ad496e6a
9	3	abd4a4b6b099768a86db12c885333818f4906271d7d21b3d61f688a9cb1a9518	abd4a4b6b099768a86db12c885333818f4906271d7d21b3d61f688a9cb1a9518
9	4	b0beafd19229309e5bb8ff6b642a675453a6085f7738bba2e2fa0a9f818d0be5	b0beafd19229309e5bb8ff6b642a675453a6085f7738bba2e2fa0a9f818d0be5
9	5	6bd9524149f0010beba15b21a37f1ceca00d8d7ca4c2a5533da31a3d70b24a74	6bd9524149f0010beba15b21a37f1ceca00d8d7ca4c2a5533da31a3d70b24a74
9	6	acd27ca4c9aa8004686428f5be8325f1b9d9dbcce69d3d3f14d546582fe1dcc5	acd27ca4c9aa8004686428f5be8325f1b9d9dbcce69d3d3f14d546582fe1dcc5
9	7	57bdb6d5427dc545fc98bb0d2d8521c141e44a8d291a095570b4cd15f7c8f773	57bdb6d5427dc545fc98bb0d2d8521c141e44a8d291a095570b4cd15f7c8f773
9	8	90e13f0e0db5ae0781bb8fc6b28a5f5c40b05fea773485b8e84cdf4bbf9a0c8a	90e13f0e0db5ae0781bb8fc6b28a5f5c40b05fea773485b8e84cdf4bbf9a0c8a
9	9	c77ab8c4924b126f48e031730ae28946a7c27b521a3218e6846a8fc2f9f72d6b	c77ab8c4924b126f48e031730ae28946a7c27b521a3218e6846a8fc2f9f72d6b
9	10	0bba55b674a0f68b1f0d7823bfee4355685542429179f95cdb80fe1b1224b52e	0bba55b674a0f68b1f0d7823bfee4355685542429179f95cdb80fe1b1224b52e
9	11	7baac9104ac7d91aab44d08dc681c4133b8a564c08d0fe5e84078599a1348677	7baac9104ac7d91aab44d08dc681c4133b8a564c08d0fe5e84078599a1348677
9	12	ac29769806dfdd963f6dd9715b398c5e64c8341d9f90b1c8d346fd665dc6ac36	ac29769806dfdd963f6dd9715b398c5e64c8341d9f90b1c8d346fd665dc6ac36
9	13	354b0ba8514981896d777b3b0d31e20952ac0f3f11d4f9f8b6ec6e3dd2afb975	354b0ba8514981896d777b3b0d31e20952ac0f3f11d4f9f8b6ec6e3dd2afb975
9	14	f4bd0cd14abd46124f29a5b4d4c68dc38de27673ed4fc5b2f5466e64475d91eb	f4bd0cd14abd46124f29a5b4d4c68dc38de27673ed4fc5b2f5466e64475d91eb
9	15	aef492bedcf1824c9a08d80b981b595a1b8f48a252c6230de0429c3918985f7a	aef492bedcf1824c9a08d80b981b595a1b8f48a252c6230de0429c3918985f7a
9	16	f4d1fecd4eddf7a44776d3264a271487e5d73e454756273c15a514b78c79217c	f4d1fecd4eddf7a44776d3264a271487e5d73e454756273c15a514b78c79217c
9	17	da117556947868070253e49605fcf0ce608190ec7136e401eaae59dfd17ebcc6	da117556947868070253e49605fcf0ce608190ec7136e401eaae59dfd17ebcc6
9	18	5beba4d308bdbe5c7484deb76a0ddeecf883d455d94a5e6c06c800723aab53d5	5beba4d308bdbe5c7484deb76a0ddeecf883d455d94a5e6c06c800723aab53d5
9	19	90cfcd1281725b272eabb58d3ddfa9aacc84e1af593244bd81e5619b699ca6d4	90cfcd1281725b272eabb58d3ddfa9aacc84e1af593244bd81e5619b699ca6d4
9	20	d38a6a7ad05e4c1b7fea2566638d6f3a6c1c6ac9fa301dfbbf0d0d54357a104e	d38a6a7ad05e4c1b7fea2566638d6f3a6c1c6ac9fa301dfbbf0d0d54357a104e
9	21	41e3946278a9e39af2b3ffb990c232131844368a3f51bd993fbdd0ffb2d2a680	41e3946278a9e39af2b3ffb990c232131844368a3f51bd993fbdd0ffb2d2a680
9	22	842c9c057f48cb89a703460ef5e5f2f60bfa714b90c53ac8b088702668c0970f	842c9c057f48cb89a703460ef5e5f2f60bfa714b90c53ac8b088702668c0970f
9	23	3bf2b4d40908ab5598d7ffae0f51ce3ef9cbf2a0940ce273ad8d00437d70d6a5	3bf2b4d40908ab5598d7ffae0f51ce3ef9cbf2a0940ce273ad8d00437d70d6a5
9	24	0c70afe7bc4e57480ba2f41b7c13ffcaeab9c71fb61ac49d4aacb6384b9853c6	0c70afe7bc4e57480ba2f41b7c13ffcaeab9c71fb61ac49d4aacb6384b9853c6
9	25	118d2d2eb30084a2bea6208041204ccc5e73a028a5ea654265ddb68ecb565fce	118d2d2eb30084a2bea6208041204ccc5e73a028a5ea654265ddb68ecb565fce
9	26	cbab231af325e1652fe37d53f280e6ac55452f09ec5adc2fdcb147d68009f3a3	cbab231af325e1652fe37d53f280e6ac55452f09ec5adc2fdcb147d68009f3a3
9	27	e623db45eb31f0478686e7c8b7724c46d7cef15135a56a9c2d69363460abaa80	e623db45eb31f0478686e7c8b7724c46d7cef15135a56a9c2d69363460abaa80
9	28	1aa92d7090032991577f290c8f0ca6d7c61dd58719f34752b4bfe3d83360174f	1aa92d7090032991577f290c8f0ca6d7c61dd58719f34752b4bfe3d83360174f
9	29	032a243400016c0da8aa58aac6939459cb2fad5acfa5ae14a5f1d8a26dfe5645	032a243400016c0da8aa58aac6939459cb2fad5acfa5ae14a5f1d8a26dfe5645
9	30	264f3dd9e5f57c5951fb6250744f235628a86fbbbaf117c5d6f8eec15cbb0796	264f3dd9e5f57c5951fb6250744f235628a86fbbbaf117c5d6f8eec15cbb0796
9	31	eebdb032ed925528905caf6f756220622ae4de30d48bc6e1ea8484caeb056cf2	eebdb032ed925528905caf6f756220622ae4de30d48bc6e1ea8484caeb056cf2
9	32	970baaf1ed4d2bfef79d7577ea51fdf7c3d1858b0c8d0adac106911859a3902f	970baaf1ed4d2bfef79d7577ea51fdf7c3d1858b0c8d0adac106911859a3902f
9	33	6313690748f3026d45098d60116a72f03831d64eaf08f38052b24ba1a20c7e57	6313690748f3026d45098d60116a72f03831d64eaf08f38052b24ba1a20c7e57
9	34	16cf87019df4e97e93aec6cb24543f9a362cf4d99b7cb0f9e06c2f2b00543123	16cf87019df4e97e93aec6cb24543f9a362cf4d99b7cb0f9e06c2f2b00543123
9	35	114877d5bcabe7f1f2fade88db07c5922000bde790bb316ed61badbd5caa49a1	114877d5bcabe7f1f2fade88db07c5922000bde790bb316ed61badbd5caa49a1
9	36	8062324570a4ddc2f24cf2b74e01c7ba534dc5603e557da2445338d7af7fec6c	8062324570a4ddc2f24cf2b74e01c7ba534dc5603e557da2445338d7af7fec6c
9	37	cfcee1e56b8ef4623ad7d73ade85f33c5c280ef135557fac90f303d653135d80	cfcee1e56b8ef4623ad7d73ade85f33c5c280ef135557fac90f303d653135d80
9	38	bd274ee36f1329f71af6918e48b9e3e9df033a2008a9be04a35aa09227ba21d9	bd274ee36f1329f71af6918e48b9e3e9df033a2008a9be04a35aa09227ba21d9
9	39	0c1eef55a85a897751f61180e70d0f31c720b40ea4df55a92b4d4d65c116e413	0c1eef55a85a897751f61180e70d0f31c720b40ea4df55a92b4d4d65c116e413
9	40	bb01fa9058bbe7a3950a3e7300b283227d2d6997133efa9e64f4b110fa73882f	bb01fa9058bbe7a3950a3e7300b283227d2d6997133efa9e64f4b110fa73882f
9	41	524ae9223e648addedabbff36c2210f82377e08a5d9207ce438edfa0c860200f	524ae9223e648addedabbff36c2210f82377e08a5d9207ce438edfa0c860200f
9	42	5df95244fa7cd7986b3806a8a04cf37d1452338ef8cd152a901ded55e6ee1778	5df95244fa7cd7986b3806a8a04cf37d1452338ef8cd152a901ded55e6ee1778
9	43	6d84253f5f4d6e79bcfa9b1ea6d79257de96e116c68842b978bec016058f2bd5	6d84253f5f4d6e79bcfa9b1ea6d79257de96e116c68842b978bec016058f2bd5
10	0	da01f54085674300b023d4dd8177cb34b9ba5a4b6910a714a08070de553dea98	da01f54085674300b023d4dd8177cb34b9ba5a4b6910a714a08070de553dea98
10	1	a86bac6e1a0feebc85044651b2c8c9fff461ee5f8597c8aeda0ea8bdd332263e	a86bac6e1a0feebc85044651b2c8c9fff461ee5f8597c8aeda0ea8bdd332263e
10	2	f57da8653b67566da3ed62009f49c8840e4a0f511c7b9f486122ccbd3924763e	f57da8653b67566da3ed62009f49c8840e4a0f511c7b9f486122ccbd3924763e
10	3	af71f27c213b4f91e7d5a2b5a2650210a5ed79b770192fb542349a85148cfef4	af71f27c213b4f91e7d5a2b5a2650210a5ed79b770192fb542349a85148cfef4
10	4	c584597c34589c81fa1861c146b7c7459750005cf86e80bcdec8b178f0e689bb	c584597c34589c81fa1861c146b7c7459750005cf86e80bcdec8b178f0e689bb
10	5	ccc932f2f8dca0f4a27b7a3142a14ad9bf11f19e849708b8ea93d01f3831c5d3	ccc932f2f8dca0f4a27b7a3142a14ad9bf11f19e849708b8ea93d01f3831c5d3
10	6	2086f573f0c9561c98ba01b402d19065afa2ac129c170fc804ae0a1e4bf849ac	2086f573f0c9561c98ba01b402d19065afa2ac129c170fc804ae0a1e4bf849ac
10	7	1a8dc96a4c6770a0eb33267807ae36b0e77cda65356c6c6b671a687b740a4266	1a8dc96a4c6770a0eb33267807ae36b0e77cda65356c6c6b671a687b740a4266
10	8	cb4bcece3c194f56464d90f6fe884d4104eb318f9d9c34925e74bf12f40f8f2b	cb4bcece3c194f56464d90f6fe884d4104eb318f9d9c34925e74bf12f40f8f2b
10	9	6591fa7dd57af62ce1ce942b507dbde369e1a5ef8f998a5c47652a9b4e171921	6591fa7dd57af62ce1ce942b507dbde369e1a5ef8f998a5c47652a9b4e171921
10	10	e8b8ca876e7844c643743d83cec292862624b5bb344eca664445f52fa8b012bb	e8b8ca876e7844c643743d83cec292862624b5bb344eca664445f52fa8b012bb
10	11	284daa1e6cfb4cb25d82c544f9a35e4212fbfd19ffab3e02b53dc00443ad6dd5	284daa1e6cfb4cb25d82c544f9a35e4212fbfd19ffab3e02b53dc00443ad6dd5
10	12	7eef10c6ce5c111dd91c29c760d8dc9b2470453190374dbb01b3510c04241850	7eef10c6ce5c111dd91c29c760d8dc9b2470453190374dbb01b3510c04241850
10	13	f4f72745b7d61a42dca4a88ad9f075365b6ede9158af3fbbca611afb62375054	f4f72745b7d61a42dca4a88ad9f075365b6ede9158af3fbbca611afb62375054
10	14	3f841d9c4e09f2316599d53900cd77f7ac48ab855b7095dc435d537cc3fb637b	3f841d9c4e09f2316599d53900cd77f7ac48ab855b7095dc435d537cc3fb637b
10	15	4943878e35e0bc9dcab7a5d0b536a657454bcfe8e25b85698e1471ec4866026f	4943878e35e0bc9dcab7a5d0b536a657454bcfe8e25b85698e1471ec4866026f
10	16	81d83af0a0d97687c7020f67fd4593d19c2125a474305c643724a6a0a11f5af9	81d83af0a0d97687c7020f67fd4593d19c2125a474305c643724a6a0a11f5af9
10	17	7879cdf9b5b89d6b50378b3ed10336f7d404cf6f87295cd729b4a16d7d487789	7879cdf9b5b89d6b50378b3ed10336f7d404cf6f87295cd729b4a16d7d487789
10	18	eed36ec944be953aeed32ca4333b7edae42df7a349da221fe6f58e2dad5a8aa2	eed36ec944be953aeed32ca4333b7edae42df7a349da221fe6f58e2dad5a8aa2
10	19	9d32af0e78d5c313041952c2bafa19852895595e11c0f5d744d3de51df11b838	9d32af0e78d5c313041952c2bafa19852895595e11c0f5d744d3de51df11b838
10	20	07953400cb691dba3bd17658fbbbbeb1edadd7a31d49b833ff223e34bd1dcc29	07953400cb691dba3bd17658fbbbbeb1edadd7a31d49b833ff223e34bd1dcc29
10	21	42533f44ab7d6497d2570d7479d0c1115f29b1c440d050e9cd23e176acb10059	42533f44ab7d6497d2570d7479d0c1115f29b1c440d050e9cd23e176acb10059
10	22	f0fe1a3f51fb231bef3d7c88474f40de0ace68af9a7946561d10db0c56e421c3	f0fe1a3f51fb231bef3d7c88474f40de0ace68af9a7946561d10db0c56e421c3
10	23	ef90fa813c4598550c66fbee71b1a66a54707a53e75c93815ca29e84cea5f7d1	ef90fa813c4598550c66fbee71b1a66a54707a53e75c93815ca29e84cea5f7d1
10	24	559ef1ef4ccd0fdfebd888c65eb0e986e5c70ccd68ac851018eea1eabfc1ac45	559ef1ef4ccd0fdfebd888c65eb0e986e5c70ccd68ac851018eea1eabfc1ac45
10	25	2819e035c04b51dbb91fbe72eb8d27c36d2324c1c1fbb7dccd0d1b16475d07d9	2819e035c04b51dbb91fbe72eb8d27c36d2324c1c1fbb7dccd0d1b16475d07d9
10	26	06ca2a1e733e6274710603023bc57302e98c0826e711d03db8055b53b413a0ee	06ca2a1e733e6274710603023bc57302e98c0826e711d03db8055b53b413a0ee
10	27	16abec494bf18cbcc87da7d3b56ef93c558280e7ba58a99572ba40f626990695	16abec494bf18cbcc87da7d3b56ef93c558280e7ba58a99572ba40f626990695
10	28	323b132091e1ae762e36d1f94f451b446b7c64fc425abb979474cbafde0abd5e	323b132091e1ae762e36d1f94f451b446b7c64fc425abb979474cbafde0abd5e
10	29	799cc47a855e48be08d792c6933af01be468755155f0e354797e8ab4cd41647d	799cc47a855e48be08d792c6933af01be468755155f0e354797e8ab4cd41647d
10	30	a1ca47c049520645625e51c340d27852dddfff9385003e99b18cb386174f9e27	a1ca47c049520645625e51c340d27852dddfff9385003e99b18cb386174f9e27
10	31	9e7f3090444a95567ac8eea0d02da78e0f613eef20ccbe9f327787e3a87697d7	9e7f3090444a95567ac8eea0d02da78e0f613eef20ccbe9f327787e3a87697d7
10	32	7d68e6f831f32b88c2a07051a45ccaf8f0fe97923002bb4e7a8e4d9f2015a7de	7d68e6f831f32b88c2a07051a45ccaf8f0fe97923002bb4e7a8e4d9f2015a7de
10	33	94b5333f5140221dd3bc405797099a9f38c41f83f447aafc58d083a66b800e66	94b5333f5140221dd3bc405797099a9f38c41f83f447aafc58d083a66b800e66
10	34	ca592b685967431a62a9df034370c9945a97be8104856050978c83773d538133	ca592b685967431a62a9df034370c9945a97be8104856050978c83773d538133
10	35	b69fad18660abdda1253c8c4a8e2864246a0f49deb54599e6f93a26fbd56b713	b69fad18660abdda1253c8c4a8e2864246a0f49deb54599e6f93a26fbd56b713
10	36	3be0932373cc485d681600fecfb440e3f6ebc1af4d6007e7abdaf601e5bda5ca	3be0932373cc485d681600fecfb440e3f6ebc1af4d6007e7abdaf601e5bda5ca
10	37	411704f3ff7aead3ea17bf42fbc4abee08448a62b6a1d65faeaa36e546e9c071	411704f3ff7aead3ea17bf42fbc4abee08448a62b6a1d65faeaa36e546e9c071
10	38	b2c43e8567edf6584f5b56b56bd2f9c185e50c6756025a19e01bb789bd01b87b	b2c43e8567edf6584f5b56b56bd2f9c185e50c6756025a19e01bb789bd01b87b
10	39	965c6b44140814c2134268d2fd418e26d487959b154ecc604435eaeece97b9ef	965c6b44140814c2134268d2fd418e26d487959b154ecc604435eaeece97b9ef
10	40	92a297fe40dfd10772747ffd0c56111c60b0d4a53c466f6389c221ef1fda46bd	92a297fe40dfd10772747ffd0c56111c60b0d4a53c466f6389c221ef1fda46bd
10	41	cd9056c9d743f6d19f49b22371e8a803ffc3ac2b00f4cfcbceb1de1ba587d28f	cd9056c9d743f6d19f49b22371e8a803ffc3ac2b00f4cfcbceb1de1ba587d28f
10	42	22c8716bf3a892f2de2a0d44d5de026cb718323443b7c3e0b8ef59e8c64812f8	22c8716bf3a892f2de2a0d44d5de026cb718323443b7c3e0b8ef59e8c64812f8
10	43	7deba8d5aa13c5894520be2dd20529580f74e670047b7f98fbba7cfffcbdbedb	7deba8d5aa13c5894520be2dd20529580f74e670047b7f98fbba7cfffcbdbedb
10	44	219e135f83a31a00d61f7f025ba4c9ebbc8d4b902f031f705745bfd1418a25d4	219e135f83a31a00d61f7f025ba4c9ebbc8d4b902f031f705745bfd1418a25d4
10	45	3d62f2ada1dde6c37879c80cb6c110a898f27dd07a3d1cd34a439b3b871e2732	3d62f2ada1dde6c37879c80cb6c110a898f27dd07a3d1cd34a439b3b871e2732
10	46	4491f019cd40ae5aa2cad6f07023cbd9a30c5a71eb480f48930de51083832c6e	4491f019cd40ae5aa2cad6f07023cbd9a30c5a71eb480f48930de51083832c6e
10	47	78936540007cf2ef0d0958412475e7b10c6ac90d2a62de3916f93fc04d3d67a3	78936540007cf2ef0d0958412475e7b10c6ac90d2a62de3916f93fc04d3d67a3
10	48	86abda98ef8fde7ed55acb3a8feb412bcaff02c5e8fa3c55272776fe28250d2d	86abda98ef8fde7ed55acb3a8feb412bcaff02c5e8fa3c55272776fe28250d2d
11	0	aaf37631adad6a205c6f37143a2d562257f8e9317b9d3eb22eb80f8c044d3503	aaf37631adad6a205c6f37143a2d562257f8e9317b9d3eb22eb80f8c044d3503
11	1	bf0328f558aef22ad4054eb672bbb6a309e89411af2f72471b353f08f70af8e8	bf0328f558aef22ad4054eb672bbb6a309e89411af2f72471b353f08f70af8e8
11	2	a73f01e687cc699bc7d72684296cd99590e5cce917f91c851b62908f528374d0	a73f01e687cc699bc7d72684296cd99590e5cce917f91c851b62908f528374d0
11	3	b7a4d70cc4f734ae849e31838cb0e0863e3cb0f35f684947adb1f6bb016320c1	b7a4d70cc4f734ae849e31838cb0e0863e3cb0f35f684947adb1f6bb016320c1
11	4	5e6827970c038c35154df9255636f3a687e85385dcfb10ae3965646da5dfaca9	5e6827970c038c35154df9255636f3a687e85385dcfb10ae3965646da5dfaca9
11	5	5ca320513ea763d567b00e90ef635a97f1fc3672b249e4e109f9c16ba51bbee6	5ca320513ea763d567b00e90ef635a97f1fc3672b249e4e109f9c16ba51bbee6
11	6	d4ddd1260649f394e1f65e300ae6f512b93f47c8be693479daa3a8db0f00b94f	d4ddd1260649f394e1f65e300ae6f512b93f47c8be693479daa3a8db0f00b94f
11	7	c7a0f65ebf5b1c3ee4a97c6c653efe1a61b723494be69500c128b34c29d0ef37	c7a0f65ebf5b1c3ee4a97c6c653efe1a61b723494be69500c128b34c29d0ef37
11	8	828afa903e147cf7450e33cf91d3920453ef935535b16eee2b42e88591460118	828afa903e147cf7450e33cf91d3920453ef935535b16eee2b42e88591460118
11	9	c1a5334796224a691ca0eba0d2faa5e5c50065afabe3b5cfd870cdd29e20670a	c1a5334796224a691ca0eba0d2faa5e5c50065afabe3b5cfd870cdd29e20670a
11	10	86a11ffc2180c815c10d0ab80b79b61412a1df87d22afd9f49f9c511750c77a1	86a11ffc2180c815c10d0ab80b79b61412a1df87d22afd9f49f9c511750c77a1
11	11	bfc60668e2a27649208cc6c6c65c5be6a90dfc55e5fdb7d9b87969d2de1cca8c	bfc60668e2a27649208cc6c6c65c5be6a90dfc55e5fdb7d9b87969d2de1cca8c
11	12	926498e4a0a145015e3450515a53666b916698e8aedb33ba0caa7012f131901b	926498e4a0a145015e3450515a53666b916698e8aedb33ba0caa7012f131901b
11	13	9a9b4e91046949e006a378544d5f99bf9d2cdba421e9e4fca803bbfc611d52bd	9a9b4e91046949e006a378544d5f99bf9d2cdba421e9e4fca803bbfc611d52bd
11	14	44d4da329e214e11d64e2303434f52cb6a9d61a07c32ecf7d9f98dfa56bd8069	44d4da329e214e11d64e2303434f52cb6a9d61a07c32ecf7d9f98dfa56bd8069
11	15	3c046368147434db28ff4dd9bc90144837bc3a7a73bf4186c7a8093869311292	3c046368147434db28ff4dd9bc90144837bc3a7a73bf4186c7a8093869311292
11	16	368b00da98b3534e39846263c7f10017689bc564ce2519089bc80574219f0895	368b00da98b3534e39846263c7f10017689bc564ce2519089bc80574219f0895
11	17	0dddc5077aae6238d7e64dc61b32900695a7f77ad3e18a5d6cb24043859dcbf6	0dddc5077aae6238d7e64dc61b32900695a7f77ad3e18a5d6cb24043859dcbf6
11	18	fba4156a897a645c61825915c8ac635544c0be2d8a92dfdc8ba9c5ea52838319	fba4156a897a645c61825915c8ac635544c0be2d8a92dfdc8ba9c5ea52838319
11	19	abe973101e56fe985da97901a25724c74c4628805ea387d85bca80ce9393555f	abe973101e56fe985da97901a25724c74c4628805ea387d85bca80ce9393555f
11	20	59880fad5b8ef815c672725a849003d35845e705a6e2bb5260b2a24b407c96fb	59880fad5b8ef815c672725a849003d35845e705a6e2bb5260b2a24b407c96fb
11	21	c240df7690be148d0e710e87f5041810ef9ca35db4349fe5f1825aea8a2d5c68	c240df7690be148d0e710e87f5041810ef9ca35db4349fe5f1825aea8a2d5c68
11	22	ae1dda31a597baaebd495bfbdd72d18c63e23c8eb61bf68dd54ee1e558fdf10f	ae1dda31a597baaebd495bfbdd72d18c63e23c8eb61bf68dd54ee1e558fdf10f
11	23	18175b28d9fc642d50d0a6183a82a36af330f9d457360732f109ff06a794a251	18175b28d9fc642d50d0a6183a82a36af330f9d457360732f109ff06a794a251
11	24	6c546b7699eba2bb550ad01ae00df3c9c4fd2d7fd6c93c36261b8cc305dcf7ab	6c546b7699eba2bb550ad01ae00df3c9c4fd2d7fd6c93c36261b8cc305dcf7ab
11	25	b9c10a1d04a2f4ee6c2a8262c59473eca1593ac22d5e6b628deffb675e6fc6d2	b9c10a1d04a2f4ee6c2a8262c59473eca1593ac22d5e6b628deffb675e6fc6d2
11	26	cabcb9c8d48f7360cc4bfaf536f7d5c826bdca4d3383680bb517920517d0c70d	cabcb9c8d48f7360cc4bfaf536f7d5c826bdca4d3383680bb517920517d0c70d
11	27	31b5574b0655d9d766b30c288dbf1304319ef44ad87497a9f3cc26b8b21f1069	31b5574b0655d9d766b30c288dbf1304319ef44ad87497a9f3cc26b8b21f1069
11	28	ba7a971c569b31878dbc1c633468739cb8ed669cfd5fb24053632fc2556b5f5d	ba7a971c569b31878dbc1c633468739cb8ed669cfd5fb24053632fc2556b5f5d
11	29	d83c4a22b7d6e583659ac10421c5e380e9f19e25b2b1b7f8c424d6099e33eafb	d83c4a22b7d6e583659ac10421c5e380e9f19e25b2b1b7f8c424d6099e33eafb
11	30	535b189f3553f16584540eb8c94adaf91669a0f08d06019a975a9d3f1c9d82bf	535b189f3553f16584540eb8c94adaf91669a0f08d06019a975a9d3f1c9d82bf
11	31	401ee7a3a36f5bdd2ad835cf113c61d36588ba0302db1d888e90142cd038c13f	401ee7a3a36f5bdd2ad835cf113c61d36588ba0302db1d888e90142cd038c13f
11	32	4faae91a1fb684720dfc9145793562399b37438466ef3ea52629906269f8f8ef	4faae91a1fb684720dfc9145793562399b37438466ef3ea52629906269f8f8ef
11	33	f829616c471ba42c96a57356e0da8af69074ef332152d02ad3e83b57d92143c4	f829616c471ba42c96a57356e0da8af69074ef332152d02ad3e83b57d92143c4
11	34	01ac4d9f8265b428109c489155d972da6e06c8bce2e305dce5947ffca9c4064f	01ac4d9f8265b428109c489155d972da6e06c8bce2e305dce5947ffca9c4064f
11	35	645c9b9d1bd62cd8d19f8c1aa8aa267dbf876c40394b9c6c18283d84bd7bcfd9	645c9b9d1bd62cd8d19f8c1aa8aa267dbf876c40394b9c6c18283d84bd7bcfd9
11	36	f10241350396aed38d407475e3ec24087199c4742babfb610b19079ceff47c31	f10241350396aed38d407475e3ec24087199c4742babfb610b19079ceff47c31
11	37	eef50073597c82d5aa52fd028f3571df91d2eae8ccffd750c4c42db6ac354028	eef50073597c82d5aa52fd028f3571df91d2eae8ccffd750c4c42db6ac354028
11	38	2d6a7d693800904fb571a3c73081c73eeb8944e186c451af961a0412b5cba236	2d6a7d693800904fb571a3c73081c73eeb8944e186c451af961a0412b5cba236
11	39	556df55620854da1b8cf62380068485dbf4f0b9ad1dcabb90ded4e4e09730809	556df55620854da1b8cf62380068485dbf4f0b9ad1dcabb90ded4e4e09730809
11	40	ddd13a52d91a9ed712200aa1d9aceae953e6331091635742cd21f56d73f10f95	ddd13a52d91a9ed712200aa1d9aceae953e6331091635742cd21f56d73f10f95
11	41	ea6082d787f87fd03369836bb98e3bae7198932d17c2655c33fda1e7078b040d	ea6082d787f87fd03369836bb98e3bae7198932d17c2655c33fda1e7078b040d
11	42	62b5cdb152de840472dd1159999d20c28a202bdc566ecfe605f18898597947ec	62b5cdb152de840472dd1159999d20c28a202bdc566ecfe605f18898597947ec
11	43	e1af8b6755262b7303155545d9012420b5e1dd9ca9b4526e92b44057365217a4	e1af8b6755262b7303155545d9012420b5e1dd9ca9b4526e92b44057365217a4
11	44	927e638a8d3a25d2138e6e8265fecf264263a70ce11880dfa629425c6b9e88e6	927e638a8d3a25d2138e6e8265fecf264263a70ce11880dfa629425c6b9e88e6
11	45	2def7c6cce389d57ac5b723f30f56b1211faddbde25b9d09a845a092d2feb096	2def7c6cce389d57ac5b723f30f56b1211faddbde25b9d09a845a092d2feb096
11	46	0500da221f67997939e6030c0766523ea17f5db934ab7b3ebd8ed00b5942ba88	0500da221f67997939e6030c0766523ea17f5db934ab7b3ebd8ed00b5942ba88
11	47	2d0169c08045e866d9da8c109585d1fb3b3359d567a308805b534e57b351c4bf	2d0169c08045e866d9da8c109585d1fb3b3359d567a308805b534e57b351c4bf
11	48	e27745c40192ee89debea52264568707704a98d4eaf41039b921069b70ec86d9	e27745c40192ee89debea52264568707704a98d4eaf41039b921069b70ec86d9
11	49	19a2f4b9ce5f834228f75c281a5f5c2be0006766ead0156fe168a01818c7e83b	19a2f4b9ce5f834228f75c281a5f5c2be0006766ead0156fe168a01818c7e83b
11	50	ffcc986d7956c064cbc62199665d020795b6438a5c89b1b8c34932fd53ac8b0f	ffcc986d7956c064cbc62199665d020795b6438a5c89b1b8c34932fd53ac8b0f
11	51	a0205a4dd3c6edebaf8d35d33df996ff08c0fc22597d6b366490603eafed6a96	a0205a4dd3c6edebaf8d35d33df996ff08c0fc22597d6b366490603eafed6a96
11	52	6d4bb16c4de5eca3840344891ae7cf483464ad2a3bc6c2f20bfc7d879ac4be4e	6d4bb16c4de5eca3840344891ae7cf483464ad2a3bc6c2f20bfc7d879ac4be4e
11	53	936a5a1a0d4742edd089d67e76417282801a809425c0cf268091a2bb09d65770	936a5a1a0d4742edd089d67e76417282801a809425c0cf268091a2bb09d65770
12	0	b14a2a06a36d6f22acdd8196bd3fbc078e034d126cd9f208fcc309680e4330f9	b14a2a06a36d6f22acdd8196bd3fbc078e034d126cd9f208fcc309680e4330f9
12	1	54ee537be12b983a9088acbd9b37606573a99ebe3c9afe86e23853313af4303c	54ee537be12b983a9088acbd9b37606573a99ebe3c9afe86e23853313af4303c
12	2	12efb3d8ad79eaa00fb73ccb6e9656a2f829a7a5d59c1154d4fd71425f303330	12efb3d8ad79eaa00fb73ccb6e9656a2f829a7a5d59c1154d4fd71425f303330
12	3	f6ccdb3bbf4975071596985b9c36608bec85bff4c97f5e77dbc5e27d6aa415c1	f6ccdb3bbf4975071596985b9c36608bec85bff4c97f5e77dbc5e27d6aa415c1
12	4	4a8f84e23aeb752750a8a0845a701b99e9d292f8c7fde57f065ff2a8045370cb	4a8f84e23aeb752750a8a0845a701b99e9d292f8c7fde57f065ff2a8045370cb
12	5	ce8bc601ea1cce4201c0c40b009badb3481fb5670cf198476f7bf3c6a6c2c5c6	ce8bc601ea1cce4201c0c40b009badb3481fb5670cf198476f7bf3c6a6c2c5c6
12	6	c4f533f45b7b7e6ce74d4881edb4d8018acaa5b8b82749073d17a04c8b746eae	c4f533f45b7b7e6ce74d4881edb4d8018acaa5b8b82749073d17a04c8b746eae
12	7	73f88f21edd85c72c74856ce56525cc295a5b6f69238f844968b5efa61cac9f7	73f88f21edd85c72c74856ce56525cc295a5b6f69238f844968b5efa61cac9f7
12	8	0e28f857f8123f8d00e8b774181c8a3f4c03db80ef762139faa0628237c7c82e	0e28f857f8123f8d00e8b774181c8a3f4c03db80ef762139faa0628237c7c82e
12	9	6da0c83c1f522a102d046c2147a31e6df549ccb646bb883d13c4620577a9b1ad	6da0c83c1f522a102d046c2147a31e6df549ccb646bb883d13c4620577a9b1ad
12	10	be5a1576496bfa9a0fbb2da75fb3ceb3d18e6f9e02d30d240c6ded1cf70f2656	be5a1576496bfa9a0fbb2da75fb3ceb3d18e6f9e02d30d240c6ded1cf70f2656
12	11	6a66e2b1b43c1db0c15db689269c8fb586eea6338d0a5b035f5772209295b436	6a66e2b1b43c1db0c15db689269c8fb586eea6338d0a5b035f5772209295b436
12	12	d224c2f75dbfeef7d5ff99a014497402d9759099f745c03215f28189c068a9ec	d224c2f75dbfeef7d5ff99a014497402d9759099f745c03215f28189c068a9ec
12	13	b28defcb1a5195e353fa5fde2e253f1aef7d3a026ced96b678057a776008fe37	b28defcb1a5195e353fa5fde2e253f1aef7d3a026ced96b678057a776008fe37
12	14	fb9f274bf11aaa4417891e14ec4af2c8de0a55ee4e9e055e1136f480a587a88e	fb9f274bf11aaa4417891e14ec4af2c8de0a55ee4e9e055e1136f480a587a88e
12	15	3bde2c75e847f159e0fe576aad34a0ffae28a13856d1769a8676bd61633964c1	3bde2c75e847f159e0fe576aad34a0ffae28a13856d1769a8676bd61633964c1
12	16	f401a8b58c4c07f807e58ae53ba216e3106433ab7d811a842328bf4eddf94aa2	f401a8b58c4c07f807e58ae53ba216e3106433ab7d811a842328bf4eddf94aa2
12	17	26ebe3d3d19d674b8c921ee3286d66a172063a2f9b327925935cbc23a2f7e7fe	26ebe3d3d19d674b8c921ee3286d66a172063a2f9b327925935cbc23a2f7e7fe
12	18	e5215fef335a9104d5490c1dd3f5a367e068270eba603769682e2f15c2774957	e5215fef335a9104d5490c1dd3f5a367e068270eba603769682e2f15c2774957
12	19	3ea544e3fde07529069b0de3d46415ad291122328629196f63dde4e8a7f2fa1f	3ea544e3fde07529069b0de3d46415ad291122328629196f63dde4e8a7f2fa1f
12	20	48a3079dacc0f2622d25d29af22d63b67020ea0726ef1a1fef934ad4a87e3783	48a3079dacc0f2622d25d29af22d63b67020ea0726ef1a1fef934ad4a87e3783
12	21	502d1b2b7396dc0967da7d810051ca0a7fdfb6a2637d4d48352aa49e10671c33	502d1b2b7396dc0967da7d810051ca0a7fdfb6a2637d4d48352aa49e10671c33
12	22	8fdb48fca3b0043106dd5318bc60a7d38a13a48f18296edee211a0c570bcea49	8fdb48fca3b0043106dd5318bc60a7d38a13a48f18296edee211a0c570bcea49
12	23	163ef53d677aa1a1c825a3722798d019e3e04a027a86939f2cd6d94fb7361983	163ef53d677aa1a1c825a3722798d019e3e04a027a86939f2cd6d94fb7361983
12	24	414333881191e109b3cb58ae84b5218c03a7b74bcf2c372bd3f4fce1a57fcda0	414333881191e109b3cb58ae84b5218c03a7b74bcf2c372bd3f4fce1a57fcda0
12	25	726c219294f40ab90f1696802d6770e72675c649e7c765161937fc0a63714c6e	726c219294f40ab90f1696802d6770e72675c649e7c765161937fc0a63714c6e
12	26	331a88e58961fe1242c5abe2a107ab58afcfb705d0c6513ad7042daef8033f1d	331a88e58961fe1242c5abe2a107ab58afcfb705d0c6513ad7042daef8033f1d
12	27	8d7683b9a7d5163875f734ad5b9ee5861f5f08a61b8e03080dd8784b6d110073	8d7683b9a7d5163875f734ad5b9ee5861f5f08a61b8e03080dd8784b6d110073
12	28	82a1d9258cc7eae70d3b87e1473a5942795fe40fa48d8f0b1ee19d41caea58b5	82a1d9258cc7eae70d3b87e1473a5942795fe40fa48d8f0b1ee19d41caea58b5
12	29	a310b077ea6f0aa3bdd70828e48492eb1e96f2975a18cb853a3e96fff9a65f17	a310b077ea6f0aa3bdd70828e48492eb1e96f2975a18cb853a3e96fff9a65f17
12	30	df381dcb825915a122ccaa3bad639466939cd79272b8541a9394c81aa325ab19	df381dcb825915a122ccaa3bad639466939cd79272b8541a9394c81aa325ab19
12	31	a93f03622750d71101de83cac03849f7822260bdd1937420de4752981c91fe24	a93f03622750d71101de83cac03849f7822260bdd1937420de4752981c91fe24
12	32	4d9563972ef3ca6d5ca96bf3dd8a2ac20c858cb1af54fb1d2b9c91cf9e33811f	4d9563972ef3ca6d5ca96bf3dd8a2ac20c858cb1af54fb1d2b9c91cf9e33811f
12	33	6357fea40125fc6e70c42e64f77abc4fbb33b0a69849dc8368e279f42c38364e	6357fea40125fc6e70c42e64f77abc4fbb33b0a69849dc8368e279f42c38364e
12	34	d95793a203721f200b41776c47e5396e74f73e634c293d5bd5f5819f3ec6500c	d95793a203721f200b41776c47e5396e74f73e634c293d5bd5f5819f3ec6500c
12	35	b3a2da0ad1eb9ca631aecde59cf3528a8e5a91823a964832cb323a7421c1c291	b3a2da0ad1eb9ca631aecde59cf3528a8e5a91823a964832cb323a7421c1c291
12	36	237b6caf7a90e06c3283e2c72a1c34b65a2821392db2f9828d79e384a69fe1b1	237b6caf7a90e06c3283e2c72a1c34b65a2821392db2f9828d79e384a69fe1b1
12	37	a441d534d0e00186c8d7fa9ec013a5cf9c480d7ca5cd9603a1ac3c54c569032d	a441d534d0e00186c8d7fa9ec013a5cf9c480d7ca5cd9603a1ac3c54c569032d
12	38	7c12e1f3fab6b34265978dc8e2e21a33ae269fe14c6fe1b9096209066aca0b56	7c12e1f3fab6b34265978dc8e2e21a33ae269fe14c6fe1b9096209066aca0b56
13	0	b58862071cebe92dd92ba376908be228be34c566ecf8242d87b6d0eef673add0	b58862071cebe92dd92ba376908be228be34c566ecf8242d87b6d0eef673add0
13	1	45899ff13aa748feeab5872abf2bbcc6ab826a11e93a49a07e38d34d283b00db	45899ff13aa748feeab5872abf2bbcc6ab826a11e93a49a07e38d34d283b00db
13	2	fcfab70f11d1b057e8b0936b2ba0cd809af4b6bcf24d2859fc12e12d1455b83f	fcfab70f11d1b057e8b0936b2ba0cd809af4b6bcf24d2859fc12e12d1455b83f
13	3	2d61caf88b412db81e1a54607288ef05ed5ad3f839b307c374c39c7f929c7e2e	2d61caf88b412db81e1a54607288ef05ed5ad3f839b307c374c39c7f929c7e2e
13	4	9e45256e44e13312d9b6a0f02cbf4162ca8c4dc7c5b6a02c8adbb067247d5e10	9e45256e44e13312d9b6a0f02cbf4162ca8c4dc7c5b6a02c8adbb067247d5e10
13	5	e770a6d4ee5697e272451cbcedb3cf924b8e3365e6a22b55e449143b3c17981f	e770a6d4ee5697e272451cbcedb3cf924b8e3365e6a22b55e449143b3c17981f
13	6	7af1180bc698675ecf78152bb7b533d69921d52181158c757e6dd1a5136ad7fd	7af1180bc698675ecf78152bb7b533d69921d52181158c757e6dd1a5136ad7fd
13	7	7f74ec9f9b9312daf401f55ebac7c4ea0e811bd5f7f036307e11c3039fa380fb	7f74ec9f9b9312daf401f55ebac7c4ea0e811bd5f7f036307e11c3039fa380fb
13	8	f1b07c9fbaf08edf05da95862be67d3341d75de1411ed72b768268b6a834b6c1	f1b07c9fbaf08edf05da95862be67d3341d75de1411ed72b768268b6a834b6c1
13	9	d78fc25105838ed64dc13b0ff93a88c0b664ef816987b92b201d22c4cb44f2a1	d78fc25105838ed64dc13b0ff93a88c0b664ef816987b92b201d22c4cb44f2a1
13	10	a39f2f399c996e9d1ffd4f5356f795b5c8c58768902084f33cdfc44d5ec096de	a39f2f399c996e9d1ffd4f5356f795b5c8c58768902084f33cdfc44d5ec096de
13	11	059e4c0dcf0a315e30702cdcc05a6598c86cd8fa6652e185e58fc9f3151a3750	059e4c0dcf0a315e30702cdcc05a6598c86cd8fa6652e185e58fc9f3151a3750
13	12	dd38ea7806202a0416910f250d62d923081865123a84bb9b0237586c481603ce	dd38ea7806202a0416910f250d62d923081865123a84bb9b0237586c481603ce
13	13	e7fd0fcbbf0d7f8a5ed9a7132add93fa4cea01dace13d3595c189600f7e3ece6	e7fd0fcbbf0d7f8a5ed9a7132add93fa4cea01dace13d3595c189600f7e3ece6
13	14	ca4463aabfc89034de52df198de577334af6a5085a45e11b4c22dd71f164f10f	ca4463aabfc89034de52df198de577334af6a5085a45e11b4c22dd71f164f10f
13	15	2e0ccc714332e2fee09df05e5a9503bd5f2428b26936a7bc5059f6a888a9162c	2e0ccc714332e2fee09df05e5a9503bd5f2428b26936a7bc5059f6a888a9162c
13	16	c8b30f122178a3d7cdaec88e2294dba1797cb4cd06f1cf7876820765c69aa616	c8b30f122178a3d7cdaec88e2294dba1797cb4cd06f1cf7876820765c69aa616
13	17	804f5b2933b7ad432d67dab4ce621b72556de1fedb0faa006aa51fbc18f0a570	804f5b2933b7ad432d67dab4ce621b72556de1fedb0faa006aa51fbc18f0a570
13	18	a0c08e99d6e541879bfe89a09611598dcbf7ba0e38b5c1134c4e4ab1d38ec328	a0c08e99d6e541879bfe89a09611598dcbf7ba0e38b5c1134c4e4ab1d38ec328
13	19	bdc1795033d13ec27bf7765e74bef860490054bada91b0854500497b920e389b	bdc1795033d13ec27bf7765e74bef860490054bada91b0854500497b920e389b
13	20	927339ebb97db1f7f36802f789af9af346b23ffd5c6a7b7475ce3bb3def9d55f	927339ebb97db1f7f36802f789af9af346b23ffd5c6a7b7475ce3bb3def9d55f
13	21	1b4ca2e3c712cc634e68aa6ef401b8a3fb556d5aa4313b5e0b94ad9748e1a759	1b4ca2e3c712cc634e68aa6ef401b8a3fb556d5aa4313b5e0b94ad9748e1a759
13	22	1ffa81244ba43770f4d644e9cc4894fb6d0c8e682368ac06d325f2f7c6b06059	1ffa81244ba43770f4d644e9cc4894fb6d0c8e682368ac06d325f2f7c6b06059
13	23	274ffffa349511fbaddef625e85b5eaef92ef6ea67e2ef66aa7e7469736eb7d8	274ffffa349511fbaddef625e85b5eaef92ef6ea67e2ef66aa7e7469736eb7d8
13	24	0a2ce30f5df9b2f8fd8a636e4a3f0bd0f00f3e8bc4599399a7665e6dd00d78c4	0a2ce30f5df9b2f8fd8a636e4a3f0bd0f00f3e8bc4599399a7665e6dd00d78c4
13	25	47bbf40a7323eda3471605c106d4f4c089acb5b021666afd4fcb229fd2e0ab97	47bbf40a7323eda3471605c106d4f4c089acb5b021666afd4fcb229fd2e0ab97
13	26	a2682779f57a8cc11df6bd8c48dd441e2b54b200f271c09bb90cedd06fbe0020	a2682779f57a8cc11df6bd8c48dd441e2b54b200f271c09bb90cedd06fbe0020
13	27	b93fdbcb65a0b3c6c7b0e00667ec1ad7db55a5fd54e23eb75a60bb43a3c13683	b93fdbcb65a0b3c6c7b0e00667ec1ad7db55a5fd54e23eb75a60bb43a3c13683
13	28	76880e0ffad113dd7169b60d37a70bbc394c95942d1fd63200e4435c9994b12c	76880e0ffad113dd7169b60d37a70bbc394c95942d1fd63200e4435c9994b12c
13	29	df1255bd67aea9d97b6d8a39dc9c43c40d320221464cf8347becf2b907442b34	df1255bd67aea9d97b6d8a39dc9c43c40d320221464cf8347becf2b907442b34
13	30	6116905b5ba4c10262530372a4ea6e6185e5a07d7cdcd0a9ec31ad8121e2d91d	6116905b5ba4c10262530372a4ea6e6185e5a07d7cdcd0a9ec31ad8121e2d91d
13	31	3edaf4cdd6835761728475b55f7099bde6a4dbdc26c269f40a8a9bb70da5e526	3edaf4cdd6835761728475b55f7099bde6a4dbdc26c269f40a8a9bb70da5e526
13	32	dc752c24aeff9b039a75d3f814b98eb5806b213325ccad584d07d87c34479b68	dc752c24aeff9b039a75d3f814b98eb5806b213325ccad584d07d87c34479b68
13	33	212fec3f2787930791884b3df5d072afa7bb70a94dec954dfe567650796f9090	212fec3f2787930791884b3df5d072afa7bb70a94dec954dfe567650796f9090
13	34	6e3ab27048132ecd10faa182a5c46fb5ea771b4bd855e2aa0a66294ca486ef89	6e3ab27048132ecd10faa182a5c46fb5ea771b4bd855e2aa0a66294ca486ef89
13	35	4ffbf7a44660e51937fc4f597013eaa2e8adb70905f21d4e7037219a5a79550b	4ffbf7a44660e51937fc4f597013eaa2e8adb70905f21d4e7037219a5a79550b
13	36	5181a559f3f0c8125538a853e4157c81ceadefd481d457997d931fd3d2fa4ceb	5181a559f3f0c8125538a853e4157c81ceadefd481d457997d931fd3d2fa4ceb
13	37	f21c1d099a3aac6d09bfcf4ece78a07517b4d65343283a15ea3352dcc9979e18	f21c1d099a3aac6d09bfcf4ece78a07517b4d65343283a15ea3352dcc9979e18
14	0	c65f0486c18f507ef87e1c7880e277b321bbc452ee4625308139c4fc0eeb7548	c65f0486c18f507ef87e1c7880e277b321bbc452ee4625308139c4fc0eeb7548
14	1	f5c5f7430d21dab3069b940e13c9192145ab0a5eb3395df79e49760bf756e027	f5c5f7430d21dab3069b940e13c9192145ab0a5eb3395df79e49760bf756e027
14	2	f2407e7fcb0563f925d6e3619f5d6c5633be36c3d26efcdf1874b1023d8b12dd	f2407e7fcb0563f925d6e3619f5d6c5633be36c3d26efcdf1874b1023d8b12dd
14	3	8ec9d7431a5ca7875183fef622484e67d8c66689a0ec433ffcd381ad4d62cf2d	8ec9d7431a5ca7875183fef622484e67d8c66689a0ec433ffcd381ad4d62cf2d
14	4	95efb88b98eea23b63cd8d5f3261c20c7fc1cfba82e21060f8b00266fd90402f	95efb88b98eea23b63cd8d5f3261c20c7fc1cfba82e21060f8b00266fd90402f
14	5	1a1b336871f6067cd38a052ec566a07c9b0852f72c22caeaf3e2b23daa0900b7	1a1b336871f6067cd38a052ec566a07c9b0852f72c22caeaf3e2b23daa0900b7
14	6	8f5610cddb4c894216c92aa500c0dec2932c564f415b3ca81c58d6dec4d5f422	8f5610cddb4c894216c92aa500c0dec2932c564f415b3ca81c58d6dec4d5f422
14	7	07839c9a5c8a8015ea4c6f58b41585ca59291fed7b61af6d72ff3cc6bcb232af	07839c9a5c8a8015ea4c6f58b41585ca59291fed7b61af6d72ff3cc6bcb232af
14	8	f5a8c988af12a69b170200e36a84acdbaeeda3806640d5a24986b08ef7b7b3e5	f5a8c988af12a69b170200e36a84acdbaeeda3806640d5a24986b08ef7b7b3e5
14	9	353976b977da49e7a032d0716ef897cbbe340cc519fd9596e2e77cc3b0a02a27	353976b977da49e7a032d0716ef897cbbe340cc519fd9596e2e77cc3b0a02a27
14	10	2d97911498d097c4189f35cd0ce35aa64ae7803a8c5a424fe97fa54ec6f23a3e	2d97911498d097c4189f35cd0ce35aa64ae7803a8c5a424fe97fa54ec6f23a3e
14	11	6078a3df535120e2e2b00b76815a18ad45171ec2c4ffb5e7cf61d333d6875f6a	6078a3df535120e2e2b00b76815a18ad45171ec2c4ffb5e7cf61d333d6875f6a
14	12	41f9c9c5c1c9a962b576d9ca9b6ae8f67e3e0fe8de51e282117892a36fd56519	41f9c9c5c1c9a962b576d9ca9b6ae8f67e3e0fe8de51e282117892a36fd56519
14	13	7d8fe67f0fd267c691e1a94ac799353362684a2efb38e34af8fe371184da9f09	7d8fe67f0fd267c691e1a94ac799353362684a2efb38e34af8fe371184da9f09
14	14	7a789a774c07380ddc8d547dccc150dcb0883d6e2207a5613be1886b5b9c4c0c	7a789a774c07380ddc8d547dccc150dcb0883d6e2207a5613be1886b5b9c4c0c
14	15	836899f22eddee553b297cd847295ae4b22b10401ba2fb055830aab9ea9718ad	836899f22eddee553b297cd847295ae4b22b10401ba2fb055830aab9ea9718ad
14	16	b48b59f0389519b2da1428e21e76fa3f5ebd8c5ef40c2c47f5a796a551f541bf	b48b59f0389519b2da1428e21e76fa3f5ebd8c5ef40c2c47f5a796a551f541bf
14	17	23fd532da9981deae5e0fefafaac104c619d88f3c32a475fde2f6fb5753d4821	23fd532da9981deae5e0fefafaac104c619d88f3c32a475fde2f6fb5753d4821
14	18	4ef3c11e2e4ce09eaa9fe894a2800afeb1f953782cd8bad1ddaa2688d6666d7c	4ef3c11e2e4ce09eaa9fe894a2800afeb1f953782cd8bad1ddaa2688d6666d7c
14	19	f05f15a94ccf522a1610e87003fbb22fb3d0c559cc9299de418faa4cd8608be6	f05f15a94ccf522a1610e87003fbb22fb3d0c559cc9299de418faa4cd8608be6
14	20	014c7f401ca5cc01e44c38b8e534ca318f12e6e021fa8c7cb3ffc4475a74ef5a	014c7f401ca5cc01e44c38b8e534ca318f12e6e021fa8c7cb3ffc4475a74ef5a
14	21	9a5e9b0ef898198772a22c3580f9cee75786c364b099dbc80505b7b6403024ab	9a5e9b0ef898198772a22c3580f9cee75786c364b099dbc80505b7b6403024ab
14	22	a2dcc2df1ffabc4fe2d8b8326eb978ab836a9a1a5067945684e4108dbac993cf	a2dcc2df1ffabc4fe2d8b8326eb978ab836a9a1a5067945684e4108dbac993cf
14	23	d4bec1480af0acd70c186010dd53f6352996e943f03a66487e9fb11018304d50	d4bec1480af0acd70c186010dd53f6352996e943f03a66487e9fb11018304d50
14	24	e6310a1ad66dc7313bd67e0e387fa3fdde43135308c6aa1e9350d47544ec76ab	e6310a1ad66dc7313bd67e0e387fa3fdde43135308c6aa1e9350d47544ec76ab
14	25	225b6d468b6cdf29be9c1740d536862645f32da4e4ca765354e4d3c077d430aa	225b6d468b6cdf29be9c1740d536862645f32da4e4ca765354e4d3c077d430aa
14	26	d441f0cb883771c32d2d648aef197fa79dc89978667916140372d15cc715c7fc	d441f0cb883771c32d2d648aef197fa79dc89978667916140372d15cc715c7fc
14	27	1fbe248878b16b8db377a164cef9d4f5daacf30092ccd4c0f83bb0f35aabd482	1fbe248878b16b8db377a164cef9d4f5daacf30092ccd4c0f83bb0f35aabd482
14	28	37c980576884bfd19614e290181cc192bb281ecdbae03154405227f50dea8535	37c980576884bfd19614e290181cc192bb281ecdbae03154405227f50dea8535
14	29	c1cf8322c96fffb466814a25a0ead292844d19bb3c651a4a070d47c5bb93ec6b	c1cf8322c96fffb466814a25a0ead292844d19bb3c651a4a070d47c5bb93ec6b
14	30	6b0917227c07950f33c5aa042045f1bb921cb6a5d0e71b802ee4904c0cdac7ef	6b0917227c07950f33c5aa042045f1bb921cb6a5d0e71b802ee4904c0cdac7ef
14	31	eb173898304b14dae3d447958843e6df2f4c46253369de1bab85f2dea1c21f36	eb173898304b14dae3d447958843e6df2f4c46253369de1bab85f2dea1c21f36
14	32	730481947a556e3b45c71a578084d3038078ae2150497d72d108def7a4a07ba5	730481947a556e3b45c71a578084d3038078ae2150497d72d108def7a4a07ba5
14	33	5c2a9009a96d631f23b6a083669c87d56d3cf2c422042de1876c0871a7aa4973	5c2a9009a96d631f23b6a083669c87d56d3cf2c422042de1876c0871a7aa4973
14	34	217b31bd7645ac6717ab3ce1f56dcb3f131066824adb150a48009c27ce804068	217b31bd7645ac6717ab3ce1f56dcb3f131066824adb150a48009c27ce804068
15	0	23d63f32d1c441b6819455bf185cec0eb3057da5c0611b4a7db7c31e6b5527d8	23d63f32d1c441b6819455bf185cec0eb3057da5c0611b4a7db7c31e6b5527d8
15	1	d38a82b2daa9342e92c8c3975d920d8220dd390bab6fbc067edb148ba04683a4	d38a82b2daa9342e92c8c3975d920d8220dd390bab6fbc067edb148ba04683a4
15	2	6cb9204486e6705245b809c0e144ee7295db0230248685be1c8963f6ecf39c37	6cb9204486e6705245b809c0e144ee7295db0230248685be1c8963f6ecf39c37
15	3	c9d7dfbc9ca9b0be90c6e464ca4e9a642c1807e299ea62927bef245db4e9d2d2	c9d7dfbc9ca9b0be90c6e464ca4e9a642c1807e299ea62927bef245db4e9d2d2
15	4	0f038e572ad2c643b86f71da227170e51c336e5ea39f4787f27542d225a160db	0f038e572ad2c643b86f71da227170e51c336e5ea39f4787f27542d225a160db
15	5	5045880c9c379959f20bd52da17b89fe4fa5a85c373757b39382cb2a9729fa04	5045880c9c379959f20bd52da17b89fe4fa5a85c373757b39382cb2a9729fa04
15	6	d2eee80d47455bfdc6a2495109cfcd4de4159d4bbdcb0452bea7ff87bb17a410	d2eee80d47455bfdc6a2495109cfcd4de4159d4bbdcb0452bea7ff87bb17a410
15	7	cb2fd9c36e03df80f9bb2a13c09f62dff6898b67609cda978e358a154b5ac938	cb2fd9c36e03df80f9bb2a13c09f62dff6898b67609cda978e358a154b5ac938
15	8	bdf6147d8c1aa01d2cbbe5d104116a850b971edffac2412b34ca675f77bb3786	bdf6147d8c1aa01d2cbbe5d104116a850b971edffac2412b34ca675f77bb3786
15	9	465e7d2315f4b30d3d06acdedc95abe0d2a1e72afff0e722dc2a0f05c6c6d8cf	465e7d2315f4b30d3d06acdedc95abe0d2a1e72afff0e722dc2a0f05c6c6d8cf
15	10	52fac4c0e576780cc5197076f3d86a5fad4b3066eda6591743f3c920346ba32f	52fac4c0e576780cc5197076f3d86a5fad4b3066eda6591743f3c920346ba32f
15	11	13ab71cd259b9b47ce13e26c34b4246f24d864b2685f8cc0e57ffd2090b6521d	13ab71cd259b9b47ce13e26c34b4246f24d864b2685f8cc0e57ffd2090b6521d
15	12	b2be1d06f9146f8498e6a47b6f470cc98915a09c6e50bf2f4742d3f3e7b67f84	b2be1d06f9146f8498e6a47b6f470cc98915a09c6e50bf2f4742d3f3e7b67f84
15	13	9dfb2463645c367943cb6886034b627a442f26a5c247ae78ba43e828d3789d0e	9dfb2463645c367943cb6886034b627a442f26a5c247ae78ba43e828d3789d0e
15	14	e2e4394d731c44020a0930b437067e2a75e02ba2f0b558167abba34e7b825b15	e2e4394d731c44020a0930b437067e2a75e02ba2f0b558167abba34e7b825b15
15	15	2ab1666ec9084d53b64e78f00596633e053b683cbf4999ce888fef273ca16127	2ab1666ec9084d53b64e78f00596633e053b683cbf4999ce888fef273ca16127
15	16	9c3f36fd7ce587b3ef5a24550ff82cc0c85045c1c9a6c31c76b2eae0bfdc676a	9c3f36fd7ce587b3ef5a24550ff82cc0c85045c1c9a6c31c76b2eae0bfdc676a
15	17	548b2d617d57e4a7e0fba2cf99e0f114e0d2f9009873e731e0519787bbea6b30	548b2d617d57e4a7e0fba2cf99e0f114e0d2f9009873e731e0519787bbea6b30
15	18	469828e0daf6b5786ec3fc64422d48159c4549f334c2d0863c5eed8b09541104	469828e0daf6b5786ec3fc64422d48159c4549f334c2d0863c5eed8b09541104
15	19	c39305be374349b8aff225148862cbe201b39c6bfd271ef20128be80c477f51e	c39305be374349b8aff225148862cbe201b39c6bfd271ef20128be80c477f51e
15	20	dfaeeb1348ae50c5bc5764989413820f1da9dc02f4e69509b47460ead600a99d	dfaeeb1348ae50c5bc5764989413820f1da9dc02f4e69509b47460ead600a99d
15	21	eef4a8b038843e7e7e3942f25c0075e80370b7fefc0d05175f6921573e701495	eef4a8b038843e7e7e3942f25c0075e80370b7fefc0d05175f6921573e701495
15	22	850c7f1fa914ef05bc877210b9dc9c8ab48b7dd450829c1521999842c5e77f3b	850c7f1fa914ef05bc877210b9dc9c8ab48b7dd450829c1521999842c5e77f3b
15	23	1a4468ced1eb4eacf1377c00d7319624d900cb226c6a0ec60c1d8063c1e63b15	1a4468ced1eb4eacf1377c00d7319624d900cb226c6a0ec60c1d8063c1e63b15
15	24	94930d37935f17b6e6edf22de35146d20959be74d4bfd8fb389377214fbdf8b5	94930d37935f17b6e6edf22de35146d20959be74d4bfd8fb389377214fbdf8b5
15	25	77f8d28ff4b79ebd0e64cb4fa804287771bed635c58483427ae679eafe0c0ff5	77f8d28ff4b79ebd0e64cb4fa804287771bed635c58483427ae679eafe0c0ff5
15	26	1943171b6b96675f86cc66674e3b89e3f733a951761ac879edf4c110adb8639e	1943171b6b96675f86cc66674e3b89e3f733a951761ac879edf4c110adb8639e
15	27	720d41e053a1ccc1f3fb65a0a1cd96e827c60a105c325d1ed44b34905b47967c	720d41e053a1ccc1f3fb65a0a1cd96e827c60a105c325d1ed44b34905b47967c
15	28	4a417a8bdc5295cab6fcfd128f6973b7a893c58fa53ac9b7c5df686a06a1f69e	4a417a8bdc5295cab6fcfd128f6973b7a893c58fa53ac9b7c5df686a06a1f69e
15	29	1bef0a57854926a534802dddb1c68675644f657da848b0ea08ccff1a40b4fae5	1bef0a57854926a534802dddb1c68675644f657da848b0ea08ccff1a40b4fae5
15	30	824a6646c4d499a4bd895975c81a648aa6c487adc46023ee30efc534ab755301	824a6646c4d499a4bd895975c81a648aa6c487adc46023ee30efc534ab755301
15	31	0f01b21b028f02277f24785cdab28fe029289d3391a0a975acd81809f0752539	0f01b21b028f02277f24785cdab28fe029289d3391a0a975acd81809f0752539
15	32	3862945a35bce29c3efa09f23f203a4187a5e6cb0f5d04b3a2cd9bdce342ecee	3862945a35bce29c3efa09f23f203a4187a5e6cb0f5d04b3a2cd9bdce342ecee
15	33	fe05baf328e4205393683ebd4ee6e14293d9e1ed60eb4b0c4028bf0f072b6b22	fe05baf328e4205393683ebd4ee6e14293d9e1ed60eb4b0c4028bf0f072b6b22
15	34	eb5f931cdd643ee26f5664e9a11ce98c4a427eba672d34ab1a05a5333b83aee4	eb5f931cdd643ee26f5664e9a11ce98c4a427eba672d34ab1a05a5333b83aee4
15	35	782cbd85254f2ad2a36a22281ddde20e0046d30565f5117a9a16406269feffc1	782cbd85254f2ad2a36a22281ddde20e0046d30565f5117a9a16406269feffc1
15	36	7d8e1e8633490747d927f3fe7bb496ebf770f79300ec8ace7b14b4a6954d1111	7d8e1e8633490747d927f3fe7bb496ebf770f79300ec8ace7b14b4a6954d1111
15	37	ecddf3eebd95cd69d4ff64ee744227e9632f3be349262449f7fa16437a428752	ecddf3eebd95cd69d4ff64ee744227e9632f3be349262449f7fa16437a428752
15	38	566b2db3602137d35458821c79ce554f70bfb7eaba67fddd7c165eb2b93848d9	566b2db3602137d35458821c79ce554f70bfb7eaba67fddd7c165eb2b93848d9
15	39	7f571c62671c312707a3045cde504ab69fdb89fc970e81a1538ea854452d8aed	7f571c62671c312707a3045cde504ab69fdb89fc970e81a1538ea854452d8aed
15	40	e3b8673944ea3c829428daaa4ccb9924c550644c21a73c69ca7774fcbf693839	e3b8673944ea3c829428daaa4ccb9924c550644c21a73c69ca7774fcbf693839
15	41	b2504472dd999aedca2417b4591a96f30bd9975ad34061f20573241b591920b8	b2504472dd999aedca2417b4591a96f30bd9975ad34061f20573241b591920b8
15	42	15f5c1fdd1a6d524a772404d5d00449f43a3f0c0c8d7406bb7952ed4fa1c1f5b	15f5c1fdd1a6d524a772404d5d00449f43a3f0c0c8d7406bb7952ed4fa1c1f5b
15	43	a0973f02e89f0ac2e682a0bde45798500887debf1e1d19927e59b5280e97ff62	a0973f02e89f0ac2e682a0bde45798500887debf1e1d19927e59b5280e97ff62
15	44	9c8864dda7884331f550cc5fd41c7d8b39828ebcbb98577c849f4a4fa38b8899	9c8864dda7884331f550cc5fd41c7d8b39828ebcbb98577c849f4a4fa38b8899
15	45	c5da6d2b903e8576267f9b40db5f701211634626ed9556785a9828e6dfc4c8e1	c5da6d2b903e8576267f9b40db5f701211634626ed9556785a9828e6dfc4c8e1
15	46	bce763bc005acf1011c72ca6a13aa67f285098ce92eb839d7a5f8520e1331f79	bce763bc005acf1011c72ca6a13aa67f285098ce92eb839d7a5f8520e1331f79
15	47	8aa2e5be4e342e52e9ce2bd6feaf64110354a88cd3b81e613d656fe4ce5a825a	8aa2e5be4e342e52e9ce2bd6feaf64110354a88cd3b81e613d656fe4ce5a825a
16	0	b3fff7758850936231938cbeb54eff69c0def28f2fe8eb0d8a428dde0e361a21	b3fff7758850936231938cbeb54eff69c0def28f2fe8eb0d8a428dde0e361a21
16	1	37c97f93807307f339499d81bdc5a74c94166c1a01570287dbf180865aba93fc	37c97f93807307f339499d81bdc5a74c94166c1a01570287dbf180865aba93fc
16	2	5d66ee36ad725fe702a9b9760f94f60b4df0c8287a82e67878c7ba601b8caf20	5d66ee36ad725fe702a9b9760f94f60b4df0c8287a82e67878c7ba601b8caf20
16	3	e52803626e09d5e9f501d4c434b25a321e473608770ff0681f55856ca1de2f4f	e52803626e09d5e9f501d4c434b25a321e473608770ff0681f55856ca1de2f4f
16	4	397fb5078bc3429d7e9744ea075f9c05c976b0596cb08a27e06f58dce9a50b8b	397fb5078bc3429d7e9744ea075f9c05c976b0596cb08a27e06f58dce9a50b8b
16	5	0c774539eb81bf199a2a319a1bac6f5931f8f1d5bf3d616b6b0f7fa529695e0c	0c774539eb81bf199a2a319a1bac6f5931f8f1d5bf3d616b6b0f7fa529695e0c
16	6	14d1280e779d19494f6d60cd1ec92e368c29af8aff3152a9632414e70bd81271	14d1280e779d19494f6d60cd1ec92e368c29af8aff3152a9632414e70bd81271
16	7	aa23fda707e3dae92f981997129532f75350a1276bd709aa4cf5432182734c39	aa23fda707e3dae92f981997129532f75350a1276bd709aa4cf5432182734c39
16	8	70ad2bbf8deb349f224e197d13295d9051064c7226c9848ae6a5e19ed350d83e	70ad2bbf8deb349f224e197d13295d9051064c7226c9848ae6a5e19ed350d83e
16	9	9298094a1ad36e374fd4dda6706a06b875c2274fb90277b7466fe1e7562f14d1	9298094a1ad36e374fd4dda6706a06b875c2274fb90277b7466fe1e7562f14d1
16	10	cb4f447f9542dde149645b9359dc48e39df950cef170571f46d583ae50567352	cb4f447f9542dde149645b9359dc48e39df950cef170571f46d583ae50567352
16	11	c8657f4892bd08dec4a6d9b5b534338a3a5cfd700bc3d232d941d8ec59781eab	c8657f4892bd08dec4a6d9b5b534338a3a5cfd700bc3d232d941d8ec59781eab
16	12	cc5bebbd476d3f28bb183ce4ff1ea5fbe004cc1a36f71bbf85d3fc7d6a172a14	cc5bebbd476d3f28bb183ce4ff1ea5fbe004cc1a36f71bbf85d3fc7d6a172a14
16	13	e1b35e99a20740f0334b9df2115a3a9f6c7e14652b76a74f785a470393246b95	e1b35e99a20740f0334b9df2115a3a9f6c7e14652b76a74f785a470393246b95
16	14	3744f10574d9bd4bb1a1cd4050780b141ab1231504a3c7db5f7a30fa7468c848	3744f10574d9bd4bb1a1cd4050780b141ab1231504a3c7db5f7a30fa7468c848
16	15	fd7c6653075df7cdef758b9eefbc9ae6192862961feb0b237409c8c57f9bf35f	fd7c6653075df7cdef758b9eefbc9ae6192862961feb0b237409c8c57f9bf35f
16	16	610302865ea3c26bc7e59b68e5918eaac80b3e531fb7d1fb4bf4491a5ac50aae	610302865ea3c26bc7e59b68e5918eaac80b3e531fb7d1fb4bf4491a5ac50aae
16	17	2dfe767d14cd6842d6ae99b7d499b882207b9586f52e22e67c982d93a1ab3950	2dfe767d14cd6842d6ae99b7d499b882207b9586f52e22e67c982d93a1ab3950
16	18	86951b75207602648fdd09c69d1d2324c8d5553562234b1f0837990221ac4a6c	86951b75207602648fdd09c69d1d2324c8d5553562234b1f0837990221ac4a6c
16	19	c325ad4c79435c5c236c63c39a9f80f4989ff546f1469377b2d044019072233b	c325ad4c79435c5c236c63c39a9f80f4989ff546f1469377b2d044019072233b
16	20	8d138e92b77ec0abe81f5e699bdeda69232505f96ce7cdd633c48110124c98c5	8d138e92b77ec0abe81f5e699bdeda69232505f96ce7cdd633c48110124c98c5
16	21	553603a913ae76059a958e38c25af141c991994b157d6d6727c20eed5cf9dfcb	553603a913ae76059a958e38c25af141c991994b157d6d6727c20eed5cf9dfcb
16	22	65c48fffce176b4501044c1d3d9c4636261eb52085ebe6daa270c11913267de5	65c48fffce176b4501044c1d3d9c4636261eb52085ebe6daa270c11913267de5
16	23	d707697cdc4f4118dc4fa9dc62854aac1f6cefe9ca46088f277b737ad17c2bda	d707697cdc4f4118dc4fa9dc62854aac1f6cefe9ca46088f277b737ad17c2bda
16	24	b458510046947713bdca774c6e7f67b835411c229f6934550f9ce6cede55bb6a	b458510046947713bdca774c6e7f67b835411c229f6934550f9ce6cede55bb6a
16	25	e79ba303cac8cbb72ad70982fca03aedb6a25f9e0abddd8dbc2680654e0f004f	e79ba303cac8cbb72ad70982fca03aedb6a25f9e0abddd8dbc2680654e0f004f
16	26	35171c7567c3b22807c5ae97baa5e1e90f5e7f25823e632510241026c7af073a	35171c7567c3b22807c5ae97baa5e1e90f5e7f25823e632510241026c7af073a
16	27	4d8921cb463aba5566905d3818db75a1444d780400c098ba22370c89782c136b	4d8921cb463aba5566905d3818db75a1444d780400c098ba22370c89782c136b
16	28	7bb8506e7cf43d53d68380e0965591c1be63901958fc1ce897a6cb45e7297f34	7bb8506e7cf43d53d68380e0965591c1be63901958fc1ce897a6cb45e7297f34
16	29	f299fa797bbf7e65025f7cedf43df614af148f7c84e27b6328977c148ca5fbc8	f299fa797bbf7e65025f7cedf43df614af148f7c84e27b6328977c148ca5fbc8
16	30	175abc40b19e9349681b86268fa9b255c7ef8547ce49e8e12cac94775e3b4d1b	175abc40b19e9349681b86268fa9b255c7ef8547ce49e8e12cac94775e3b4d1b
16	31	2a1468f4850cdaff84437c63d0ef4000dafa239a242a5c2599664b7ee55d7328	2a1468f4850cdaff84437c63d0ef4000dafa239a242a5c2599664b7ee55d7328
16	32	a606149afabd5365aa2ffe292c5a8d3b3934dd7ae265bb408f62f8d77394b050	a606149afabd5365aa2ffe292c5a8d3b3934dd7ae265bb408f62f8d77394b050
16	33	3d57013699ff1a24f896f9dde38e670c3a26a80e130acddf8b9d7dd1b0c45046	3d57013699ff1a24f896f9dde38e670c3a26a80e130acddf8b9d7dd1b0c45046
16	34	561dbf254a5e497e9e52b727b17d81d4fefc49d64faef282f8e76e49e75e2d8d	561dbf254a5e497e9e52b727b17d81d4fefc49d64faef282f8e76e49e75e2d8d
16	35	291b737fe3581ad3345f52065458d24db04269b6de41c9a32e8505bad11c16a7	291b737fe3581ad3345f52065458d24db04269b6de41c9a32e8505bad11c16a7
16	36	03592bc5b08ac03db69a7d002daaa6a56926d1bf4bfe930eee6b9a073f888a6f	03592bc5b08ac03db69a7d002daaa6a56926d1bf4bfe930eee6b9a073f888a6f
16	37	66fd634376db0814a68a4526e5877b1a3cb95b8dde2249a1e3faa0f8ab3911ce	66fd634376db0814a68a4526e5877b1a3cb95b8dde2249a1e3faa0f8ab3911ce
16	38	28bf399494a12090a2809abf1f5e9e7ad8bc2013e24fea2873a65418fdd719a1	28bf399494a12090a2809abf1f5e9e7ad8bc2013e24fea2873a65418fdd719a1
16	39	2b66807e777b91e707385485b5ecf7e725332d071b59d1de154d08b0a3357d9c	2b66807e777b91e707385485b5ecf7e725332d071b59d1de154d08b0a3357d9c
16	40	a4c99aae31ad426aa894eb442253c055cdd34bb70286473d81870b468b42f695	a4c99aae31ad426aa894eb442253c055cdd34bb70286473d81870b468b42f695
16	41	759b39c840e443f900bfa2dcb4f7ac44a7cb6d660bbc3af757479119f0678d90	759b39c840e443f900bfa2dcb4f7ac44a7cb6d660bbc3af757479119f0678d90
16	42	f4b38fe88997a0b8c65cda0757b42cc323dcd46aa4e018490a88772bb8b32d93	f4b38fe88997a0b8c65cda0757b42cc323dcd46aa4e018490a88772bb8b32d93
16	43	91ec8c877d7a37023c2cdb60fc2f34b797ddd56e9396119b2236a5fe351c160b	91ec8c877d7a37023c2cdb60fc2f34b797ddd56e9396119b2236a5fe351c160b
16	44	f14214723945b3fb8756fa88efee941b7c2718683c482705873fefe983420602	f14214723945b3fb8756fa88efee941b7c2718683c482705873fefe983420602
17	0	9ecb88d9a0293fcee2f4d9a72e29b511b430973d16d24322b7e0e98b73a7ee57	9ecb88d9a0293fcee2f4d9a72e29b511b430973d16d24322b7e0e98b73a7ee57
17	1	3a528593ce503241ccca5a0a6352b312807c206e256e42be870c6d94722c1154	3a528593ce503241ccca5a0a6352b312807c206e256e42be870c6d94722c1154
17	2	abb4baf3872eec71428c4c260357a255a135b5177f3c7686da3f431fa50c2b51	abb4baf3872eec71428c4c260357a255a135b5177f3c7686da3f431fa50c2b51
17	3	75770e9f9535aa49ce037e86478dd1ecd74de75c3c34742b5b1b1a96abd86d08	75770e9f9535aa49ce037e86478dd1ecd74de75c3c34742b5b1b1a96abd86d08
17	4	c4c0ff2b38d04886b71cd144f061a1831df4dccb378ad9f3890d43bba82c4e54	c4c0ff2b38d04886b71cd144f061a1831df4dccb378ad9f3890d43bba82c4e54
17	5	d9a33eb85ed9da21a063899b6983176a98e2554eeef09a08cd031146137f051c	d9a33eb85ed9da21a063899b6983176a98e2554eeef09a08cd031146137f051c
17	6	ba6e9bed3bad5975cf4a97e043a09679d64cdfb7974021102696ed381e4ebb78	ba6e9bed3bad5975cf4a97e043a09679d64cdfb7974021102696ed381e4ebb78
17	7	a6bb9f9aa98a0e5b41e31f7e35d0c299d3a2f605aa4308f11776363515598a1e	a6bb9f9aa98a0e5b41e31f7e35d0c299d3a2f605aa4308f11776363515598a1e
17	8	0844fab43731150ecfa899103f973cff2b9c12e7acb220abf05333e2c3bb3aac	0844fab43731150ecfa899103f973cff2b9c12e7acb220abf05333e2c3bb3aac
17	9	45b1e758666e908479cebee948a994b76088c78e9d9ef419a43d71b867beec10	45b1e758666e908479cebee948a994b76088c78e9d9ef419a43d71b867beec10
17	10	773b32018d6925779225c6162b127900d9531547552667a0f2f5c43500a7010a	773b32018d6925779225c6162b127900d9531547552667a0f2f5c43500a7010a
17	11	8f0fdb1050f2dc4c618c35cc403f6ee3fff22bbcb6ee827316f84a081ed0f35f	8f0fdb1050f2dc4c618c35cc403f6ee3fff22bbcb6ee827316f84a081ed0f35f
17	12	d9be174cfc0799f91cb6562d6b3aea578db977720a4fc4e4cac971ae98965f04	d9be174cfc0799f91cb6562d6b3aea578db977720a4fc4e4cac971ae98965f04
17	13	5a6d1965b511bd92817fd8d68583be3f7b723ac365cd99c6ccff64c444ee2784	5a6d1965b511bd92817fd8d68583be3f7b723ac365cd99c6ccff64c444ee2784
17	14	cc18402eae94777539a908a3b9e2168e04f120602fddd38fcb6ac54178ac4b93	cc18402eae94777539a908a3b9e2168e04f120602fddd38fcb6ac54178ac4b93
17	15	d5570c3e40183961dbba131a9e1657a29a646a43735588ba61fdd00c926c541d	d5570c3e40183961dbba131a9e1657a29a646a43735588ba61fdd00c926c541d
17	16	7583e3166a0eacf9920380ba430de1c7bef5cd7f2380c1ca246e35c943906dca	7583e3166a0eacf9920380ba430de1c7bef5cd7f2380c1ca246e35c943906dca
17	17	139f7f477a253946bc5c21acf1918dfd113cbb4916880e4ccf9a868ce1c1a162	139f7f477a253946bc5c21acf1918dfd113cbb4916880e4ccf9a868ce1c1a162
17	18	fe9dc21b4f690dba92dfc92e9a0d9253e58c16af073aa777541436f72bc98fa0	fe9dc21b4f690dba92dfc92e9a0d9253e58c16af073aa777541436f72bc98fa0
17	19	5f5d184140a231292661383f095063ecc064dd908042d92eaa892b017741174e	5f5d184140a231292661383f095063ecc064dd908042d92eaa892b017741174e
17	20	d8d94471caa049d8d7cd3f3a5eb56c1f62c9b4987ec04f0ee67c87a7fe67ed0e	d8d94471caa049d8d7cd3f3a5eb56c1f62c9b4987ec04f0ee67c87a7fe67ed0e
17	21	81b89c3635cb3027b295af4d10f7ddcde94bc4ff958948c8706240943b6ab418	81b89c3635cb3027b295af4d10f7ddcde94bc4ff958948c8706240943b6ab418
17	22	9ebb5a98682c06470e449c368150eccadaf944019529b64689cf418448f15b11	9ebb5a98682c06470e449c368150eccadaf944019529b64689cf418448f15b11
17	23	cc4c2cb78363a5e6dba42c2d85b2953ad12bb482e6bf50dac00a06b74f550577	cc4c2cb78363a5e6dba42c2d85b2953ad12bb482e6bf50dac00a06b74f550577
17	24	59136970cf1a3dab380a8a1e5680f8bc3452d41e212adca1c8457bdaeb76d2bd	59136970cf1a3dab380a8a1e5680f8bc3452d41e212adca1c8457bdaeb76d2bd
17	25	b3362c01651568270fce11776540544b329101fc69c7c77d6cd51c193650b594	b3362c01651568270fce11776540544b329101fc69c7c77d6cd51c193650b594
17	26	4d631c2e3fdbef2fcec8ccc7e055dd3100cd227818a15ee9e3ca177ceb86906f	4d631c2e3fdbef2fcec8ccc7e055dd3100cd227818a15ee9e3ca177ceb86906f
17	27	8c227faa3017abf0afc2321dac154bdd4d5cb108217295e7705b48ae732b43b9	8c227faa3017abf0afc2321dac154bdd4d5cb108217295e7705b48ae732b43b9
17	28	b1a54b5c73a5861d1695d074633a941dca499b4386c2a2c5ee1baad08553b198	b1a54b5c73a5861d1695d074633a941dca499b4386c2a2c5ee1baad08553b198
17	29	e17a5a197bb80b099dc888608d485c9eb578aa68f0ff8aa93cd1bc2e7f3e7665	e17a5a197bb80b099dc888608d485c9eb578aa68f0ff8aa93cd1bc2e7f3e7665
17	30	dc427ed036ca87b7343024453da77d53aa3950e534486fc1df6fc9ce8c17367a	dc427ed036ca87b7343024453da77d53aa3950e534486fc1df6fc9ce8c17367a
17	31	bf2e157b0bfc438d766568c4cb3520d9d1d9faed630a9df00b7ea988a288cff9	bf2e157b0bfc438d766568c4cb3520d9d1d9faed630a9df00b7ea988a288cff9
17	32	fb71dc983f4cb8ea09097621393ea0054ea547410f26449d782a447974183c9a	fb71dc983f4cb8ea09097621393ea0054ea547410f26449d782a447974183c9a
17	33	7159027c84d714ba8dae43b02e026c8aadcedb4efb06cc2c2fb25aaf0db6c61b	7159027c84d714ba8dae43b02e026c8aadcedb4efb06cc2c2fb25aaf0db6c61b
17	34	87efb9d361e3411cd733147e438255cf3ec9a213e094115809ddf5ce191c9b05	87efb9d361e3411cd733147e438255cf3ec9a213e094115809ddf5ce191c9b05
17	35	7dca4edf9276599db2793c6df5ba974a120d34f62abf83b80043f1f570220dc8	7dca4edf9276599db2793c6df5ba974a120d34f62abf83b80043f1f570220dc8
17	36	351306272885ef630f949d6d83cb9ee669038b29328c16d6b6bf0eaeef1c4218	351306272885ef630f949d6d83cb9ee669038b29328c16d6b6bf0eaeef1c4218
17	37	cbc7dad9a6839570007234fa1efca6ad6a39839c6527dc69dd7b6569473b4f8d	cbc7dad9a6839570007234fa1efca6ad6a39839c6527dc69dd7b6569473b4f8d
17	38	6ed9615a64cb37db3216dd36549dc8ac476fd77f3bafdbafabcc9f21d3f1bf7a	6ed9615a64cb37db3216dd36549dc8ac476fd77f3bafdbafabcc9f21d3f1bf7a
17	39	2de137a0244fe22b2e5e0c76cc4484944a8adb7061c6824eb0e7967179871b4f	2de137a0244fe22b2e5e0c76cc4484944a8adb7061c6824eb0e7967179871b4f
17	40	8e0b3768f69869fe2b7cb83f951a3c25669a0bf75215c459e08dbbef834d47f1	8e0b3768f69869fe2b7cb83f951a3c25669a0bf75215c459e08dbbef834d47f1
17	41	8f3ba65371177768c47be39c992d62dce34d3d9ddd099e3968f402eeb20b5b78	8f3ba65371177768c47be39c992d62dce34d3d9ddd099e3968f402eeb20b5b78
17	42	1ed88aea19172baaf4bf885b7477f9f2594e274d43e3a087058bb45078ae6101	1ed88aea19172baaf4bf885b7477f9f2594e274d43e3a087058bb45078ae6101
17	43	3e5713307fcb2a3c7a96f23473f9fbcca5b21b1d60532f09b401654a490131da	3e5713307fcb2a3c7a96f23473f9fbcca5b21b1d60532f09b401654a490131da
17	44	97df3a013c1c25d044aa3887fd7563b08ecf2e3384e39f685e1449dda1e497a8	97df3a013c1c25d044aa3887fd7563b08ecf2e3384e39f685e1449dda1e497a8
17	45	e5f4163465fed85ae92db8250c1d055f52aae42df796321d206b3cab0d06c4da	e5f4163465fed85ae92db8250c1d055f52aae42df796321d206b3cab0d06c4da
17	46	a1eeae912b7eed06247dd48f400af0348609d0631366e783d08eb511b7a8a48b	a1eeae912b7eed06247dd48f400af0348609d0631366e783d08eb511b7a8a48b
17	47	321feee4423f0c95cc99116d87b66f10c06e4fdeb056088f95f9333249265ed2	321feee4423f0c95cc99116d87b66f10c06e4fdeb056088f95f9333249265ed2
17	48	eda90fb192bf1cc4c9ad5c6b329a6b157db8cff366cb7d458464c1e20172feb3	eda90fb192bf1cc4c9ad5c6b329a6b157db8cff366cb7d458464c1e20172feb3
17	49	9928d67009ad049a78e13ac8f6cc5925684d9a78b8fd450d7450271628830fb8	9928d67009ad049a78e13ac8f6cc5925684d9a78b8fd450d7450271628830fb8
17	50	25b232bdf3a9409715c180f49376a7232478a15d49dfa02bd1a722a60f13abf4	25b232bdf3a9409715c180f49376a7232478a15d49dfa02bd1a722a60f13abf4
17	51	3590e8dc3b83c4cfb6b515543fe032e0c7e3b150b44c13cea844158c1f3119ce	3590e8dc3b83c4cfb6b515543fe032e0c7e3b150b44c13cea844158c1f3119ce
17	52	650ebd0afa7647bb75644a009183d5f7948000ce329a6395babee7cd15504125	650ebd0afa7647bb75644a009183d5f7948000ce329a6395babee7cd15504125
17	53	ac70649105c2d107994cad07549ccfcb90752964350ddc8ae4ea42fb81dd9b61	ac70649105c2d107994cad07549ccfcb90752964350ddc8ae4ea42fb81dd9b61
17	54	658e44f704803d38531027e3f1715a247438b9f36e2729278f335876ad2f8960	658e44f704803d38531027e3f1715a247438b9f36e2729278f335876ad2f8960
17	55	0092177d8a03abfd89eb5b87e4496168006d5a3aa07a25ff101d314415b5f503	0092177d8a03abfd89eb5b87e4496168006d5a3aa07a25ff101d314415b5f503
17	56	0dd2efb659de2d614c44e8317f5ce157193e7e2e523f32d920b70982e09e51fd	0dd2efb659de2d614c44e8317f5ce157193e7e2e523f32d920b70982e09e51fd
17	57	c97ed32ef32d9787d868a1bfba2c61ffe0aba0fd543a1b286e06bf45ec25065d	c97ed32ef32d9787d868a1bfba2c61ffe0aba0fd543a1b286e06bf45ec25065d
17	58	f4b37106084d1687896533993f40ca5fc233275f0db8c3d1e7dc66e399aff073	f4b37106084d1687896533993f40ca5fc233275f0db8c3d1e7dc66e399aff073
17	59	6e07ce6f099468b42f5016047dec526544c0d853feb498309347446c277eee77	6e07ce6f099468b42f5016047dec526544c0d853feb498309347446c277eee77
17	60	5e2e0d57364d24ed551cbd916ccaff46406da9717ddf3669eec189cdc9370154	5e2e0d57364d24ed551cbd916ccaff46406da9717ddf3669eec189cdc9370154
17	61	484e3b7b4e4075700888b031a679dea59154edc2df39299f21b2b602b228b4ab	484e3b7b4e4075700888b031a679dea59154edc2df39299f21b2b602b228b4ab
17	62	b5787fee4b2324d95fe498010efeafb58514ade2b3d38a1bc78042920c2696dd	b5787fee4b2324d95fe498010efeafb58514ade2b3d38a1bc78042920c2696dd
18	0	4dcc72ae7f611d9bf54438b36100fdf04b9e06ceea35101e076ccf42e5033fe9	4dcc72ae7f611d9bf54438b36100fdf04b9e06ceea35101e076ccf42e5033fe9
18	1	0b7200a35e5fd324227a448d8f134ef148e16edc2b9b7ca4abdfdc8235195831	0b7200a35e5fd324227a448d8f134ef148e16edc2b9b7ca4abdfdc8235195831
18	2	fc9a83f82a0832942491d8c911b43940fc686983cf02bd8fdac1c062f1119832	fc9a83f82a0832942491d8c911b43940fc686983cf02bd8fdac1c062f1119832
18	3	ad78e6b84ffb9d249715633edebdd4adabc2c54fbc317a79490614f4f9ed9381	ad78e6b84ffb9d249715633edebdd4adabc2c54fbc317a79490614f4f9ed9381
18	4	f947eefd8189db2bdfd551433042747f1bf882f6a28ff4df1645a6051945558e	f947eefd8189db2bdfd551433042747f1bf882f6a28ff4df1645a6051945558e
18	5	9eb9de22279baae722e86534bdc70d976b54b791495b54aa4875ea5556bae414	9eb9de22279baae722e86534bdc70d976b54b791495b54aa4875ea5556bae414
18	6	712dc3bac6d2687438ed3d85903e8203593cb1761ac4e04b6b4b844829066b16	712dc3bac6d2687438ed3d85903e8203593cb1761ac4e04b6b4b844829066b16
18	7	5e479238fc44cb7be6531bac695031cd31b47f0f6b8e5811194a346fd2c2f699	5e479238fc44cb7be6531bac695031cd31b47f0f6b8e5811194a346fd2c2f699
18	8	544ff50350abc6b003855c22ffbd4dc19f0d37e3bb9b2e0201dd35e72d3351cd	544ff50350abc6b003855c22ffbd4dc19f0d37e3bb9b2e0201dd35e72d3351cd
18	9	4b65f9bcc48258fd46cecbd0a73158cdc524b716a9b76ce1b8959b1ec8a411e8	4b65f9bcc48258fd46cecbd0a73158cdc524b716a9b76ce1b8959b1ec8a411e8
18	10	36591776d6249ad4c8e9ccdd861ca520836f5287452bb16eab4792ebabfb1f21	36591776d6249ad4c8e9ccdd861ca520836f5287452bb16eab4792ebabfb1f21
18	11	ebd5ba91f0bf34eeb62ea8c5877714e9de07731002e159d1b655b2b9aa4d7c69	ebd5ba91f0bf34eeb62ea8c5877714e9de07731002e159d1b655b2b9aa4d7c69
18	12	365ce4c37b8bdba815c79febd97afbeee8bf3790a205aa42f4dec9292b8f2d0c	365ce4c37b8bdba815c79febd97afbeee8bf3790a205aa42f4dec9292b8f2d0c
18	13	95131ad1a65684fe472e4993a15d2de717ec551ba49d7f8f9b2245fca3c79131	95131ad1a65684fe472e4993a15d2de717ec551ba49d7f8f9b2245fca3c79131
18	14	6d630dc54a8e2dca8eb22c8fb1320e175b94ca65b0074429b09cd231e636e843	6d630dc54a8e2dca8eb22c8fb1320e175b94ca65b0074429b09cd231e636e843
18	15	9dc8a7dfcfa1651e8c56db5370a4c9f00577f39c454ed4e648aaadc6bbd0fa84	9dc8a7dfcfa1651e8c56db5370a4c9f00577f39c454ed4e648aaadc6bbd0fa84
18	16	0d83cfaff85511fb778e93f9e1eb9c37f6d48ea4a974818e86e5ce16f0312b3e	0d83cfaff85511fb778e93f9e1eb9c37f6d48ea4a974818e86e5ce16f0312b3e
18	17	67334d33f458443839fde30191e5dd7f5aaa1ce4832de5076ed9943d586c7554	67334d33f458443839fde30191e5dd7f5aaa1ce4832de5076ed9943d586c7554
18	18	cbb47104b1605ee023e9117f0d66bc4613a28c29e2e30e0cae9c683164da5772	cbb47104b1605ee023e9117f0d66bc4613a28c29e2e30e0cae9c683164da5772
18	19	97b314ab378f968cc0ac25ecbbc94bda61b4aa8573ccbbe614cca517dda17019	97b314ab378f968cc0ac25ecbbc94bda61b4aa8573ccbbe614cca517dda17019
18	20	6229e79633b3590bf82c9f795796dc164f3a77c8ee9a7529c1b2260eb24155c7	6229e79633b3590bf82c9f795796dc164f3a77c8ee9a7529c1b2260eb24155c7
18	21	4afd3c507338c6c148a174a27ab63d45f01c365aa388083aac1fdfc7c1b8fbfc	4afd3c507338c6c148a174a27ab63d45f01c365aa388083aac1fdfc7c1b8fbfc
18	22	86c9f69cc15afb4065779c767aae36bac0b8d113c7896910a0c612a8e85d0637	86c9f69cc15afb4065779c767aae36bac0b8d113c7896910a0c612a8e85d0637
18	23	c762c2dea1e7947c4e5d60abe365fd2322c983f5e16a845e259e59f6b767b2e0	c762c2dea1e7947c4e5d60abe365fd2322c983f5e16a845e259e59f6b767b2e0
18	24	f6bd621e87e2c493b6728231babd0b04cef447589ae6f471a18e9476d887dab0	f6bd621e87e2c493b6728231babd0b04cef447589ae6f471a18e9476d887dab0
18	25	a1b8239353239fece5b539bccdea070c11b20975841ec0b6dc07e413c00750c3	a1b8239353239fece5b539bccdea070c11b20975841ec0b6dc07e413c00750c3
18	26	ab7fd99d72f57b3b493c23ee592e7cf6aba60c5afad610f34eb6f8864a86e41e	ab7fd99d72f57b3b493c23ee592e7cf6aba60c5afad610f34eb6f8864a86e41e
18	27	274ee7199ab266771b851104fa56d26535ea1135f9aec402a0a4ebdb3d9c15a1	274ee7199ab266771b851104fa56d26535ea1135f9aec402a0a4ebdb3d9c15a1
18	28	03388228d55330cb1c5ab0d781ef4d638da63461ae81edf49d9b9b0e0841117f	03388228d55330cb1c5ab0d781ef4d638da63461ae81edf49d9b9b0e0841117f
18	29	df8aeab32497321f2212a7e8e6043abdd98d5c15333169d6de17dbfc9a52ea61	df8aeab32497321f2212a7e8e6043abdd98d5c15333169d6de17dbfc9a52ea61
18	30	cba544bb21a20343c687c6a85489e514073ab0800bc885debbd899b6cd08e054	cba544bb21a20343c687c6a85489e514073ab0800bc885debbd899b6cd08e054
18	31	91164b751c75b34dec9ec4b857adc9eba34ea87a2f61b00f778f98f103e1c413	91164b751c75b34dec9ec4b857adc9eba34ea87a2f61b00f778f98f103e1c413
18	32	261dd8cc2430d6b593bda758fe4d8098e3ebb512955751eee9181cc483bb1c87	261dd8cc2430d6b593bda758fe4d8098e3ebb512955751eee9181cc483bb1c87
18	33	b08d3cd5d97e3bb206a7b319951482e05546d7ce3d39df47f96c40b741db0bbf	b08d3cd5d97e3bb206a7b319951482e05546d7ce3d39df47f96c40b741db0bbf
18	34	239ffb31a97f34544a5354b5eb39f3df3c50c821fa981928d112e1e7a3fc1ad4	239ffb31a97f34544a5354b5eb39f3df3c50c821fa981928d112e1e7a3fc1ad4
18	35	9d1530eaf994dec931a0d5bf22d0ba3ec0fce8aa215ed2e060c3440c2ef3f8c6	9d1530eaf994dec931a0d5bf22d0ba3ec0fce8aa215ed2e060c3440c2ef3f8c6
18	36	695135e20f79588e182ed2ea6517ef91d46e073cedd9ae0587449a5d421ba89d	695135e20f79588e182ed2ea6517ef91d46e073cedd9ae0587449a5d421ba89d
18	37	0b80f3172ca610f1a8097ff03c8e006cb4bcf3d38df6001774d73b203eb2f121	0b80f3172ca610f1a8097ff03c8e006cb4bcf3d38df6001774d73b203eb2f121
18	38	0432e553e1162806c862713e2e47c124bce8e7ff2d3c1c5e05286a7eb644fb93	0432e553e1162806c862713e2e47c124bce8e7ff2d3c1c5e05286a7eb644fb93
18	39	0d9372ce958758d99bb6c12f5c804ee439d49de1a53357b6ba9eda09fc396d4f	0d9372ce958758d99bb6c12f5c804ee439d49de1a53357b6ba9eda09fc396d4f
18	40	6a3ac6bdbb79f7afa83941ca86ef58191f203df7a6beda81c4ecb0c2b2380b91	6a3ac6bdbb79f7afa83941ca86ef58191f203df7a6beda81c4ecb0c2b2380b91
19	0	4aa16a9f93e429e3c3a749af9d0a1179173ce0e23ad71e244ce8016c6a22c115	4aa16a9f93e429e3c3a749af9d0a1179173ce0e23ad71e244ce8016c6a22c115
19	1	5b8ef17fa999a024d7b8caa65cca9705573053fcc3e2ad68db9b3970682daae3	5b8ef17fa999a024d7b8caa65cca9705573053fcc3e2ad68db9b3970682daae3
19	2	49e3a2ddb796e9dd3bd58e639d956d0b2ce7665340d9d7eb5561b2c43c157894	49e3a2ddb796e9dd3bd58e639d956d0b2ce7665340d9d7eb5561b2c43c157894
19	3	9c658ad9792aece7d3262a5103752c4de63283323d340141b725d55c1cea0f27	9c658ad9792aece7d3262a5103752c4de63283323d340141b725d55c1cea0f27
19	4	ad4f082cc11fbb668b22f532ab5bd7ac4d572d8f3fc13001a1777e3249151a98	ad4f082cc11fbb668b22f532ab5bd7ac4d572d8f3fc13001a1777e3249151a98
19	5	1b06a57a4fb6515b86ffd8ab3d9a5afaad4664f2cf6faca86b6b4b4808b0be4e	1b06a57a4fb6515b86ffd8ab3d9a5afaad4664f2cf6faca86b6b4b4808b0be4e
19	6	13462137eefca7c0f6b3f8150226f88be0cf23208ea23040679c12cdfe27f948	13462137eefca7c0f6b3f8150226f88be0cf23208ea23040679c12cdfe27f948
19	7	e4ffbb1b1b491ab792d62213d9f52b059798c42b9379c8eef377daa647e8786a	e4ffbb1b1b491ab792d62213d9f52b059798c42b9379c8eef377daa647e8786a
19	8	7ebfa1624c4504e582c36c9a41a4dae9c5457c8c591139208123c006778ee184	7ebfa1624c4504e582c36c9a41a4dae9c5457c8c591139208123c006778ee184
19	9	8006c28c0a528462d0869681b4dd60a65e4a623887178e8a039f0083f3368eba	8006c28c0a528462d0869681b4dd60a65e4a623887178e8a039f0083f3368eba
19	10	1a521756ee47b15d766b757de4c77c4f5f749afef3f067d20afa0a7cda30b236	1a521756ee47b15d766b757de4c77c4f5f749afef3f067d20afa0a7cda30b236
19	11	789e81234409ab0e143396e2304b50a140ce6136e579301c2aec360cf043e18a	789e81234409ab0e143396e2304b50a140ce6136e579301c2aec360cf043e18a
19	12	cae2eedee8b4005523f66587e6a691bf208db0f0013c83ddc6eada158079b784	cae2eedee8b4005523f66587e6a691bf208db0f0013c83ddc6eada158079b784
19	13	89506e2280f271513dad90273546b6a233cc31984d1af4667eeb4af55aa80920	89506e2280f271513dad90273546b6a233cc31984d1af4667eeb4af55aa80920
19	14	81c4411943256fc9f1ca7cb08f7282ae7f72577a19d05b6c3a91c07c04198100	81c4411943256fc9f1ca7cb08f7282ae7f72577a19d05b6c3a91c07c04198100
19	15	cdb6d5e82662c5e019da3cb4d4bce8184c1cd5a22cc5fa6a43ff119ca588cd0d	cdb6d5e82662c5e019da3cb4d4bce8184c1cd5a22cc5fa6a43ff119ca588cd0d
19	16	c112c7ec797006971e7081d4b5973cf28f9cf5de6844efb9afb4d94e19be8f9b	c112c7ec797006971e7081d4b5973cf28f9cf5de6844efb9afb4d94e19be8f9b
19	17	0b29fa7157742a504869808a82651e40115f15f48b4f2602bb40b7295f2f97ab	0b29fa7157742a504869808a82651e40115f15f48b4f2602bb40b7295f2f97ab
19	18	b64532dc88e4fba2792572561ae93d2679dca0eaa560b82923c003184999dcef	b64532dc88e4fba2792572561ae93d2679dca0eaa560b82923c003184999dcef
19	19	e121eb540e71ab2716f51654a0f14ebc52af4e3aebf55fa61ee75fa1202e8062	e121eb540e71ab2716f51654a0f14ebc52af4e3aebf55fa61ee75fa1202e8062
19	20	ea884393d8b7770cfbfaf2c5f621ecc3b87d2ac0659aeda3ce67b8da42b53d4f	ea884393d8b7770cfbfaf2c5f621ecc3b87d2ac0659aeda3ce67b8da42b53d4f
19	21	a927afe81687b937ebd1bd1c10c5a87ac58b4503c678d3e1839f434304f6fb40	a927afe81687b937ebd1bd1c10c5a87ac58b4503c678d3e1839f434304f6fb40
19	22	e7b99a53760770e6a94ed98fe025430b64a690b7ac18bf4f2f2e9bdad13b21c6	e7b99a53760770e6a94ed98fe025430b64a690b7ac18bf4f2f2e9bdad13b21c6
19	23	8737e211373469f8dfba8c9c52008c1e8dec7899e1dcf44a0f5d9fc0322fac8e	8737e211373469f8dfba8c9c52008c1e8dec7899e1dcf44a0f5d9fc0322fac8e
19	24	bb7d130cd8d47d66fd721a246a58b56d2c8a6c3d4fb925f3ff5877394ed9eadf	bb7d130cd8d47d66fd721a246a58b56d2c8a6c3d4fb925f3ff5877394ed9eadf
19	25	c1b42990f457a5dd7495221c0a64486eb6bc77c37d39497727b1e55eecad01c3	c1b42990f457a5dd7495221c0a64486eb6bc77c37d39497727b1e55eecad01c3
19	26	36327e0484a1cc1de40e9d69114b555c5ce2503cd91a886c46f6d5c67e4c5001	36327e0484a1cc1de40e9d69114b555c5ce2503cd91a886c46f6d5c67e4c5001
19	27	1b621182f72d4cbe32f014b55df0d994f1a254fdf8ecb8c70a1b35237f4fed9e	1b621182f72d4cbe32f014b55df0d994f1a254fdf8ecb8c70a1b35237f4fed9e
19	28	e5de79c83b2cf133eb1f1adedd746f65577af155575ad81c46ab8ef34454e0c0	e5de79c83b2cf133eb1f1adedd746f65577af155575ad81c46ab8ef34454e0c0
19	29	2dcb2b5bf1c2ac908dadf1ae7f91efa39212aa8093735bdf69c817941126c1fd	2dcb2b5bf1c2ac908dadf1ae7f91efa39212aa8093735bdf69c817941126c1fd
19	30	e5cbe2a63919423652899cf5a2649ca322d5543651ba490eeb46e8a77cff1931	e5cbe2a63919423652899cf5a2649ca322d5543651ba490eeb46e8a77cff1931
19	31	8d7ceaacbe1a2831a3d6146c2a70a53504c5bcf50c29df9fac17d1d8755bd2ad	8d7ceaacbe1a2831a3d6146c2a70a53504c5bcf50c29df9fac17d1d8755bd2ad
19	32	db82e151cd8e4f8619b7a2e3c5fa1f0f1ec88926720264624a43e4728de70fb7	db82e151cd8e4f8619b7a2e3c5fa1f0f1ec88926720264624a43e4728de70fb7
19	33	0afbc1621cfa1daab29d2256abf865c90200d30746e96a126717c16e24c28ece	0afbc1621cfa1daab29d2256abf865c90200d30746e96a126717c16e24c28ece
19	34	64fe2f2fd104ca0df8e5b3ad653af01e8a40004f52b3e14fa209cb70bd2c80e5	64fe2f2fd104ca0df8e5b3ad653af01e8a40004f52b3e14fa209cb70bd2c80e5
19	35	f3fd5df322e4de3e87a016dc35f4f9a4b7870f20c49d6abde78d657df478cc49	f3fd5df322e4de3e87a016dc35f4f9a4b7870f20c49d6abde78d657df478cc49
19	36	00fa47e425ba4cfd440401c92d235ccbbd100986396ad30b71a5654783ca1f6d	00fa47e425ba4cfd440401c92d235ccbbd100986396ad30b71a5654783ca1f6d
19	37	abb71c4fdb8972670a3dcc2cf4dafcbea924aa1ee74f4320c98ccd37da073725	abb71c4fdb8972670a3dcc2cf4dafcbea924aa1ee74f4320c98ccd37da073725
19	38	7e1bb8848c360679c9cfea98009fb240c182bcc6959f81478f39cc9ff2dc53ff	7e1bb8848c360679c9cfea98009fb240c182bcc6959f81478f39cc9ff2dc53ff
20	0	463fcd3635a6082b3d2f4550543c68a6af9081471362489e2f1a3b657ece3977	463fcd3635a6082b3d2f4550543c68a6af9081471362489e2f1a3b657ece3977
20	1	082635582a25428d2be118c77d11cbaa2332c884948931d1820e8222dc701e30	082635582a25428d2be118c77d11cbaa2332c884948931d1820e8222dc701e30
20	2	e7393385dca242c73c2921a28cfe619fba415ab0b5815db01341123a1461a5e3	e7393385dca242c73c2921a28cfe619fba415ab0b5815db01341123a1461a5e3
20	3	af996238365d7bf0427e2d8b33c294a6e3ba1d6086e1b757ee8c2fe1d4521f5b	af996238365d7bf0427e2d8b33c294a6e3ba1d6086e1b757ee8c2fe1d4521f5b
20	4	b25e3f71fcaadb24ba34319c2b6a542009969baafd27adb694e2700cce8cb7f2	b25e3f71fcaadb24ba34319c2b6a542009969baafd27adb694e2700cce8cb7f2
20	5	84203537f9b8a01fc00c8451bbef7dcaa29f9f108c5f3fec8b5ca703f7ddb4a9	84203537f9b8a01fc00c8451bbef7dcaa29f9f108c5f3fec8b5ca703f7ddb4a9
20	6	937d4f362132ff711186ce0cabd92a41307b46ea392300eabf7d0b8b7574de1f	937d4f362132ff711186ce0cabd92a41307b46ea392300eabf7d0b8b7574de1f
20	7	190d6ed6bfd6cea2477e3ab8294f18b57bb6238c32287c2b81f294d747b24fae	190d6ed6bfd6cea2477e3ab8294f18b57bb6238c32287c2b81f294d747b24fae
20	8	6b532e7cefb56793e5075155dff142064f9c5087ac0d8a36fd2008e5a7952695	6b532e7cefb56793e5075155dff142064f9c5087ac0d8a36fd2008e5a7952695
20	9	34422022fd3af9d82e63a548a4e8d41ef889eb17dd170407dc4eb0ade18de62b	34422022fd3af9d82e63a548a4e8d41ef889eb17dd170407dc4eb0ade18de62b
20	10	894c008c2fc55468506c36ada1ec331068b5523d845de4efe60c05933e71ee18	894c008c2fc55468506c36ada1ec331068b5523d845de4efe60c05933e71ee18
20	11	e64b7416fe88a1e1ca925bc9eb3bccb5dca9be8390cea6684d64859c0ae9c931	e64b7416fe88a1e1ca925bc9eb3bccb5dca9be8390cea6684d64859c0ae9c931
20	12	451673f684e4978d66ed4bda7a4d5e5b4e740a2506e48f12527e9b937610c50b	451673f684e4978d66ed4bda7a4d5e5b4e740a2506e48f12527e9b937610c50b
20	13	65f4663c1b5103a3ff972998ac6a7033c49d6a08851dd7f11f62928fe1239887	65f4663c1b5103a3ff972998ac6a7033c49d6a08851dd7f11f62928fe1239887
20	14	82aaef2c5b50e6123b28a5b763f08bad0e9d301dcd1c6d3be2ce84c4c2ceb7b3	82aaef2c5b50e6123b28a5b763f08bad0e9d301dcd1c6d3be2ce84c4c2ceb7b3
20	15	4f02c1b3ee5ce69f2e03cee068b0d0a803502771094dec3bf4d4e05cff5e9f6c	4f02c1b3ee5ce69f2e03cee068b0d0a803502771094dec3bf4d4e05cff5e9f6c
20	16	ac721e9df19d27f02d3e1f4a7e14f33d5008d37702d82d55fcaaa949df2d7175	ac721e9df19d27f02d3e1f4a7e14f33d5008d37702d82d55fcaaa949df2d7175
20	17	690aab26b1a626aad2aa07a18623ade92de64807d2dfe221e6e08f05e68cf2e8	690aab26b1a626aad2aa07a18623ade92de64807d2dfe221e6e08f05e68cf2e8
20	18	859dd6abd0d70b9d91f6badc9160c331edef61543fd8883364f05a9d9624de0f	859dd6abd0d70b9d91f6badc9160c331edef61543fd8883364f05a9d9624de0f
20	19	354e6ad657da3699d7550f27985042b15db510395a4af9a3f4ceee7aad56657a	354e6ad657da3699d7550f27985042b15db510395a4af9a3f4ceee7aad56657a
20	20	f090dc257e6f2d1a32e07e296890334bf5daaf1f9f3717ba7f83d10df4e5a6fc	f090dc257e6f2d1a32e07e296890334bf5daaf1f9f3717ba7f83d10df4e5a6fc
20	21	7aa052da8a36c31c24a4acdcdeeb00ec574f006a2a688e13ae4e9e76f1debac6	7aa052da8a36c31c24a4acdcdeeb00ec574f006a2a688e13ae4e9e76f1debac6
20	22	6517614f3214ea605d73f400821499c3e307dbf484c093a503207950c357eb80	6517614f3214ea605d73f400821499c3e307dbf484c093a503207950c357eb80
20	23	c7377bf5a418da41c243e15ce3dd117a88f49b7d9a79a3f6f85e8ca0fdd37f2d	c7377bf5a418da41c243e15ce3dd117a88f49b7d9a79a3f6f85e8ca0fdd37f2d
20	24	a2bf0feb72fbabb34b51a385a6843c7b39430022799d210859f13ee8fba16a68	a2bf0feb72fbabb34b51a385a6843c7b39430022799d210859f13ee8fba16a68
20	25	610b608173b055df628cc9358ee254fd33985c59fb5beada95f2535d77d754a3	610b608173b055df628cc9358ee254fd33985c59fb5beada95f2535d77d754a3
20	26	77179ffe2ecb4e3bccc45b42f22a2576f39ebd7de07e47cf49e681de5fbc52e7	77179ffe2ecb4e3bccc45b42f22a2576f39ebd7de07e47cf49e681de5fbc52e7
20	27	760fb1afbad7fd1cc57c56f3177c28e2e1e31760fda5891d09acfb1dce65f20a	760fb1afbad7fd1cc57c56f3177c28e2e1e31760fda5891d09acfb1dce65f20a
20	28	1a5d8d84f92697204e4fe3dc36a2e548bda0ae4fc2d9ba8f4fb92c9669837769	1a5d8d84f92697204e4fe3dc36a2e548bda0ae4fc2d9ba8f4fb92c9669837769
20	29	24afb5609b94bae0a15cf3c5b4cd6fa82407a840a21ec4f0b9d665c08093fd5a	24afb5609b94bae0a15cf3c5b4cd6fa82407a840a21ec4f0b9d665c08093fd5a
20	30	e6ca58c682c795603c7c0a9e1b1d6426c14c031f9c6dbd17314feea670236842	e6ca58c682c795603c7c0a9e1b1d6426c14c031f9c6dbd17314feea670236842
20	31	98a0027da5b4011abfcade9802a4480e7c051f550e9cb8f9acc7657e511b3604	98a0027da5b4011abfcade9802a4480e7c051f550e9cb8f9acc7657e511b3604
20	32	bc150eeb21bff87b15f367fd3858c3c4cddcab46b43a835cf12244c356f8b02c	bc150eeb21bff87b15f367fd3858c3c4cddcab46b43a835cf12244c356f8b02c
20	33	f0f25992349964913757d89b460eaafbf17f6a0864eb860d8e1f33204da8d2f3	f0f25992349964913757d89b460eaafbf17f6a0864eb860d8e1f33204da8d2f3
20	34	c861770a2c0246bca7b467350af5895cfa8e5a57c460ad2b04083d0d8ed9234f	c861770a2c0246bca7b467350af5895cfa8e5a57c460ad2b04083d0d8ed9234f
20	35	2347ef6a61b70818244b964cbf5b55eaf472dd180fa8f55f70bf1629d394e45d	2347ef6a61b70818244b964cbf5b55eaf472dd180fa8f55f70bf1629d394e45d
21	0	f0f806cb1368cddb175a2c90467fe375e18b95959bd653e8e890d6f0594a0070	f0f806cb1368cddb175a2c90467fe375e18b95959bd653e8e890d6f0594a0070
21	1	0bcce8e5af3f40b89848e8b86e109e72385b980cb763a1d553a592ff095788ae	0bcce8e5af3f40b89848e8b86e109e72385b980cb763a1d553a592ff095788ae
21	2	3bf165b9e828463b49029b30bf2b326e9baab4dfe8aa127c718d37d4cf8a1c9e	3bf165b9e828463b49029b30bf2b326e9baab4dfe8aa127c718d37d4cf8a1c9e
21	3	c9a9e30de335cfd1bc24f7b6c3f93fae334233d3e27b3124c82c243ac3e13afe	c9a9e30de335cfd1bc24f7b6c3f93fae334233d3e27b3124c82c243ac3e13afe
21	4	133c1df9a4133bbb30db0cbfdffd4708aafb3ae0fb3fa21b740f1ce1aba712f8	133c1df9a4133bbb30db0cbfdffd4708aafb3ae0fb3fa21b740f1ce1aba712f8
21	5	6a3b3f864ba5fbbdcef81b135b60a25d040eb5c67222ad0b87d6407b753e47ff	6a3b3f864ba5fbbdcef81b135b60a25d040eb5c67222ad0b87d6407b753e47ff
21	6	ad85898273f059e04fb5b7faa849761b6c418cb7ca1bfc64e51317be33da3d4e	ad85898273f059e04fb5b7faa849761b6c418cb7ca1bfc64e51317be33da3d4e
21	7	c11fedebef44713f1c3d83b831446c60b6fa827a9af4347fce17f19180d46989	c11fedebef44713f1c3d83b831446c60b6fa827a9af4347fce17f19180d46989
21	8	57651a967c27ab0dd8369d14421df11d8c40baae5994fd38fb783ce711490645	57651a967c27ab0dd8369d14421df11d8c40baae5994fd38fb783ce711490645
21	9	b5746ae2c7e3133330bc41c66cb8799e04a9f13f13ade8261659984b831ce92f	b5746ae2c7e3133330bc41c66cb8799e04a9f13f13ade8261659984b831ce92f
21	10	f8bcff07456456124dd5899e01476439a11077075ef2238f9d09296bea87c3ca	f8bcff07456456124dd5899e01476439a11077075ef2238f9d09296bea87c3ca
21	11	f4747351fc1cb67a6fa2b1d8322ce95fc664ac2d2205c4edf2692a9dac59f486	f4747351fc1cb67a6fa2b1d8322ce95fc664ac2d2205c4edf2692a9dac59f486
21	12	e092fae262e3d4bc1a32b1a2a08ef915b9673172aceab36225ec09517fe26bdf	e092fae262e3d4bc1a32b1a2a08ef915b9673172aceab36225ec09517fe26bdf
21	13	5707eed13ef41de1034f53296e0e09e36dc665fc2e58cb2ece5491a783d8b5b2	5707eed13ef41de1034f53296e0e09e36dc665fc2e58cb2ece5491a783d8b5b2
21	14	ecd3b9515bd5f4ae5a0026bd874528d9851f4caf03cda6388afbb1da1f2631b0	ecd3b9515bd5f4ae5a0026bd874528d9851f4caf03cda6388afbb1da1f2631b0
21	15	d90910a707d6c15b7a30f4e8e74d0788541e8a8e602be772a5687e5758806b06	d90910a707d6c15b7a30f4e8e74d0788541e8a8e602be772a5687e5758806b06
21	16	7653250af8256446ebad06f509557d43f52cac1163e70d8b0bfe006632bdcfff	7653250af8256446ebad06f509557d43f52cac1163e70d8b0bfe006632bdcfff
21	17	c5f39c4bf907895c4a756c5277cdd37ec708e1cd03bb141d39cadb2989f96345	c5f39c4bf907895c4a756c5277cdd37ec708e1cd03bb141d39cadb2989f96345
21	18	a775a876c53c35551f6ea6292362f8a620a5fa1040834a703a09b762d4a81dee	a775a876c53c35551f6ea6292362f8a620a5fa1040834a703a09b762d4a81dee
21	19	f4497051bc05261801ec70ee1223ba75cc19d97db6b2fb4e7a031e1e59b4d717	f4497051bc05261801ec70ee1223ba75cc19d97db6b2fb4e7a031e1e59b4d717
21	20	11514a855347698a789c8da8923c93a093f2c34cf04357415d03056b379ba394	11514a855347698a789c8da8923c93a093f2c34cf04357415d03056b379ba394
21	21	f665f8b79af5762b7359f761f48f98bcbaefa0a71c46874d1d2401e7a1bdf0d5	f665f8b79af5762b7359f761f48f98bcbaefa0a71c46874d1d2401e7a1bdf0d5
21	22	9ed82050609204685ec9bfb511c2e5329024ab68eec50f864a93093d48c23aa1	9ed82050609204685ec9bfb511c2e5329024ab68eec50f864a93093d48c23aa1
21	23	6890b49833d746d49a08087e25169b489a935a777d701119686fd6c39d6acfb2	6890b49833d746d49a08087e25169b489a935a777d701119686fd6c39d6acfb2
21	24	6149373f192a9e8634cc4cad3f3d3943bb317d4f0a6b2f6f84e342b6f73e466e	6149373f192a9e8634cc4cad3f3d3943bb317d4f0a6b2f6f84e342b6f73e466e
21	25	e3e93bb0a24c0732e52b0f6c6de5f30e5d29dbf822f10d6f93990e1d9a702fdd	e3e93bb0a24c0732e52b0f6c6de5f30e5d29dbf822f10d6f93990e1d9a702fdd
21	26	feaa0be193269001a71cedbc674cac0e598b2c76e80478b3a15ff97d15b39425	feaa0be193269001a71cedbc674cac0e598b2c76e80478b3a15ff97d15b39425
21	27	9b598d9541b1a950aebb834f929bc4a226ff35748d95ee4f62fda59d1e28161c	9b598d9541b1a950aebb834f929bc4a226ff35748d95ee4f62fda59d1e28161c
21	28	4b9c807dd63298bf9985568ff2d310c5b24937419fc28eec6ec6c26ffab900ce	4b9c807dd63298bf9985568ff2d310c5b24937419fc28eec6ec6c26ffab900ce
21	29	e19f0e57301b15b39000955181497e8ba555cdf1284971b8ba7aea2b96f8250a	e19f0e57301b15b39000955181497e8ba555cdf1284971b8ba7aea2b96f8250a
21	30	62e7c5f456e0a039264a6c39a9cdc65ba9e101f6fec2b034bd0d998486159da0	62e7c5f456e0a039264a6c39a9cdc65ba9e101f6fec2b034bd0d998486159da0
21	31	853ebced4ad68314a56337c1b5129bcfece5983a54ac6aca825a78ddeb4a910f	853ebced4ad68314a56337c1b5129bcfece5983a54ac6aca825a78ddeb4a910f
21	32	0f05d1a365a95631a626b959e7d46b7b0a76badc321fe7c2ba604f5478c3f5be	0f05d1a365a95631a626b959e7d46b7b0a76badc321fe7c2ba604f5478c3f5be
21	33	8f4c224b02274327e81c686a00dd163bc5a217ef9170454bd7d6cb6d91a4350b	8f4c224b02274327e81c686a00dd163bc5a217ef9170454bd7d6cb6d91a4350b
21	34	7520903c1eecc27516a0fa60085fa976a1a1967d6148196f84974d7aa44d3367	7520903c1eecc27516a0fa60085fa976a1a1967d6148196f84974d7aa44d3367
21	35	12a078028d5f9046ff6598270b81f1b5b5a718deafdd4a774c48e193532683e7	12a078028d5f9046ff6598270b81f1b5b5a718deafdd4a774c48e193532683e7
21	36	e3f694c1a4cc3be4d6e951f0d7375550acd6bb8cca3d211b45c4d3ef60d54810	e3f694c1a4cc3be4d6e951f0d7375550acd6bb8cca3d211b45c4d3ef60d54810
21	37	4ecba5a0971694b1c2fc46bd3476a36833b302529dca3de0faa5af29bd4c0e9c	4ecba5a0971694b1c2fc46bd3476a36833b302529dca3de0faa5af29bd4c0e9c
21	38	6dfd790808dc4e35090d51fca64f0e6b4dcf48fe721f2f73359ec933925303e3	6dfd790808dc4e35090d51fca64f0e6b4dcf48fe721f2f73359ec933925303e3
21	39	3d12e1831e0cca02d1f3c2e73e60690a4cc729d4049a0b7dbb79134c4692b71f	3d12e1831e0cca02d1f3c2e73e60690a4cc729d4049a0b7dbb79134c4692b71f
21	40	fac65e4875458020a250e1f02f140163b692c5c7a9cdd7d146ed8ade7bf005a4	fac65e4875458020a250e1f02f140163b692c5c7a9cdd7d146ed8ade7bf005a4
21	41	5f9d839c0fbaae3bc3e4abd7de0be676f5a111e2c7aad75f268b1eb0ecc8da41	5f9d839c0fbaae3bc3e4abd7de0be676f5a111e2c7aad75f268b1eb0ecc8da41
22	0	a979f32100849d288eefcff7a3b61c4bf870a2feb9cab0fc941373bb45e51b68	a979f32100849d288eefcff7a3b61c4bf870a2feb9cab0fc941373bb45e51b68
22	1	222a1f125e2b2fa24b109c37b79d40b6de1956a45a29ba53aa0aa2f14f0540b8	222a1f125e2b2fa24b109c37b79d40b6de1956a45a29ba53aa0aa2f14f0540b8
22	2	a61cd601e13c5cdab05ac93026dad30c651ed63e169879e3bab3681fb8d67f4b	a61cd601e13c5cdab05ac93026dad30c651ed63e169879e3bab3681fb8d67f4b
22	3	dbe1ee0cccec4f60d729a5523dd3401f831543a4718c94541318fdf1c6b39cbc	dbe1ee0cccec4f60d729a5523dd3401f831543a4718c94541318fdf1c6b39cbc
22	4	e61cebd0feeaacdd0cb9c5b28a97033f128fdf5b5325ce8d1ee598ce82602c85	e61cebd0feeaacdd0cb9c5b28a97033f128fdf5b5325ce8d1ee598ce82602c85
22	5	955e1539ec6e728b5ab712f621b910ba41d86ffa7e5fd0b2bbd6927ebdd8f632	955e1539ec6e728b5ab712f621b910ba41d86ffa7e5fd0b2bbd6927ebdd8f632
22	6	5305c4d974777e644731b364c069817b91c7fe402743a289f38282b172fd11d9	5305c4d974777e644731b364c069817b91c7fe402743a289f38282b172fd11d9
22	7	5bbed8b27a3d96ca66679cc7cc67ea7d3b47b9d1955d6e4c977bba7d39a37b5d	5bbed8b27a3d96ca66679cc7cc67ea7d3b47b9d1955d6e4c977bba7d39a37b5d
22	8	bcecb0e2d8d7604615692ab1cafe80c38f71ce2ae73fda16e5d7ef06fbcbbffb	bcecb0e2d8d7604615692ab1cafe80c38f71ce2ae73fda16e5d7ef06fbcbbffb
22	9	7f937bc0f44473d3d001e9f13a8e8206c7962f602164a1d5796290a740d23936	7f937bc0f44473d3d001e9f13a8e8206c7962f602164a1d5796290a740d23936
22	10	2d8799f55061833b74980a704d56b0959f7a4543699870f0fd89377455aa9551	2d8799f55061833b74980a704d56b0959f7a4543699870f0fd89377455aa9551
22	11	3ab15c65bf6df2772a4409aaf50e141b55bb18945218f8ea0ee58f659ff506b5	3ab15c65bf6df2772a4409aaf50e141b55bb18945218f8ea0ee58f659ff506b5
22	12	888086602d461f19378a48c18498d91ca7180db4e06f441f5a8361dfc5baa765	888086602d461f19378a48c18498d91ca7180db4e06f441f5a8361dfc5baa765
22	13	39f10ea5d018a1de726ed62839e3e3731e16ecb3ac94eaa00d2f3fa026f40c87	39f10ea5d018a1de726ed62839e3e3731e16ecb3ac94eaa00d2f3fa026f40c87
22	14	aa00b463b6c4d6824193f14a054bc5e353bb6e7b1c8d6785aa1b48b84c0e0a07	aa00b463b6c4d6824193f14a054bc5e353bb6e7b1c8d6785aa1b48b84c0e0a07
22	15	f3d32a974c95fa773b78520a98d6303d5f0f02a4b0072e8170bb45e87329057f	f3d32a974c95fa773b78520a98d6303d5f0f02a4b0072e8170bb45e87329057f
22	16	3a27943d8c1088643c998ff0ccbb7500fe5b969a2e0151705b3e3b649a771e36	3a27943d8c1088643c998ff0ccbb7500fe5b969a2e0151705b3e3b649a771e36
22	17	257720874115694cc24838e1005bb4f3df9c90a4ed8148cf914bd25c3e324f6f	257720874115694cc24838e1005bb4f3df9c90a4ed8148cf914bd25c3e324f6f
22	18	d7ba0419fba0316fb186295555e8f17a70791811fe2e64656cd3266566d67caa	d7ba0419fba0316fb186295555e8f17a70791811fe2e64656cd3266566d67caa
22	19	557484056a55b7406eb20e49455c739e2d4439012125e76bfad8891724e47b09	557484056a55b7406eb20e49455c739e2d4439012125e76bfad8891724e47b09
22	20	584886cb1a2901f4a577504ed396a9392a29b2293c30a8af0035dd4d199c1209	584886cb1a2901f4a577504ed396a9392a29b2293c30a8af0035dd4d199c1209
22	21	cdc2fa1f3a7c0388182af67e78fe379a278e51818e3726fdb426aa7e3c88e40d	cdc2fa1f3a7c0388182af67e78fe379a278e51818e3726fdb426aa7e3c88e40d
22	22	f9d7b5179de6eebf32f25c276c99c1e746cd3b57ef0bde4b46645357350f9eb5	f9d7b5179de6eebf32f25c276c99c1e746cd3b57ef0bde4b46645357350f9eb5
22	23	19d2575105fd7cbc235c314ff5cabb2164290463170c8b6247502afaadeef5de	19d2575105fd7cbc235c314ff5cabb2164290463170c8b6247502afaadeef5de
22	24	eaee853589f0b90e81ea4053a49abac9b37dd6423196650461fbf204e0f2fad0	eaee853589f0b90e81ea4053a49abac9b37dd6423196650461fbf204e0f2fad0
22	25	c9181b529a3121d6b69e3a8501ad015e433f21c3aab887390d169587efb8597b	c9181b529a3121d6b69e3a8501ad015e433f21c3aab887390d169587efb8597b
22	26	f338c60b42826cda57dd481cb49e4d047f94ce6923e4373ca1a50e1707532102	f338c60b42826cda57dd481cb49e4d047f94ce6923e4373ca1a50e1707532102
22	27	42a371b30e709934b97c60e5c341059c9c54b9beea4f61576cdd557fe689811c	42a371b30e709934b97c60e5c341059c9c54b9beea4f61576cdd557fe689811c
22	28	3b1213b5eb3957407933ff1ee2acc5c227eb131f6cf1bf0907eb5b00054d2da7	3b1213b5eb3957407933ff1ee2acc5c227eb131f6cf1bf0907eb5b00054d2da7
22	29	f1b26839363af13244a626724041c79e277dde4464a9a74ff4323f5f47033477	f1b26839363af13244a626724041c79e277dde4464a9a74ff4323f5f47033477
22	30	4cc25712bd451b586a3d865e91c92a0f757ca447ed11936eea18aeb0b4779d67	4cc25712bd451b586a3d865e91c92a0f757ca447ed11936eea18aeb0b4779d67
22	31	0fb5fbaf877c87bc253fec92856b33ba4521096fb04d8f3a174e7ec466322a70	0fb5fbaf877c87bc253fec92856b33ba4521096fb04d8f3a174e7ec466322a70
22	32	5b240f1bdee956b9409dbd8adc063ef863e27b114a9b000e6545cdc1e4755cfc	5b240f1bdee956b9409dbd8adc063ef863e27b114a9b000e6545cdc1e4755cfc
22	33	bdaacc5ef5605029b4d4f0ea2fa4f9ce4a5e2021c61aa66ba1b47ce87ba49e65	bdaacc5ef5605029b4d4f0ea2fa4f9ce4a5e2021c61aa66ba1b47ce87ba49e65
22	34	9ff6a9c7ddc3fa8d50cfdb2b146e3795211f754971095a73d5cf92b6daba50bb	9ff6a9c7ddc3fa8d50cfdb2b146e3795211f754971095a73d5cf92b6daba50bb
22	35	a8b67b90a8b1aed7e58907a8b573ef9d7d93dae1175902f16d2b596061232095	a8b67b90a8b1aed7e58907a8b573ef9d7d93dae1175902f16d2b596061232095
22	36	c6be82c856bcdbd0bc4b750431d343bf671ad12f748077898f31404e1be448c6	c6be82c856bcdbd0bc4b750431d343bf671ad12f748077898f31404e1be448c6
22	37	1596019085086b0ba1acaf664c4ae016b8256ce60e8804691a6fedd8abff195d	1596019085086b0ba1acaf664c4ae016b8256ce60e8804691a6fedd8abff195d
22	38	d71edeb43ceb199b3a7c793f3a3dbb5036a40d8e1ab484be52fa9a3e666e08cd	d71edeb43ceb199b3a7c793f3a3dbb5036a40d8e1ab484be52fa9a3e666e08cd
22	39	881a8d5ee7e90f2c9130540d43a702b7b815f7f02e95fbda01bc649831e9b226	881a8d5ee7e90f2c9130540d43a702b7b815f7f02e95fbda01bc649831e9b226
22	40	b115f13eb8ac3781066a18ea6045ee3783f4f26c8755150e47d835946e10dc3d	b115f13eb8ac3781066a18ea6045ee3783f4f26c8755150e47d835946e10dc3d
22	41	ecae6260b5486f7d2b7f8510d47fbdbddbf969e4c4781b3a446e7d8aa68230f6	ecae6260b5486f7d2b7f8510d47fbdbddbf969e4c4781b3a446e7d8aa68230f6
22	42	173d4ec32cc4ee1f4b148ecf0d9223b031d350cab2dd8ea78cc4c5c54f65922d	173d4ec32cc4ee1f4b148ecf0d9223b031d350cab2dd8ea78cc4c5c54f65922d
22	43	9f64d2d04af320545024dc6be4614ec4d46b907b3831a497cdf01500f9257095	9f64d2d04af320545024dc6be4614ec4d46b907b3831a497cdf01500f9257095
22	44	316fa568be9bfbd859a786ede1631a30ef13dfb7191b713f895a2fdb667cdfa9	316fa568be9bfbd859a786ede1631a30ef13dfb7191b713f895a2fdb667cdfa9
22	45	6628d4ca134322e466f8ede9038626b06b9e837f07e910107057b1ec259a3bf5	6628d4ca134322e466f8ede9038626b06b9e837f07e910107057b1ec259a3bf5
22	46	4658b9b5d4b1920491a895de9f1fbf23ec69c51a265ed75fb461a429a73b71e4	4658b9b5d4b1920491a895de9f1fbf23ec69c51a265ed75fb461a429a73b71e4
22	47	6e8a30736ec123c111db99f074a91dd617029d148d2c074e95ea00d102baf63b	6e8a30736ec123c111db99f074a91dd617029d148d2c074e95ea00d102baf63b
22	48	5dcf431a81671738a54d04134dce2f1bbeec07b4d60c6b96fa4943da1cacedff	5dcf431a81671738a54d04134dce2f1bbeec07b4d60c6b96fa4943da1cacedff
22	49	fe8e3622ceaf71c724637aaf14fa768a612d1341a7a595d44b0a21fc17adf1f6	fe8e3622ceaf71c724637aaf14fa768a612d1341a7a595d44b0a21fc17adf1f6
22	50	3bb4efba8e89d20d46caf6bcad4f0c7c01e020997450915a2fe9105357798cce	3bb4efba8e89d20d46caf6bcad4f0c7c01e020997450915a2fe9105357798cce
22	51	b2da2cd31efd94fbc1117b356b82c2519af63c2ded3b5436e3c448c9e34ce10c	b2da2cd31efd94fbc1117b356b82c2519af63c2ded3b5436e3c448c9e34ce10c
23	0	3e9d0273b6db2911f5ff9dd6f0f3690bf772e27313c95cb40da41d51e244aed5	3e9d0273b6db2911f5ff9dd6f0f3690bf772e27313c95cb40da41d51e244aed5
23	1	26dc15478590bf4fcb6f71a59e498720b4e4d80c0efb574e12740ebb9949ec22	26dc15478590bf4fcb6f71a59e498720b4e4d80c0efb574e12740ebb9949ec22
23	2	1d222de9bc041901b72cf4cd304932575d19ddd2ac6cf3a0848c47189303c5bf	1d222de9bc041901b72cf4cd304932575d19ddd2ac6cf3a0848c47189303c5bf
23	3	9b5609c6587527ed70ce8da02d011b2e525cc3c378c4f08b3a6414414cfe2531	9b5609c6587527ed70ce8da02d011b2e525cc3c378c4f08b3a6414414cfe2531
23	4	ac40ac2db8f3e134a24389c09bb5a3328e9da70ffbd31f4f1dbbc84512cd7894	ac40ac2db8f3e134a24389c09bb5a3328e9da70ffbd31f4f1dbbc84512cd7894
23	5	ff78bab6178e3bae08ff84c874ba7fd43597058d1f1d161c622dadba7ba98a57	ff78bab6178e3bae08ff84c874ba7fd43597058d1f1d161c622dadba7ba98a57
23	6	f561fe33196185b6fc3ab30d7acbb8cc2497d93e96702bf2334c5b6ba0b8dbd3	f561fe33196185b6fc3ab30d7acbb8cc2497d93e96702bf2334c5b6ba0b8dbd3
23	7	444bce6ef5751df4a311ef0dee54e2d9d6e8c7b795dc17a797c76b0e8072a35f	444bce6ef5751df4a311ef0dee54e2d9d6e8c7b795dc17a797c76b0e8072a35f
23	8	ae639210959d9ba3a4701e432734581a7fcabb9b1ecaea9399bf319273669e13	ae639210959d9ba3a4701e432734581a7fcabb9b1ecaea9399bf319273669e13
23	9	dd2077934bcdee9c7ad78087dc75a186af7e5e08713e9a2903554cb7f62033b1	dd2077934bcdee9c7ad78087dc75a186af7e5e08713e9a2903554cb7f62033b1
23	10	23d3bcd77c215145d68aaf3536e0f39588efba8a9bb71b64f73f92a7a92fc293	23d3bcd77c215145d68aaf3536e0f39588efba8a9bb71b64f73f92a7a92fc293
23	11	7cce4ef0a146b659907e7d62d6a28035bd7271e897028ce7a1073ab929e72b44	7cce4ef0a146b659907e7d62d6a28035bd7271e897028ce7a1073ab929e72b44
23	12	5383c83458a1656c555e97b8890104086026f04d598050b6282f8c8c825f94eb	5383c83458a1656c555e97b8890104086026f04d598050b6282f8c8c825f94eb
23	13	2d2109d377ff9cabcfa42d35be3207dbc2485996f7db6bb4bd73a82f9a016b8a	2d2109d377ff9cabcfa42d35be3207dbc2485996f7db6bb4bd73a82f9a016b8a
23	14	2921008e36da7c005412cfb5ff561bfc7319cc33db3274002c7f80b049886686	2921008e36da7c005412cfb5ff561bfc7319cc33db3274002c7f80b049886686
23	15	60f345ae8acc2b36ede19a8279ddbaeb294755f54758b1bb6ceb14fb21ca1f7e	60f345ae8acc2b36ede19a8279ddbaeb294755f54758b1bb6ceb14fb21ca1f7e
23	16	81343263941de6366b14329ba3311448692f31b9beab65676bf0b5cd422fe065	81343263941de6366b14329ba3311448692f31b9beab65676bf0b5cd422fe065
23	17	50fad803e2fa9eff6ea4214f42456e96908a435024c75eb84c5005e71cbf5784	50fad803e2fa9eff6ea4214f42456e96908a435024c75eb84c5005e71cbf5784
23	18	6d2c58142cf1a1d54edfeb1f2375d3f2aaf272074ba5c4bbc813f8e7b97a376c	6d2c58142cf1a1d54edfeb1f2375d3f2aaf272074ba5c4bbc813f8e7b97a376c
23	19	ffcea42815a021c1d642ee25c5b66f8af2544f7e9249d94fe67ea9df4aa8ffe4	ffcea42815a021c1d642ee25c5b66f8af2544f7e9249d94fe67ea9df4aa8ffe4
23	20	b055cc5220e2d60e98e6be2a72eb331d5b34eef5f740100e48ddff405bb935e8	b055cc5220e2d60e98e6be2a72eb331d5b34eef5f740100e48ddff405bb935e8
23	21	e8d9d917a8bad5243c0a8590b1752bb3abe0c12d40b1d4b860e4e1d4e2d4e1c8	e8d9d917a8bad5243c0a8590b1752bb3abe0c12d40b1d4b860e4e1d4e2d4e1c8
23	22	213e7105744bd665753190d1e0ceecc6b3a7449356a394cecb7178a06c124ba6	213e7105744bd665753190d1e0ceecc6b3a7449356a394cecb7178a06c124ba6
23	23	cc2bd9309775b83057230802b1083b2b87ad94f10fcf85288de10b1dd24d2f65	cc2bd9309775b83057230802b1083b2b87ad94f10fcf85288de10b1dd24d2f65
23	24	568b84b3566a4292a77206e3e30fcea2b30f6a16234180b0aacb3a47659a616e	568b84b3566a4292a77206e3e30fcea2b30f6a16234180b0aacb3a47659a616e
23	25	8d8961bc7a374a4367897bdbc00e8805d71bef04b329b0b6f98c9e9a6f3f658d	8d8961bc7a374a4367897bdbc00e8805d71bef04b329b0b6f98c9e9a6f3f658d
23	26	d52e959d5972f684c3f41c4afcd5726ad9c7c03a08ad3a8719154ec342d6d9f8	d52e959d5972f684c3f41c4afcd5726ad9c7c03a08ad3a8719154ec342d6d9f8
23	27	e67aa492cffaa39319819aeba5e2c7d518c4671bc256329a5383f4d31472734d	e67aa492cffaa39319819aeba5e2c7d518c4671bc256329a5383f4d31472734d
23	28	cc3dd9bc79ddfd13beba964b2e2c7352ea9d97a99913e0a25b6a6ada28670741	cc3dd9bc79ddfd13beba964b2e2c7352ea9d97a99913e0a25b6a6ada28670741
24	0	665fee829b14db88755b4aa131db20efbe58777148399e2d8d000b0a193626e5	665fee829b14db88755b4aa131db20efbe58777148399e2d8d000b0a193626e5
24	1	d209f045138288846fe20ed681b9e744bbaa80aacb434b91b51c28f2531f2974	d209f045138288846fe20ed681b9e744bbaa80aacb434b91b51c28f2531f2974
24	2	cb18ee12f7edf2fce5c5ac7ccfac4fe07fcf3c86e2a274158f63dbceac2c28d7	cb18ee12f7edf2fce5c5ac7ccfac4fe07fcf3c86e2a274158f63dbceac2c28d7
24	3	340803b2a1917d3978bd276ebfcf583aae64fc71fea43bac2a733fb02ec4e731	340803b2a1917d3978bd276ebfcf583aae64fc71fea43bac2a733fb02ec4e731
24	4	adbb8225908ef64ec938ad704ac895281e3081af3cc696a77f02e3b9cc6700b9	adbb8225908ef64ec938ad704ac895281e3081af3cc696a77f02e3b9cc6700b9
24	5	21d7f9adad0010061b170da2a7fdbe46f839f56cf665dff33d7d276a7f98613c	21d7f9adad0010061b170da2a7fdbe46f839f56cf665dff33d7d276a7f98613c
24	6	2c37ddc2375bed82151040d0c75cacb5acbebbc0c2a2727431838f3da01ffae6	2c37ddc2375bed82151040d0c75cacb5acbebbc0c2a2727431838f3da01ffae6
24	7	7f86ccdcd0ec809bc22832389d418beee02609ec2b4ce533b0c17338a5860e60	7f86ccdcd0ec809bc22832389d418beee02609ec2b4ce533b0c17338a5860e60
24	8	ddff248f10dbb0d2a0d80fc8748fba9ef3d8cadf75d8e45df2c89c6455b7538c	ddff248f10dbb0d2a0d80fc8748fba9ef3d8cadf75d8e45df2c89c6455b7538c
24	9	b615cf0815b4663f2a91131aeea77bca053cd8946b594328865de19de2676649	b615cf0815b4663f2a91131aeea77bca053cd8946b594328865de19de2676649
24	10	dd03801078689a431fcced5a497199c8d01dae0c9f5089e411a9e5bfea358b0f	dd03801078689a431fcced5a497199c8d01dae0c9f5089e411a9e5bfea358b0f
24	11	d40029e832b3e769eb38574d2e41400fce7f91f7cc9cf99c5d9a732e7257506f	d40029e832b3e769eb38574d2e41400fce7f91f7cc9cf99c5d9a732e7257506f
24	12	1ec736e9082babb3e6cfaea159d84f18ed83270a6d5eb4169ef59da94fa0c02b	1ec736e9082babb3e6cfaea159d84f18ed83270a6d5eb4169ef59da94fa0c02b
24	13	269cecd882e978c6a90391754a14f9266e3ba90556971b63ce805bbc5b215e65	269cecd882e978c6a90391754a14f9266e3ba90556971b63ce805bbc5b215e65
24	14	0daee538c100e65f11d6ca8225be793b35c89da4771f026f64e3d6ccc40380c0	0daee538c100e65f11d6ca8225be793b35c89da4771f026f64e3d6ccc40380c0
24	15	28a6982f6e9e8f6c9ce65f0dbe7bd0e336fb0f7f08fe8e5e2756816c9d467c51	28a6982f6e9e8f6c9ce65f0dbe7bd0e336fb0f7f08fe8e5e2756816c9d467c51
24	16	015a596c636c12db8cc80e1d3cbe0376accabbcc2a222dc38a925827426280fd	015a596c636c12db8cc80e1d3cbe0376accabbcc2a222dc38a925827426280fd
24	17	5f19599bb0d7c615555709bfa0798e312875de852e7dd9b8a2476a750c567fcd	5f19599bb0d7c615555709bfa0798e312875de852e7dd9b8a2476a750c567fcd
24	18	d7a6ba0e53de106c04432b6228b549cfe2053893d2e431943819412b62e390ea	d7a6ba0e53de106c04432b6228b549cfe2053893d2e431943819412b62e390ea
24	19	ec80fcfb389daac7e5c7f73e94269621374857e824e6f6d87ba368dc0890457d	ec80fcfb389daac7e5c7f73e94269621374857e824e6f6d87ba368dc0890457d
24	20	7683d9f9831f0b48bcfc245f710048852b4d4d2e32d7cc27181563a02f761402	7683d9f9831f0b48bcfc245f710048852b4d4d2e32d7cc27181563a02f761402
24	21	bc0cb4de311168ef1f190173644f2efb255eefc276b7434b8d08b681a7e065d1	bc0cb4de311168ef1f190173644f2efb255eefc276b7434b8d08b681a7e065d1
24	22	6dd7eb6c1cdde364152ff7df778a45d473e57ed6c0e289322c628ee9e80cce72	6dd7eb6c1cdde364152ff7df778a45d473e57ed6c0e289322c628ee9e80cce72
24	23	e6d8109e69fc6e4f24455ebf758bfc92a5ae6d9073b08778c560475625df1369	e6d8109e69fc6e4f24455ebf758bfc92a5ae6d9073b08778c560475625df1369
24	24	2db5e9298da69ced23c24c3637177afa5855e594bcaaba1b8e53467597a1253f	2db5e9298da69ced23c24c3637177afa5855e594bcaaba1b8e53467597a1253f
24	25	6fdcbd3ce863a0935ebecccff146d00330dc0aab855cf7c167f852a6b351a6a4	6fdcbd3ce863a0935ebecccff146d00330dc0aab855cf7c167f852a6b351a6a4
24	26	8790608c693e32a23340e9d9e262a21ece22a86cc6f838632230139e92e637a8	8790608c693e32a23340e9d9e262a21ece22a86cc6f838632230139e92e637a8
24	27	4b3631bd709cb608edc2c02a45b99613ec55a2126c3460c80e319585a0354dad	4b3631bd709cb608edc2c02a45b99613ec55a2126c3460c80e319585a0354dad
24	28	3377589e7896a8d18b773a129e693f7fd2d162d13d8428373d252af8a6a1dcdd	3377589e7896a8d18b773a129e693f7fd2d162d13d8428373d252af8a6a1dcdd
24	29	6be1ce8cf39f6f412754088497930f1060dc80780e5d893a61f1888a4eda5110	6be1ce8cf39f6f412754088497930f1060dc80780e5d893a61f1888a4eda5110
24	30	62a88fd2cdca3251215092fc3ac14a0ea8216561762afc7f11cecb274dc628ea	62a88fd2cdca3251215092fc3ac14a0ea8216561762afc7f11cecb274dc628ea
24	31	04b691db56bec6f80a69ac3cba1832c8d97ccda8523f5dc80ecb9c583b9e41cc	04b691db56bec6f80a69ac3cba1832c8d97ccda8523f5dc80ecb9c583b9e41cc
24	32	b4c5e33cbe7107731183df90d371803bbc27e96a14a5e82499a676becd7c3685	b4c5e33cbe7107731183df90d371803bbc27e96a14a5e82499a676becd7c3685
24	33	922e762aab250efee76fdc6a08aadc5c7b906218784e1a5812942e0aa226dee6	922e762aab250efee76fdc6a08aadc5c7b906218784e1a5812942e0aa226dee6
24	34	0c50c682253f8b7f3e35be7e8ccd20a532a6bc9eb537eaae5940e5f7cf0b7e2a	0c50c682253f8b7f3e35be7e8ccd20a532a6bc9eb537eaae5940e5f7cf0b7e2a
24	35	080433ef040296fb34841a4bbbb4f45f3970c712e24e637b82a3dfe969c59336	080433ef040296fb34841a4bbbb4f45f3970c712e24e637b82a3dfe969c59336
24	36	a4cbf8fea5dcd1b4067b6571a256f4174ef4325de2328eab83551a96f89e46c4	a4cbf8fea5dcd1b4067b6571a256f4174ef4325de2328eab83551a96f89e46c4
24	37	cde722027eaee877cc77065a11fa0e04edb44865f8cd29c6ad353f38ea396f2a	cde722027eaee877cc77065a11fa0e04edb44865f8cd29c6ad353f38ea396f2a
24	38	688164590a20c4a59d11d5b26c85b2a9235b9627c4b1ff512d5a1562dd5a0526	688164590a20c4a59d11d5b26c85b2a9235b9627c4b1ff512d5a1562dd5a0526
24	39	7772e96ff1e2b2d4d459d2002fad0250cc6f822cf6dbb7b57cdaa8f86cedc5b1	7772e96ff1e2b2d4d459d2002fad0250cc6f822cf6dbb7b57cdaa8f86cedc5b1
24	40	169b78940aac317a353df8748329053da615641567249f1a3f2b8aa6f65d362b	169b78940aac317a353df8748329053da615641567249f1a3f2b8aa6f65d362b
24	41	ee706577245a5f934f9f2fad336c5c1cbb2acdb2a7988d4b49578ebb20bd26c6	ee706577245a5f934f9f2fad336c5c1cbb2acdb2a7988d4b49578ebb20bd26c6
24	42	ddc0fc00cb6598f9bfa2d0f4b8ae230c01b4801f595bd10837a5c9336027e2d4	ddc0fc00cb6598f9bfa2d0f4b8ae230c01b4801f595bd10837a5c9336027e2d4
24	43	e8fdb4c4e21448c1f7b0e023de811a554ee3f64f0b11a20eecf27988161ba3b1	e8fdb4c4e21448c1f7b0e023de811a554ee3f64f0b11a20eecf27988161ba3b1
24	44	b5691057a4d82f6b1b4920a871ee0078e2d643cf0a62b83fae0ed854e3966b82	b5691057a4d82f6b1b4920a871ee0078e2d643cf0a62b83fae0ed854e3966b82
