chapter	paragraph	sha256_full_candidate
1	0	26c62170abd6e98aafc5d328a34152092aa23fe05cc2a5e830fa1a7a43ae964c
1	1	fb0d316f226165c3f4950d430770fcc603c7c5cf58bd0e9f0fd8bae99a09beef
1	2	36eda031c762811bfc578b42d37c616956545e9a01e3305a1e32d21f9d541a13
1	3	faee0c22574b66fbb820e19aa6919d2d97917c1f31c0f93ffd2832696ba1c4b2
1	4	267bdf23b6b9b9843c9707d688f14dc03c979d659f8917afb5a20ed352c0faaf
1	5	9868f36e7ce3cab502191c3fe027e7b8332dc9e7894398417cc562cba6ae5df5
1	6	7e793b45e94069efdd0506a9fdfdc96aebfffaeed76d63d6e540eddcb9f3fb22
1	8	8e9b00f9640c222aba471d72f52baff75692ffe80fa8cc4ef74f8878da1ce38b
1	9	28ecc393c63441169ffdc3e2d1e01c987063bffb1caf55b7d26cedd75eaf44ad
1	10	2b8ef44d4719c189ad82a1b3a2d58d9317a2ee37950980e510df35617e0268ad
1	11	838affb6cafc09fd6ea6dcb78a516e56da34771b6b41ff059b7460d1031afb32
1	12	e7842dc21fbe7d6f0a8721179a4007b82318d9414a2419f142558fa37e403ed8
1	13	f6dbe6d41a510f4addd1a0cc5767def39db2b20ec261180e748d621370210b2d
2	0	f76442b605eca06c4015d6ca6ccde7dbc7672ca234c450e06c56c474042bad17
2	1	c07bfddb593318ce9b2e783ffe0fe97016c00f3a811def2136a69bfc9b4d4634
2	2	8c7de1f721bbd2c33425496c4444d9e0b3b1a3d1657d223e8e59f5f029d4b86f
2	3	043f909df777eaea8359c7110a81f299075ee9629b3cb036c22f0ae7b913b8c9
2	4	095006ee92e4cfc91af365b17909551aeda1b8cbfe786be4b5c5b66283395cea
2	5	d317a3bd9971a3c5aaa212d45d54ba776f03e8d637aa2c24eb76bbf8dd51daa2
2	6	e3f6e443549ebc557d9a63fff55c869317a5b035b465e3826251305189c46104
2	7	792928d2eefa53ce5757ae2f8ce66bfba60eeb247c3e2a065527e10289b07148
2	8	4e2b4e4e110a8bd4514749171c1c63f5db61c0ab5586e02bbc2bd197fe25a73b
2	9	ad29044401a2689fd6739b57ad0da3355d46ce2934b73abf341d7e06c6ac3ed6
2	10	863fb53320458ba3aaa668777872920d2ed13f01a93089da9a41e2deadc7d8d7
2	11	8eb0a4ef1386734fd398b997e3b25e26ff78064a10977f4a1e904c846dbc5d5b
3	0	58211dc46dbcb24fefa734632038dd102fa2598626b22f6b32d7392f01c366b5
3	1	19ffaff04cc5725d49731f14805447ee5d5c23536c91f18f3b44aef2ff804037
3	2	c65c18b7e4f0536d66cc7ccc8c9b89531bcf471b40692c9e71d95bbf500b22dc
3	3	8dc82061546c7c548a91c9b3a29453fb0d6475e9f72f6dc6ab4a3bb060711834
3	4	04da8716f626faa5009f3ee4a6f67b53a0cb5ce4a3876cce91c2576fa3fe488b
3	5	13efbb0bd2185c0c95670f3d5524504bac27e2dbafedd1aa199b2e7b3092bc53
3	6	6ca6fd8e2f7e86b297b82aebe30502e0ec296828d408792ed9c899620e73c017
3	7	c1d3b77c0614cf55bfd4ab543166095c7f117bf5edba0bf7bfdd9893c3d44750
3	8	60f25ee59104145e1940900f6221d20fa9138fb0234b8c13c3154fa4b93e72f0
3	9	5a7c5c63d2e323ddd06f241ac8267e4bf65d4b939ba039aa39c0e3f65c95fea7
3	10	a3b944a1e97e14e5a1025fbdf7627645e741d912eae69ed1adb1ec91f60b8185
3	11	7ac20bcbacbea07c998ee94db19e6a97883ad78da70d88785e871a1b5e953f6f
3	12	d833446744bf4f7a0d8d39d8ea47ac55297aa7ab76980d8142f3ab4733513568
3	13	615a08759800c7551c7d96308b8eaeda24b76b3b090b76eafabd47a9f48543b4
3	14	23d25514d51c5a99d08f98faa919b46ac69e6412f02d40368a20f22f486e42a5
3	15	c1b5f69409a9d5c237dbcc9895cf6fdb54f421eb1bdc5a7104add36c669ede46
3	16	fd44a745a0d7f88689267ad495fc90adfd95813028b2539a3be2c6a0852519d8
3	18	0c6abb82f4b599a11f5a3dabc4432db9af0343904b7fb42059f61801a870a206
3	19	bec4b9ad896293b89ba272549f4f942486471dacafcc898faffc0d030424ebc5
3	21	3319fcd24e0fd3e9f12a85d6e388d0b256421b7217ee80a4835826221c042643
3	22	29db897ae7eb248df41616c09feb687cbe80fa7fca5638b6ee93ec201a80ce76
3	23	38e71f4e2caaaa95e54a0133209b83ae165f3db9f1c3d307a891fcca0eaf5f37
3	24	4ecd59d215d088c9492be7e988da8dedfbe5894037844d53311c20e59cec4a1e
3	25	0a5af872d5619179772175aa8f3e5adecacb810a244cdea0cf7575130eecffd1
3	26	3ca3e55a5611369d1d9d4ef928b4a4784be740612aa825326f7c8841b50f17e1
3	27	b04281661f9bd12b69fdaa4d30524eefaecaeed8d5bdc1d69c26357434c648a1
3	28	ee96fa5da1c30048ea639f3ad70a3a5f9d135f1c96851891cae2881c58121a61
3	29	fdf609125d3c40f6600f28edda27fabd194e314147a5e1c413e9f0298999f191
3	30	6c0c80282adc914b1fc385bb9ce4b82ae151868b4c13167f9d12b481a36211d3
3	31	de527e34ea7d9e53f489c07cc57a65c961417ed91909e044f2dafc68f8b977cf
3	32	1ef823c08726a4cb7b4ac370e3c89a013cee03eae05b7ecd80586d71e2ddc595
3	33	40c07d8c5f6cee900124a701acba6e4afdd654588891f4b1f66ecdb894c43d1f
3	34	7c37637e8ad0003b10f2556e17e41045ccfa72a28f2ff142dd6fd0bc4d66367b
3	35	c2d990740cfe19b48e164f11899b6526d84ff3bd03c3ae57de95f1c7f5373279
3	36	e74ed40fdb10117c904c2584b4bf09e8cd195fbdd3c4638e523b35c5e14a627c
3	37	3aca3b1e0da82205100d9e4f5e5bca94c5446bff9f3360f26f5d97c2f39fdc7a
3	38	8ecc42159cffadf280d99d2221819f06c77d71a58e4d3347ddb96efaf46a4538
3	39	60dfcb3939b80cf76a72cc95987e53286df5dd738891efc4d6035f0d86c1e90c
3	40	e1430b45825ac370f1f9ba16bbc8d9ceff0f70299772df3630d4c5cc922feed0
3	41	a2e984e91c05ab2d24ea1d0a724252e6b9a4ae51f0404ffa120270b3389c4fd7
3	42	39332962c23076a3d9b410deb79ad804408a82ec9fa0933715678af26b323f58
3	43	d689acdadebf8a1e44f8d6baef2a616a528e59fa2d9fcf120ea3ab55911becad
3	44	ef3a0bf245d142f7ac20acbe6cce03277b2d0c454dfd6125f0cb4bc605efbfb3
3	45	b4f0c91e6da7e79e06e0965af4f167c4bc801307e6d4548638e40504eb8fb9ea
3	46	a5afcc7920eb9c564f728181c05c471d26d4a0e46aae91384af5c004f04e2cfc
3	47	1c6ae38650a616b9a2bad5f9bd4b1185eebd905513ffee63277344c656302be3
3	48	fe8945511499e376a3f9ca742a3a7edbb9080e9304b3e65a09ed47426edd8f7b
3	49	5c7ec27c2b63dc77fa5e57441c4a9b2e88b3546851f5829f3079aac5cb9882ea
3	50	3d7d244b6187555e1cccd6228daa018f8bb046ae8c8f233d12e6c0741d35612c
3	51	817d4c0d2a5dfb7aa085d6f409fee37a373b3e826593be23030c18e31bdbffce
3	52	b148dedca8d31174212c4a1e36f4f3efd6cefd7fdf26d1147e31961670da1cbe
3	53	77c0796c85f10593b3b62e61ad37acf4a30c35edd3bffab6a50fbd225b1fd765
3	54	32c1f86ae3a1eecc0f51486ae77fbed1ee7b283dbbfc513c6956c86cce593b22
3	55	83091f095dc66b7b574532a6c438e60caabef403ec8315379e2347367568531e
3	56	922910dec491db4fcd4ef2e0a457d56a31fc2f4c922b826c6851aa0cfb9627e3
3	57	29510689e29f4c49b6ff8dde8414f4b1a57569a0e13b0b1c8f2793269122896e
3	58	a5024abc6e3fa4a9048b7e9404654c262858c5297658194d8fbe61ff13ccd9ef
3	59	0639a87d9928cd81b674ef288c8746ae697a8a10fb45733839be3fc72c21c25f
3	60	5ee1a76b3e078379d7bd979894ae7e3ca013006b979c4a7b7ba714d9ad25dd4d
3	61	28d76dcbacf80ce824b2f256170c9cb47c2c65908ddbaea20fe6d57270466872
3	62	7a12b4a50ff7d11e0d062e5d76f0227001cfb928bee13348742c9145d0a28663
3	63	26a156bff0b2be3b8ef21f22bb8e8cd08cdd821cde974d6b655ec96cbb26fddc
3	64	dc12b39a9821f1d6d27afc44657637be8547d369a9b2e735d294bd60b46adc63
3	65	1332d217c0288d6c23fbb76efed4a6ed6f3bfcd440efc7431e1282b431705506
3	66	5579fb139e9cd665dc3ae6cedbb0fa6f98d7e49c44479e2650a8bdb650a27cba
3	67	1ded7133c14ead90ed37a4a81196034e3c678e0f4ad19a53e17d83e58f5253bb
3	68	0a3c7251fca6f7ef669ee7da0fe63873d8148f42a014916cd3bca93c7f85aa98
3	69	f83a3091585aae72ff5c016ddcc1213eb7075be777dbbccefe248c2b61b17bf7
3	70	1668d6a57b863b4f37de2a84962f387b220b7aae7557ca2dc868b9721bae1f17
3	71	bb7262ebb587b7a8373e319be20c1b1142f74580b94bc476554847ab0488bac5
3	72	b8965faeb0470aedc797f486a36dde5a1ed53ed5982c85630c24b5f84f30cf44
4	0	5d242d2bfdc0a32ac55eb33ca1d72b745e18f82320ad2898e9b24619f0fbe17e
4	1	18361c26677797d4794c2e5e967ed874c3dc5259d0ca8ae0d572847808286ebd
4	2	eb4147a0a8ec09652085bde50a45740ebe957a58a36d84bbda1bbdf8a9047a3e
4	3	9f643b77540d487b8c05cc0853ea6e27fc43077d2ae09d96a3bbedd15b9a4a5d
4	4	baa1c0567260981bc9243d530fbc5b4df89f242bed6590971507237836f75233
4	5	ae3317a9ceedf8cb26d5dbb02e09e9fe9da1d645d6212d5fa0e197bd59e01567
4	6	bb72b60c654654d601664bb743af963f026f8f07fdbc5fbc43e86af5ecff52cd
5	0	154dfcdb41138de9002228fb6074f87f94164baa9863b3a89911428205a48e7a
5	1	c1f75e4039faeb9fec7349b2be1a5b493cb3c6e8e69ec82a3a4e05ff92bd88df
5	2	d1d2b1b4f21f2b16526d43f89db7af3e3ae12369afe838b9e69305f430c87f2e
5	3	f93d46911e6442d46635f1000b0465042a4a1c0d37b69ef206f08f5c72fac97e
5	4	cf694f6b1abbae9317ec55fa3543327522d751c249609938613cdc345f74f7a6
5	5	019d91ecfe4e7d365d29d1faf81e26fcab1e322bac8ced869ca63b8de5a6bcf0
5	6	4510f4c8940561352798a6ab3cbc772917936eccd42da1d48c7623e42bd432fe
5	7	e1002980d0b878ef83868fcd182c21e7da6a7ee08e635f41b9d0c4e213693547
6	1	96de139bbafbab7fedc32522b8a796b1f253df29b9cb8ffc7e02da92bac8a712
6	2	72d5c69897fcf931fb5ec3d2ae2b70771da124cb0a067117bcd595dabc85401d
6	3	940354a1d4c70fc008903229c7711896746f6ac1d567295addfdd80a418b7e91
6	4	01e9f194b52c09f8233043d4a1b4912407e686013f928c56804011e17f49a6ff
6	5	96767a18f5f07a70b4f8621119210ab4132237ab0262f5dc4635c636690d95e9
6	6	708361d112727e25a8aad8511b5a17282258d1406d4dc26e2ab837fa6daacad9
6	7	53746aea24898a184381c180e6a10eaab44f96c64deed9b952973187d1fa9b51
6	8	89ad4105c6f48373cd068defe332424584ea3451cb101d850695edbf88fe8021
7	1	9ed915ef943f286ff9f1340ee7e6cd035bac8b4c50474b1375e6a8070838d6ad
7	5	b3142aedf737ba0069f00e13cf218b41c3871c6b95431b767b09263b55cfc750
7	6	af8a626764380e73eb5fd7ffabe7b5584044c9bc405aab095e48016703407c2d
7	7	d1ba3850ff36d010db54c8927256a17470cf39d8164a43744d24b337652d7e5e
7	9	196de8b7e69d12455b64028a47d07bb82d1b0d6d72b93c629fbb500dd1f76334
8	0	9d8475c81fc0cc82c24cc17a3a6773d8a7a95ce58384a9521d74aae95629c5be
8	1	669a89590dba327a82f548308ae3d6e5a0eef2691f1ac9a60647fd4a3ee27c9a
8	2	5729c7bb8f60ce813222f7c45fd63cfc3aec96ca51eeb3ff513f9c48493102bb
8	3	2a4f01a60e88c9085028e4731fc2f11e61ffe995ae5fdf29b26d764f4a9a1d0d
8	4	694c57ca5032a161ca3eda87ac4692282e6488e5707d8ca2c4c095a2e9827648
8	5	d262c0451d6dcf698e5d1c3e78dc9701db8941a6ac02274bdaedc8a7a5531947
8	6	5fe8957768d2d04c1e7e620470eab053f2a122313020b8e0ae41803a1b4ee314
9	0	62336875219f698c3c4278149a0d9e8413d2e2f317b586ae5c08b35d9d5841ba
9	4	bae0fe3f644a14ca87feecf6cf1081275fada2c3b3a3ca7621775f6ba7f41ad7
9	5	3af88a871aad25f6a10135bb84ee9e5c2ea4be126d3f534769858979dd2cb5e1
9	6	0fef5be122c86210262bbcc9ddbf16b5f68b0af4edcad651dd50b391b545e996
9	7	afa10a5c450f7f7bfccda3983d6e26025594a24c417366cb0411a8c9b3e7ac10
9	8	05dd0cc66b78bb31bc2c2f30bb9556511e66c4ab80b5bbe3aced33a64f137cde
9	9	12c4e283e3cbd07e96af977bf5ef31dc6ae54bd8011b1461d7c0a85b7d454408
9	10	5f45569875abca3416aba23791f5bee276f3293083bb4ac22e77eaa37e0ece78
9	11	794c8b8b339890ad11ebeaaab10f3aa38c6ecda6c2dcdf794d6c4e254f711b58
9	12	ef96dfaf4fd51c6acb2007923e7ca93b0a77990ef9993180f79db5f77bcc6187
9	13	1cb1529e57304f379c9bd1f0dbf27c7d4035af8fbb4c5f6cd17ed131fcd55658
9	14	969c5a218b19b30f9819a90712e1edbc8138b47f0dfa2e2990f35e70826daa52
9	15	af2a1aff945219768d995d96f5ab10070add2910c3d161088b6d8538a87c73d5
9	16	43c53710ae60af313673ea1afe340b7894028123fa7fe9b1b84aed6cb574e0f1
9	17	e4ad1910bee002a504bd359153e5efd05f7d54746e9fa9134106482f7d68ea8d
9	18	1fd4d82678cc2387354ef0f0f2d1e483e3fa4d6fa3d16a437cfe4a975f5193fa
9	19	b97f31a37d8c3ee69441e59ad4af2902c89d8a43cf1c8fe1f79384e13124d0f5
9	20	46a1fe2ae917b09e29bf89607aeb1ae40034b7bcd6810d1d35a737ba355714f0
9	22	535db91ab2df3c1fc550502b9592055e2bbff020abee087683c67fd690569e9e
9	23	8065c6a0d86a38e867b2c9f440ffeb401b59c1397c48c911de72e97b9b18b768
9	24	b9f97b227c85b83bd2d000dd093d1be1d1407624ee0183ca39091a7c6b357a79
9	25	04aa3f3c28de3461a2f6ae0eedc7e5e49fd9834531906f473d5bd18c2bdf6287
10	0	1b43ab05d6db7d7cd7adc0ed4257f1dc5dc66612ec0346914d1fb6c07a479d5d
10	1	95787e6fadddf43c2172fa65da6e3e8c19844ebf3c7efbcc6b29d08fbcd52fe7
10	2	08050c307ef98edcaa751849a54c657eb311d1d2ecf5657a50c96511a02d2be4
10	3	3913483e164c8505e6304dcd9c6e471c9351a422ee9d72f07007f71c48521b37
10	6	2e4ba66e04d0fd2db3780c94c357a010b5b5ee5307a75e957ff4b35d3291baf3
10	7	eb573ad1659f750f0af88ad5bec4457b8e3f9316483df5887d9e071d89424980
10	8	41b1d07ff42b7ad336aa2d62d96e13212cdf6d26f1ea74583a99f573e91c22d2
10	9	da496832a5596924847d819b7bf72ab53eb450807204e3cd10dc7319c224a40a
11	0	6abafb1a7232e0cd4fe95e92d4243e11a36c37badd0ef233c9284eb6d4a1dcf5
11	1	37ab960433fcfc4eb170d8ad431825be01c1f6de0cdc5ddb7784bd6516259594
11	2	f7d99d6cb36874127d2ae1b2a2db411628d4a74ac765d500d28c5340fcdf8d58
11	3	009c963dc3d13885ee4b6c96faa7eefcce8484246a5cc76e7d7f809d716ca24f
12	1	856fc5f5aebbbf9bad15a103346fd16379e272560f0872fed54e5a715da6487b
12	2	44aeb56f9ea0c4a486bfa5caccaaf4c6ddeec7009e71fa92bc19f56687d8b5b4
12	3	31a183b0a9a2d03ba5dabd71d37cd0612f0dfe863b72e181f7f8f82e01b61e1e
12	4	647e69c537910f0d67a4cab4ebdbcbaeeb53b0dac54421c8781501b067adee8d
12	5	1c9ade631039dc345fa042dff0f06e8a0fbb21bba2fe64efbf37394907fd20a7
12	6	1f228f031dd47df3e45e530c6e1ff2da550d2f272cf1558cff8a308a05283bb3
12	7	40d266c00605a4785b5d59a26e701608f31986f707443f64408a7c667978d71a
13	0	4562ca721307fcc7c63585c7172ac22eb6ad82a226b2622600d4e3890b05f61a
13	1	f552e0312ad82a72fab552dcf5b8d47ee777c0cd6a11049a64d245dd62223f70
13	2	160751fc861b2bd324c2f6a402796d4822355c94ebcc474ccde8ec0c825911bd
13	3	62b9d0da3107bd36f2cbc67dd778560239de6f90961252571b87a73c8d658a72
13	4	5a03bbfa56f69ca0e73bf84dd689225cbb6ee13bfca1be7a30675ce01c08809b
13	5	db6bca22bdd2161e93f6cea5c61af97a872a76ffcc95e34f9f38b9c4e8bccc29
13	6	67f45a90460dc0022527318622c5a21baabb5aafdb4e6d10ce9bc753e1954440
13	7	98c347d41ffe466e68ffa9bcb39d0ea8ddb4fd89d3333bdfc53b8bd0f1fdd508
13	8	7ecf0dbbb960304297e481814d0bb22c17b08a2b1979061c312ccd77f523ef2a
13	9	047a2b6099311de0a1bcfef07ba25e4bd36e2061f2380c53697403082a41bbc3
13	10	b0cd6bc7d30fe6b4ea819895cae05d0b21ab25eeb238e1cd8afaa3551e68e63a
13	11	b3474e4dfc4d91b51fda5513145ca90b4ba1d4192762cf95d76f6bf6c667e4df
13	12	da2eb40c861b4d24a6a621f09ef1568989fd40a2ef8594941012eca6d611bc96
13	13	9dee6e8cd0269df042f27da4b3e91268cb288ca620e10b886725fa668026adf5
13	14	834c8e84dc5e512122c6881d0f3a8eefa87fb5c347cda645d26f3db93cc7be4e
14	1	033c003a2af66ecccf6690097586ca36e763341c5e3d073c0ba3ead8e97a5532
14	2	beb16652bac9ad76cba59cf316a7ba916e19a57fb4d11b1e58e3064194360edc
14	3	007ecfdfcbf243b05c4343a2b9bec72d5e039d7a7f51f9285718cd812e24998f
14	4	cb172029dd929edd31da52faa4e5e5d1f08d8230ea23819370889480a0a68eb8
15	0	eceb115c330d4e867402a2fc14b67a56051bb68c1e24c2c1eff51dcc88b17812
15	1	cc06cfffe3dc564699395a283a0af6b68045f97a143951c5e544a07b374703d0
15	2	7ce346f9d078ea18a439396b61b38bfff1743b7a9c453ff54c1402b5d7535a5f
15	3	fe54d36b073afc2c2b1f313f932d463b08f22d462b13565b40af5abf5b23f519
15	4	0acd3534c42638fdc83b5e5b4e1392f864ea758c3b9f9409d5d38b740cbf8922
15	5	f6f55f95813064a6f7e1f441e6e433b73cf64096360d43845f338b545f5b43ea
15	6	a1e0a5afa263f1ebf6a60a94f1a033012b0bd32c2d16a7e984e53acbdf055e70
15	7	91106076d929d067086f2bd5132dcb819d4010a18c22939235d38167b582afbf
15	8	94d0c01b7632087818b6b147b78f89d1c77c6ada917b1d10c5ecf2560fd66303
15	9	e4ca081e9e540249281fd82e94383a9a0f2d7bf4205a8b05f63af746c591a0f7
15	10	23c613a339adb78cd5b332e08f7a271f8e86de9e58ba34019ff2487132637bc3
15	11	422034774b87148a9deef13f69b02ce02ea4d26e2d147b97175419c5c79690c2
15	12	978821b1948bda6e8b0c84b4238f271db63c94194c81062172d95c164aeaf286
15	13	26d51e1c42cc4f3111a41c10c2b8b05ef5d4c4fa85696565a331521a8e2b2caa
15	14	130e2e9822abb1415f82d5638025b9325ca32c2ba58fc7250d634f5beb88de38
15	15	4a33fe9e275a52ce9a650b1e04429ba1f18cb92bdb56e1d0bf7801605f699cc5
16	0	09e49936b4655dda2a38eaa17fd8a1b44cf87a85b0dd38e0316f5daed59fdad1
16	1	f8f337e033a722da2211433bb69c9220852f24d0ee09979aea1ae08123a23a72
16	2	ca92d7bdcefefa54685fabde13b3ad77d243601ef2aff733c944e9e3d8a4a4bc
16	3	b99e423d1e379c6d8f2a94638e72650c4e7624859b19fcdf343dd59b482615e4
16	4	8b4f044a46f8395e02d4cee904aa7735d6a56205804a1d09e7fb76f9c0117b46
16	5	224919912439c46c95a4c1238ff52c22ee8bc5e69642f9c301f00f09aa5ffdf3
16	6	dd8ea2a9f7f94964adef7990fc6e86176d8d88a94311d0a37a36b023a5dce8fc
16	14	17a4d4072b9be3be637d72ab05fa6c23ff936abde75c0a5d27ff2c96ca678e3a
16	15	b54e5e843fe2fc93ebb85f1423195f2fa9ce36551b298b3b99de339157ad26ff
16	23	dcd4972c8348090e590307da798e1a4450a1a4b2472e6ee81c454b4e54c72ca6
16	24	fd3958bd46a12d4b4727a92f83480a90fc86249f4078901186543137ad586b24
16	25	5230d43d3a07d65b7c5dd798bff58e1a849411ab14aed0fd9a540f3e63857d26
16	26	4b023703bfdd76125b5c6b6dae9abbfd8c21bed953decdc789e0e853e22338c5
16	28	6496a5230003930ad10e64fd3581f8030fb5d81266f8d154ea298959b912a88b
16	34	7a1e8e6a37ec3eab60832de27728bbece0389637ce284e20ba340587eb063696
16	40	f1695fc2985c2f3f65bc098a90eb7402f843018dac76a996177fd12b9a8b9a00
16	42	6a382ce79c4fdb622fafaa542f482ee3c0279aab88769e639a9e3955982cbae2
16	43	d675f8d75310f37945060751557aaae3005731a36c5d47254dda8323a43dc34d
16	45	39f2be061ee373753ebdac4d98b108b9a43de797f095ad01f8d9cd9216d47bdd
16	52	d2a5761e278c0104d8dfd4ccb144c916ebf131185fa118c3de383d1756167648
16	53	23ee7f5fe3bada4825136b6f9d034f05e71875b31a8424319ed16db48d8bdda5
16	54	8c82f282b9a6b383533dcbe650306d41f75c73c4f91704e711cc08424d5f3429
16	55	7f0bbcd0d89a3966a42df1a06e82a5276136eef69c1898f63704bfc1924dc766
16	57	f6e31f926242456dcd59a8d3350d184b86856e052fd542ad38d6e0664282b468
16	58	89754d7c6145ff442ff6cfdf8dce30dedf442b674a8967314ee7ed55d82be80f
16	62	8b489d5335387b61b27bbe0b41e6f80339691cde5ee785af3222fc0c9b0b4ace
16	63	8c28225d8142e9267d8425a3cf0fec563419fdc1f0683e1ba489a7d1893eaec9
16	64	d27cd1b3404666dcdae4f101b5aa39809c922fd00e8f96e7b067d37f039a8b85
16	65	2ed33bd813485fe45f6d776c60b4854223352542d3e6466739c44551a561d62b
16	66	2464e155e965a71a49a81b65151e3f3194dddf32b9537bd9677f20e26b71881d
16	67	5b5ed1ed913aec31cbfb63be2334ecd1e8529ceb745416c6e5125200214a67d0
16	71	2ea6aacbf8093e0d65cc15312b3049407990a92e1910e20815d8d7815d59b4b7
16	80	f9462379cdb8f07438355b97cb014db2b4084a6af48b1a14c420d96b93207bb0
16	81	6420b511a0917fef47ebc4791f75b2e2a4cad9c32e6d8aec3be9a39fa57d4162
17	0	4be6aeb924816590a68a04c577362f61cdb0b7a2a1e4c601d236ce42f424bdf5
17	2	ab977f5385c6d9d90f5156c11dd84132229c0d13f191d58e9825cbbb3c97ee57
17	3	5aafd5d6f038de8d63c5a448b1ff02424bc9bcefddba2ce0b98d164b66426d1a
17	4	211e6c6c8a74ef73d3125e63486cd1f2425764b1ae8d3b21650791982aa92e7e
17	5	57297267eaf4b75b402f1e7c4a12e708bec09b25bf42a332c1f50776493f8394
17	11	755d5f96621eb4227fa1df966e2ea8c664b5eb09c6365ccc5e6472ecd98d74d3
17	16	6100c0baaa021f95e9d03aed34808856c9fcefb0b0b5c67c1e69f7571ba36cca
17	22	6cbdba0d40f803adc42213a2b2d7d6a80147a6892fc8e988ac1c33b051e3d9f8
17	23	e09d77922f4293c4518ab3fa2628579f227b891e76dfc5886edbbe1b319555d5
17	25	53936b0754c2162eb5871ded3738c7ad967210f6015c015fb8eccbdf8d430c21
17	28	47b26ac5f65b639d7d4bf4e58485a8c3876c5ff8f577c20057e2a9380c42eeab
18	4	514aef0928d3753a477d22fb4411c06927d822cfcdf1ed33442af406ffc502cb
18	8	d237503363c007eca6d3760d357521254a5b05d11b9d56eec280e2d5eebfb873
18	10	e0a47f2b8f712bfe609db03369c42085a7a0512976f8e256715c2e62b0ca942a
18	11	0c111b1ed3634cbede90f69a98216867a3707e7da1f1c7765cc9f0af895f7995
18	12	17e615442ab03575f7d10678b45ecd22f94222467052c405777eb7f600024484
18	14	8fcdf54f02e19cced489e5f02c60900eed7983b64c07fc2b9a03f04114f75723
18	21	c531009bfd08102013e1973a133d717a3aacbfc239a7fa479807b3000679664a
18	23	34f2ea0e06de82cc942dc5df112f3178d660ece4ec0e418954d43e2f9a8bc80f
18	24	21b36310b7824bde912e7f10d0b1ac103bf34f55e863562d56cae005023eac7b
18	25	feafcc7db24d50d7c1c88b718fde02ed0a0ce1ee1efdbc69a99680f7bd1e9090
19	1	dcbdb1a229e8b907f6c500b0b1c57d36819f92cd70ed2462a4417121818bcaa7
19	10	64e7bc65de521efe41e560cd988577b839377fe7fba818a6ded2c3cb52fbd420
19	13	323b013737647a62791f339e865ed0f2a34f4f62dd83685232e9b4720089710d
19	22	1a1b566386c0a48928085467953cb6888b7d05acf0387d0a04c420921868c43a
19	26	58b163720ce8412474cdc5589daacd86976dd04beaab77aa404a4bbb25236b6e
19	28	ae33547f4dadac00ab5fae6eb56726f75700f254e557626cc4ef69133d44757a
19	33	117a6c9ed6963e2c60a55b2743a34d0bb0778c8c2d9887b0bae5d10f73444096
19	34	c4d5f4aebcae7e5fea0bc9f1f2d52b26fbf7624b28365215c7429b2ed07310a0
20	1	a20e235bfad0695111e997b423461640d0d2e6f72276e9909c03578df1808184
20	2	de539e4bb4ab75e5f574b291f0a073312b2926a379a82ca9c58794a35a6a9039
20	4	b6c467f8d506fa67d34fd5cf13625cecbf4e56caab12d488ec8d2bc8e4b4995d
20	5	a629c686938460c8d59051b57659e2536eeaaacbe6f6ab91e6c6f230ebdd5fb3
20	6	d52118ae04bbdc7a7ea1be65493cc41239ecda44dbbcc90d67a676ab9fc2b135
21	2	3fc9a6fab22c57fbbbc4483b5a936799ed5bb169dd6ebbac914755f0abfcf33a
21	8	6e233e5081a350635069a86366342ecd2b0cf017e0a0062750f2717536ab9261
21	12	bbe9c016284e77b4d823156e9e8c021b0f62a380c1ae51efc2fc3c412a423568
21	20	94375b69fe7d695feaf1a33cfd777bf145389ddd534cff78fdb4920a53e2b8ff
21	22	d52b9f7b3a16c7a23d02b0c757df3864e17563b0085c3f54da512e499d4c06a5
21	24	fb256c220f9f5743e5b8fdeb9a0dd3418a07313c5f9c8bbd2598c8af5c0e65ea
21	25	977104568195b500e597b0554e6744ae37fe5f9363b1f6a8ff636ea2bd55de70
21	37	a00e9eee90f0a7c295908047fc30160758ecf724b266ac797bf19901d38d489c
22	3	4559e8b1b7fa91cd5c09b38d96b16f5370d71fcbf03b8e885c87bfd0d7cce44a
22	8	045bb4017e9c7b33c7b7b6038788357e8928a8e0b19b2ec8eea5522e8ebbc86b
22	9	41d48d518affaa3f1445e7efa33be356a7fac0454e1b8f89a3c01d8a3649e2d5
22	10	cd34ed8d77d7c77defc2c13a3880794e459572ef57102760cf0858d1422afa6a
22	13	2591f867d166823cf69376aba235df256fce13f0cf5225d6a5768e9be6a4739b
22	14	566f8896b98437b9bad2b3e83258f5d67bfb4419449f50f46f27ec911e94aaee
22	16	a2a1c297b1dec3e7d8588c66d9153d26ab51c4d34577ff918c24fb43fa400a2e
22	19	e0ce66b1ad79834223378d24ca5483e74e382a5b6cc3cefc93f95a4adbbe32b6
23	1	55f4ca90847fcb1a14f9032a7bedc56668db0ca5676dcfe5b839ebd204f0da1b
23	2	49e765488c36e2e1e43bd4134b6b94ee1b498514a1ee113189b76b843d065233
23	3	8890917a73893ce807a6e5a2c3eab28a9ee1416df9370f1dfa46e8ea64882067
24	2	ecf0fdea667f1c6e4c548f655f3f96ee951361365514fec0d6fd04a36f2c55fb
24	5	aebd2e01f229e0ccdde0691eeb4e8312ba696a2e2ec39a06ab71634cb41ddf06
24	7	ece2af13c0edba7596da17bc2bebdcb2f05370db59cceb577929f2dba12e8096
24	8	e3b929eb6162a3f8f38ff819748f1bdf308ba7652b71208dd9112657370b6efc
24	9	3954236c0ea9b8e648d20735d29dfaf3d71914f7073204f5a62b3ff875cc6edb
24	10	21f1325ba8029ac591b9a287f59b79754e18f3ed1a31f7c3f2483f489c3f29df
24	12	68b79f70ddcb914a4800b49c90215d305e0d1de0bd809482f837e3c75781d0ca
24	13	102f2bf99f75837fe659ef1a4d7349f48e197344f15298e86e9c932cd96333b8
24	14	050f818ecd22c68715995f2bf73dbef3158555fe4c2c1657fb28e2773f742ad5
24	16	7b73e9148644e4133282bb60b4129e3c2b89a0574321526d28ad31742140b27f
24	17	dd0705f007d960a4de2c6903f3d58072ba3c5120f0134b7628931c6085948089
24	18	5233d374b3ab6df05d708dee6d6f7ea5abb07a139434b21077bee17555a9a957
24	19	b10b68c84b89ce5b8a1f837aa039a5c79e7e72b9b7f2b22cb9ed2b92141e43c0
24	21	3dccb343264dcd7ffe18f4eb06a834103624ca1345272bd63ff3029f2b701569
24	22	b833757494f019f52857e7c57f93a559b69c30c6ffc05c7b7b4b29ca5a25a7bc
25	0	4cb41e94d4970a38d0402b804545423b648e3fd3b0fe0d5a6bc461fe963bf65d
25	1	d6a6ebf249802be118c50268c2b16e0a69e7e2e6402c6040ea3332c347a7a52f
25	2	f12b6d0c0c2ae1e61fec13cad26be159b7f847cbfb08bb6ad0f8deba3b51b389
25	3	08e82e09a3c2a8e417a49b52b593bf3fca18f171fbe6aa116a3a669dba180a3e
26	0	a433936a80978a8dfa937558556b7de7a31b8019e11f605df30b55cb58589df2
26	2	3fbfaeb6ef9ccfacb7665245d47f52337956567eef1ac83b93e20c1ddcf51fc4
26	3	786d1e2b084914af8447f6e4df0f3d11411b85e75f86e6d055f1d2760bd99cc9
26	4	d01b900437cf1af0fa2cbf4f659a04dbaeb5110a280e13b3fa531c6209aada83
26	5	29a8e2b95ddd9a19d64d9494fb5574fa2f65d9a05adb0172567a20487592f08e
27	0	c4deaa657aa2332240f27852fd54044599da8e6942cd5aaadb8489d093496567
27	1	235fdb3398139c3d0dd5db4bd85c2aeae9584eba2675e6d157fbe8729cd50038
27	3	cb8c2ba5cb9c1aef953d117f0aeba3e358a960d1c564becf8be2a138d6411a1d
27	5	0e9f9b5f0496ca0151d37b85c46fe2982a9cc54566397460815e4215075c3f6e
27	7	b3515ebf8cd0d3eaefe0fa210a785a7fbde14bf18d24ca6ff6ef0a6d6a2ff448
27	8	020bd76e4b020096bf1ea482ed959ad3efa22d2dd69a32888adddf308f4c2fca
28	0	c10ac04fea24a4dc30dfd2a773253d2ef0c00fbbce0263ac4152b5e8e2158068
28	1	c7eb47410643359b526f79b87b3a27977327c7ae5c8c89cd29cb50df99ad0f66
28	2	13277fcc69c5426519522381dacc6e59cbbf8cbbe31830183fa43b46bbc81a05
28	3	9f8c305ac62cb00aab06c18d6f8807e66cc87bfa4ae0013f4928322a8ef6e3e8
28	4	2d85d44fdd678449015d238fb8ef3a72c41ea908094a701ee6626d895ba2131c
28	5	cc834ab427f1ed910973b5ee2dd2b308aca94131af99b25de58d99b2099a0162
28	6	495ad50e4538a7bf49c18a232b93ce5679ab4558aaadac9e202d98a0c6179563
29	0	d3c4ce2de148668c0448f04a29b1a5168c59df4d4af61aefa82153920b085dc0
29	1	8e54c0721d6597ee30c12da8a7ce66d1333201ecaa92ef343d1ec42bbad4138e
29	2	de626311927acf5e4bdd5eb8d28fa42fd8fb56833060748e9086cfec97040020
29	3	cae27801f591dc8c4c1477a329293adef2bb97ace9c3fabdab09972765f4be2a
29	4	0df413276c4f25bf8fe387da8388b71b00f534ee299632bd7096cb574b51481a
29	9	917f9b07d72a2063aa5c6837d914cfec5263319a5f84a63b9cff761016192b58
30	0	cef1d0e33b6006449d99bc0fb827db17958409959a3f99ba89a36c6aa6cf1d4e
30	1	aadfaecc54a31c61f2ec126ffab40aaebca1f0929b3c70b441f208f2613231f1
30	2	8c4dfdd68f64cbcc800e490cd9ba91ae46f21129ec609c81531a53eb9c545d5a
31	1	ee4babe5a1e376f2f8e2c74866f59a967d8beb9b0fdadc1f2686eb71b33c2b88
31	6	30d77da36921ae216509066c582c0cf43c81f961a8e1abe8561840adf6cf28ce
32	0	e9846b0900a46dfa83ef4edd31502c9d89bc86a17befdd683eb90f899b981394
32	1	5690ab5dd14ee7f90f5b76d998505630a1250e673129b5b5f8e2efc1ae89467f
32	3	e2368a7b6059f15bb28a6795595a3c4e46531733e619391615052de791c022ec
32	5	6a0c4e442d59982014900d4e861945cb8d72e4eb91545f1c06ffa42050dbf3b3
32	6	26e7b855aa9f28b0ef6d8855bd72300872feebab8787f7669df66a0b361ebaf7
32	8	81f768fb1ab0c7da1d1508b4270ca1587f4580cc1f47c89956076ff1dc9ad741
32	9	7d10b820f76fe48cf2731d2eb550f5bbd04b5c5b2b01794be95f60cae8cd260d
32	10	48829d794e56b01a2a39332d6a22c58a2f0c22b7a37a9542eb1e3cf0662888b2
32	11	d2718e84b5e04f92b028c8f4ffaebdfa1b470915a713e3505a6a7fa8ff907ee6
32	13	180c32c51416e696d797d56e85b6aa844ed864af779dd1eac604ae8253ebc71a
32	14	4c5d6b9ab32770ec88a3101764000cf5c205ba8693b12a0e763b615f155498a0
32	15	0855ad692d7f28ad269757b7b1a7999fcdc92666054e8d0108a9afec8809c25f
32	16	684dc8850d40f7713c2446ad27762d5389430d680b5d9359b50824d2ba153c81
32	20	d4bc24ad45efe35d0b2e1256260cc5332443fe92fb659d3025304179124ec20f
32	21	0bce9dd727ba324b325a52dcf0f7ec24d10bab629593ef7b43f624eb4a459782
32	22	28a13c0518175fa94764f06ea409c15b80facae33cd654c48cc49c25a2a9d0ab
32	23	930b8234d61743059d550298fb61cd4f9e1fe300b73f84dd590f27f79829a6e1
32	24	a22a18b6c9bd3b1f2695c55e41391a1d66fdb6ab7403b79060028e4ad5a61e33
32	25	da82a2d653f64bde9d3df47be66e816adffa681a8493fbae7b24b74467a0230b
32	26	21a3a3677a8a88a196c3670c931f38c2e7027092dd56b9675d44140fa5aa2531
32	27	d422aabfcdd848c6bde0de4b24860489392e3bdc6d7982aad946188dbef1b583
32	28	5b7c4690a62c06b35c09f7c85d22bf1905985f32ab3c9e50011159c5d502b927
32	30	76f378f464f8a8ea48d6a357c154e2fa509aa93be410dcf1132c97ea0c16b357
32	31	7350b2e04d14d847e249ae11d6a247c0c9bc8a31175d2edee738d4fd678ac197
32	32	5f19ebb015486cff39ce55679bae3512e96cbd296c8970ff9fe1c72cc0669098
32	33	dbcf5f39ebbc6a4cdc4c532fd442532233d346bd6655a45891f90197f231de99
32	34	0d31d3a1caab4756c3128c0530efb795e40431b2ec26935c79de46e41369ff20
32	35	72f98667b65b4af2d651c99a47261f3a7bad744a41eada6902dad32a2cbb0de6
32	36	f8d08893680198e9526356718af1f11a3fdf799d19cfc64dc5f3f32c47711986
32	39	5f5d4e97d0d606fab38ab71d2648c55e80329269a7175abd6317440fd383f743
32	40	434f37c07068556a177794e8ffe1a6492f1bec2ae44c74c977ac595015ba1fc4
32	41	3426f26e1b0500a677bf037c695ed449a7289b77126da617410d7c1cf88b3ad6
32	42	6510c32369857e41f516547731aef75aacb34a90d779551859a93043a44cd58c
32	43	201ea4a6d24c2493ef38b0da9e8a2d49d032bf5ad6249253727840cb44532bb0
32	45	b15cb0fe3a9cc41840010ae14a09c0b1dfdce82d8a731853eb32ab98938da79e
32	46	12a45d293f068a93246c5cf24cf3b489ebb07b98abdb37539825430488fe0d89
33	1	ccb78a1e7f2abb567bd9d68a6eaadc2c4c12be3fa7de33da6b7da3f8d0fed786
33	2	21c2050d8634f6e0615a1b21e2571589710d7e6b8b2918d854c686ee682e1570
33	3	cfe2eda18b68b06392e2b4578ec9b75f92d44688e9e10409807d089af63ef818
33	4	e1403f6bc9cbf21be40c3622b82c22b458ec18f5ab65db35d45a75954c405ed5
33	5	5ddb0b408ed2468a9cffc8a48cefc087a0c6a3ea88b7a0285f76042d2c63cd48
33	6	316055dca42387a11f07ba2dc8d75ea4bb602960400fc758265f51d48d8825de
34	0	32a65a8f30dd368b8db17358ed7c3d0b41adbbce1279e6b732ca677d541a78f2
34	1	1990927d837760305d9384093b695a075650f46828161ecb7eeb0efea8bfa5f4
34	2	844c2de51dfcdb0075404b5f1692576244e2256be4753bbec526eed662f6c341
34	3	fc227ddbdb95786a63e125ecfa7a78b77868bce2594e2f16761736010aaa5295
34	4	b938efef8ae473dbbaba137ce54193428f36884745e07204e2a9def2e17c4426
34	5	b746982392dd79c7c695b0ad9b8c55ccd01f855f5b30919c2baed6c5570f0791
34	6	ecf65827ecfba64612b8e0812efa949acc61d5f816f9166e55403075291bfa3f
34	7	a9c1a5017208485418d838beed8b1a979457d689ac7238c836c544795237696b
34	8	7d518b7c0a44b06370e8242d3fdd4a556ccc742e9ec8387d866e8633639b10d0
34	9	62fcecd5f5ab7e4b5302f5a86b78279b0444c5412c70eaa44fa063cfe1c72db5
34	10	7498342320950f15d2fe7bbf7f318d91ca3cb68510264c55b966a755dad1d33f
35	1	81b50322f4fd0bbb69fba324e63bac02e5d4e9028de5d7ddf74dd30d0edd262f
35	2	6a997580564921528d24f8aa676a29d9bc495a39d2c657e062b11f5ce344e932
35	3	809d3553c7a6f0f2b15861d54b6c6bbb0b94421667a07a3e52474e8a485a9619
35	4	22472ca87497817e5d6d5732e7a7e6acbf32982df53bade846645f94e3f86cc5
35	5	f55f52e18c950b68259f306c17d739a6f2c5988e74a1483eaa04fe3120e5156f
35	6	e3a33686dc8a923f1ec3db6c6f16403bb39e1124acea861eee1198662775b112
35	8	66617d3cd90a5a924d90370a47ae91774dfe2fcfcb15bdec29f2f75e63a24e99
35	10	74e52a5209917e677346e4a6f3e59ee994d4c69bbccfd204a3a9559b488172ab
35	11	4be4878ae3c9a432eaa4250799f0ed309f0bc5162617c9c9e4e89f47ba9e0e8d
35	12	9baefaac062e754d067afe1b1b183095b9eabfac4f60033e03a5ed367e8f45a1
36	3	48829928a92436276e43c78b8dc750d62e1d349e7c70ecb56f0a8ab6fb6dd1eb
36	9	b7d4c9e37fbf3f097d9a8473f96e5f6ab6510fd74a78de40553a4e65fb2c32a1
36	12	608beee9f6547b89a859cce4faa59e141aa491f493385280be271c7c89a16227
36	20	f4387a99a453a3290798c8f44863ee13b06667bfdcfb2599e9554230af52ab08
36	27	56feed975a8a8f42f36e1e5d3c2727b0a517ffbd02450682bbfa906e9066a2fb
36	30	ecbf2f0aff331c8c38bb35d6276288e900000deebd8231d3a1cf923864c9f0cb
36	32	e3b59eb1ab384bd5bf2138e088ba8f79d800aee5ab6ef9d9f5fd9728b98b294e
36	36	864fbc710808e90deff5b91c9c27021ccf71b48b8aa23fb30d450f7643fcb92c
36	39	ce3b9b283d14a386e978e66040c372d4237e3245dd4f30c39ab355f286fca725
36	41	0ccaad8d008d4268aaa03965383773023325942e22affb1966f54bea0fc38bce
36	44	611640ac524761ce3af7e3393d13b35f55e07e30d580ab025952995998c5f46c
36	45	8603ebbc236636665cab8377639c8a9b3977bc8f0a6e941373d9260e2ac04a4d
36	47	4e654bedbf507b2c83027e869a76d1cca7e9414b61c3075a8d44e3041500587f
36	49	e6a6d048b7e8331f08dc43e6c295835c1072701e0799f69de5efc75d26efcb14
36	50	a27f68f4d41f887dfa06354552a2958f951d72ba5d3ae56689b3429547b44043
37	2	bf8d25c6f7eb71002fc1271c080f4422524a40e13f15141867265166aef4ba12
37	4	0cb4c4a1c1e5d2dfe5dd308b5791025cd535e09073e72acb4c2bfe46cf898bca
38	3	c5b1128f0531def9bea54ef2b13e65175f0815b34db8d1905a322b17a0205cfb
39	2	feec1074ec453eac711619607b1b4a481ae063f5a00d238d25e4a97e340ba48e
39	3	a36c62daa4abb7ebd956c691f401a33c2a7e363e9310783cda4f83c1d878153b
40	3	564844375ce9a8ac7252522b213b33b831de84e84bf285ba842363c08deef69d
40	5	8a837bdc90cf257b5c333360045ec72513fdd3eb6a37c3dcde931c720742de38
40	7	94202959036142de6ad586e122fefa0d98471c1b04af617615b0479b6e3a3e21
40	8	2790c5657e277802f1a7f0d8795c3172f122be980968df2b9c996abfad1aa97a
40	11	81a7a9cc8950110b287e1b90860206bcc5cb65c78e87fe747e8fe148a1426ef9
40	12	601f51997fef8d81f16ebd8080deb9dcff2bc728cc1aaa38baae0fe9357b7f9e
40	15	8da7dabae7df1b3fba8c27bf6340f16ecf9df4099f28ddff3c4f525f3adaede2
40	17	eaf994ca0fb8f2298bdc55fd1ca96187730a560dc77894a33fc78d58748dfe4a
40	20	b1995c2d23558242b3ffecbc5f8869ec9a7792d98e27e992ddb5ee40f47b506f
40	22	74490b5a806ba828004e27969c261ad54733c32a9d15de5d213d618a6a95e8c6
40	25	9a85665675e47f00e8cfbd199c066bf06029e7745c8c94cf13ea5f8e97136c0b
40	26	c62efc14f9fdf709330d18575312b73952cdcb176bd8930641f0ab7c256ac59c
40	27	32569dd86f9cffc231a6b8edd3714f612bc9304f2fb2bbac30fa211f59065399
40	34	e540191505ff5838d833a6be01bafaded4ac718c1cf8f52baeda1c822204b929
40	35	9c30413ab1ea2da4c74f75b237781d5beb3acad5bb381543ba238e1809883505
40	38	25773574ac51dbe885423e00779edca384b13ca3d29a1e5cfb433028f6672ca6
40	49	ac4e3b31ccbd2a67c854b341ecd269919b9c40fe801bb4fde87441872c03f068
40	50	a72389ec5a76e77cfdba241fee56d3cd1e1b6cf534342a7c47faf350a1e43ef5
41	1	a18ff8841464615a13e957c880edb9210e3c0c839a4ce8cf8ec552311fb3c2a6
41	2	b93d25b1bc3e242faa2362ef0bd2db9cbe225dcceb5e45a9aff352b8c5615fc9
41	3	5753eff730f92a1f03b991c5ca8b68617591cb98f70154e814db991bc226176f
41	4	1f867422b643d4b3784fea4f14fc33f51d391e0f23f4ca6903addf620c58e32f
41	5	86cff91767996a8f0e248688c000495084af73449fa46842f00b364bb878a87c
41	6	23e6d3085a90c79aee9cb9e59292a7e7c88ff6c95d3ddfd2bf748187dfdeea96
41	7	ff5a865d26a500657a14a9ccefa599916e614b49aa2666770a96b7faed45fe7c
41	8	c7dd9a45dff910c03cbdb9c64d06fc1ea91a064f11700da1a8b1a40eed56ac40
41	10	85e8c35ff897ffe9f7a1bdc7311f27eae7722217593ced446eb6ade2a1340d91
41	11	51e6df5b9c10c17e5d30bc340e80b2827b36066a8155410ddd68c2afd15ef5dd
41	12	e7af8ff007e67b380f7d7ba4471e0220dbe57572ede4b1f7bdb1e2a265b018d0
41	16	770cafe759c395ab17181ce002b81476ae7c819347b8e802176367fd7ed7fe31
41	17	5447dbc6fb48376a1382d6dd77ee4f001512e04b71a512a0c95ab0aae64f4267
41	18	8212ee4fcba48cc4afb032ba20a389c7bbfad0e45a2d4e03d294564147d09761
41	19	54d8bd691c6fcd8db946e1c21372372db95b013f648d311492922f57759d932f
41	20	b846797b971a0fce76659dcdc54109237a46dc0afda0bf3f039ae7e63ffd4583
41	21	d94e1a94d731d32263cb5a7a7b62db71f9dd4c575b15a7ac9e7d31f19ded16a9
41	22	ed7da2d0026f1b9c482810da9ecd6d2a5f7648a7a3c740fbc63d6cae9150ce8d
41	23	4706cd51f8750908305e0604af84fc9c54a58f46dabaf29e712d4c9754bd9539
42	2	f7079613ea8d41ca893d8a9a7d3eeb855fcc34f2c45d25e2c7cb561d4abe7236
42	3	a1f698196c3a75d901d2702788ae0a9095832b0bc6a881c2c3699e0a8b3856b9
42	4	75eb8b9ca350d91348449720e638f7a10641137090a96bd66e26457ca9ade914
42	5	2f70d500f238add90f80d76121a37cba58b5fda8517555e5d9a5ec85a7f34640
42	6	cfe4dd5a4d7de01c8049086a9be599d715e811075bef22b60a5c6d02f40d1185
42	7	35c94224873649b4819df9741105ec70d29c5de6124534b31508982e832bd010
42	8	9dfed452f57938c9ee2acc6271c9f46a6a706eaf8e582169b9fdb6e36555f103
42	9	26e5ff59ca9d8311049dd01b60c07e80a5a1412b04f9a33dffa70c6b4ba853d5
42	10	1bc2ebdf7beac743834563d5d9035761cd26f443054d4483caacb3ffaa72f106
42	12	0954e677a3801e550b70a8ad214c2d0f8a2582e3f65b62c531ce2e9e385491b7
42	13	c9aeddd4736c4fe5760ca1d797f6bb76e33dd4fd5fb82eaeec342a3108c298de
42	16	a6aa5907847502519b16ae3b5682b7f7d6d44ecaa524ce9abe1741b915fecd1d
42	17	a553a8fe7287f678d3ff50733866f9fcff50fbacc6a44c0f8b3c09dc61ef0e0a
42	18	9c11b154634bab35e3e527a7deaf585b5e43ff15629db6b6b86e31c09c88ff1b
42	19	1de2fcce2a6ed2e75d2cf3699cd20626dd924dfd2abeebac96e97f268c515595
42	20	a70c74ba2d9d2548314d051e3731ff5a44b52152d016b0d925bbfea6d2a574da
42	23	f702254061c629ab2aae272b84841390e9ee268007bbc3c94c3385f78328a346
42	24	9e1a390889e2cfa8d29c355c5a804bd5b5204e59105fb821c9fd8d5dc65fc142
42	27	c101a0430b6445a62566a03555e6b1b10cdcf882d26db20c7720a8b4c05db794
42	28	36b1e750921f35c39e9a572d219506c6906adf188f16af292ba7e64521917062
42	30	d6497e42c397409c6772455fdcdd3986d8af9dd6875ba191f54fbfdf6e962a81
43	0	71af0656a6208a428dee1e1ad71eecdf3ed42428cdcf439d705ba3c80caec68b
43	1	04d27745f00feaa2732f8ee802c86b46f7578b17ce4dee9b4281c2ce005bde3d
43	2	284ff26053b71251cf062573d84791cbf5b9fc09474cf24f049b7563df0235e5
43	3	6e755ee297eca1425116c3e012ebe757e7387c308c71ab7d1ec2ca169e68c9ea
43	8	6ee4cffc0a60c3e43461df82d6cd1d8465e45234b79ee4516aec0ecc72c51ac9
43	11	dc5d9f392c14ba4200dbce2e0478cf8ee25b2fef33ef1bbb0da161079e36a9cb
44	0	c6a05c55df883b90bfa1134bd3d797c75b1985d738f7cdb80ed2ba1a70dc53d8
44	2	0399580ebd1f37930f8fe78241f10e40328c6949a7f3d0e224cc0cebb421b1c3
44	3	5e46fbaee2e7917eeaa394fd63a15d65892d161992da5f6a7af520cbd4e016ce
44	4	6883da832f74b8edf7733e9ae79681c7a36d72c0e4aa192af3ba2713209a9ace
44	5	6a35b8389936135cc43491df1c7d14c547b76504ccdd01109140e7ab6ef84906
44	6	372f0adb69bfe29aade9a3e938c4849fadab2a2cf47ff3bf9632821a58eab528
44	8	8f0c362ff006c72f085bf53e1e2724ee9c2b6492bce033741bb76301ac9a0fa4
44	9	5c141e4b2ee81c9535021534ae99e0acb9fbb79aab469b4eea6bdabacd67d69c
44	10	d48dcbdad0d3a67d9a944d02a75c5d6c3872d3b5e5af16af7916ef5d3b310ddd
44	11	0be7f35b06e633e75ef57ac0f06a909616f5f63ba7b6c6b8b46125346865e470
45	0	0585e339f18de258319dcac2ece7f699eddc35225bc2d24e255dba7b76f2eb63
45	2	cfdf62b71212250e951949dc8265dc9ed21af2f030f21c1c7f24f66a3c8fd8f1
45	3	85cec46d6e831e0a6c0160a99b8873cf1eafab9f66217ca25ebb82b80b0627a7
45	4	b28cda7dbe6ef44ca2e2e93c9e0e88f5c948c69d8971879c64f75424722228c4
45	5	c2ab987853821025b00a8f27f2286d53d1e6bfebda8eb838fd25bd5c6cc59293
45	6	f9bb54bf2d076dc28142a2f6804327005ca479e98b4b4346b125badc3f50b7e3
45	7	250dfaf24e1fe69f78a273f0c00bfbe52420bcf0eafe58c341c3f498a0b85576
45	8	1fdfc4dd823197825f54219464add4b83c0b7852b852827a4856f549f2bd05cb
45	9	25a7211eed7970c94f9a015737b311f149655758622eaccb47c9850a765716f0
45	10	e43584724ed8bb043b65c5de2ff02a0512528a3d249096884368dc677341445d
45	11	4b241b2ef2220ddf22f94e66e3f332006d47bb60b06116bb9d3f51233f99db4f
45	12	cadb62a405d67fad4f7fe268e34d37b09c9b97f6982460c24b8f7c9c30769683
45	15	00d08d05c9f87539da389e8011d5611a277d354e7c1cc4bcc832fbc7e06948d8
45	17	a24ccf1c28867a441546d36282f50e458b41c77c4facde03e255da18169be0bc
45	18	4042f3358d82c9b8b34d0409685e9ada33663043a9f5ba9a9ccdeeed6802fb66
45	19	dfc559d841ec9820d285cbe04c659947a34a93462ec608597faf496486a9c027
45	20	2b9860ed23f06d493e5e44482b15cf1fdfd607db5622e76b7621928075aaed34
45	21	7f11ddef3b25e5acc6945ff643685d3298f59ee6c654b2eb52545c192d63158a
45	23	c49f309f26f143bfca179e2fc8ddc6791e0c45de3c161c75986a9b7840ba6eab
45	24	b6fc63e3a72961f5a80dd34f2dc194832636daab649b09f0e9208f5b030b8715
46	0	49cd288a94f0d53a100e83df844a2ebcd94fe650b68564f997b36e0b60e79158
46	1	d8ce955d1454936608a836724cf034f0f5b80b8947b7ac8d62d34a85ae2c7ce1
46	2	eaf50f14d0a0a3168134eb1c88a3140b933356598823379fd6c591479b1fa181
46	3	53a2041d69f73276cef7092ae13ad438d2334c36336d4a8f5633faef96c04bc3
46	5	1e07ba08222f73023db52789bab6b3c459cbee3ffd6af7b2fc7b6a5e14d1bbcd
47	1	21e8383cdfc5b69e7c20d9771133f6cd6654729641c74e38010c50e8499f10db
47	2	155f38830f36e4d69dcbf3a21cb00471447a02d82d207c8a5ba1355a8e2e7d60
47	12	714e847ed187c3f9a8fa51573e82439f025e8fc6692e2cd3b0aabd19d17b0664
47	13	7cd1293a128f2f2264a51f8aabfac91d88ffadb41fcca471ddcd6483af2564e5
48	0	87d3fa9f3393616102b8c2f06fa23bb03c4dc01b9241b8f72f1f140a462efbcd
48	3	4e54e02155a4bcc92c22c02a3579818742f0d074ce7ac5c2b0ef8561a89d7c63
48	4	3c2b430d6975f9fda6797aad0aaf21d082f2fb1c2c2d7c6a8afd8ef565aba6b1
48	11	221bd4bbfd95c9d4ce0526317f0f519172a85b1161ac54b069115b0471c853d3
48	12	8fce8154c53321e9f58975c1693ed2a655d56ebb1abbf2e80ffc08e6426d3ef4
48	17	68f299b5bd732c302e58f2128110cd8e3f33d8f822249d78d75da6a48687dc88
48	19	fbde23c520dbc536af509bfae5af37c25dc8ffade708c8cbcd1e4618c5fcbea4
48	20	c6dbff6fb2f374e6f34bbac3966587289752bfa75267e93e2990031cbaff1d7e
48	22	acc5f81b2032c777f9890ecb1a318b7e421e90548fe0c1e381cf16714146f44a
48	23	17bbc7eabfb8dfec75e5046a2c5e2c4d5b1dd50b22d7b24f6ee49a96553083ef
48	28	0660f00fc7fbfa7947b37d1907cc81ad734b0389b8e712daeb0927ca7b561b75
48	29	06d86a07768d66de42f8d566a07808ed55c3ce1b89e22d976e1a2dff678e17b0
48	30	38fc7294a1832ad05210589323f110df284bdf158022a7bf76a590bdc17ba5df
48	31	52d8c36949188aa3f153cd301856b6012a22a11ba0bd0f0e981565e11552eb2e
48	33	7b34860c7d4d85ac3bec6f9428aa1d2bd2987787a11aee7987902dc471e8cf61
48	34	64526f1f04cc20c88ce874281ff6e0424b014e24f210f1f872106bf1eb1d381f
48	36	44f8b935ea4b8764d0df6f9cd699184562d8c6faae216aaa99a7732f178b9336
48	37	a8bdf18bd7ca3d2bbb3164c0e33104be84e090aa7a2636d9078bfc62cf85ccd0
48	38	28e41ba00a4e1ca0a3915fd885189eb74a7abfdbbd8b6dfba3acc35162384ce5
48	39	a07dbcad47db6fe10b3b977b98f3a6a804976130bcedd977efb7ee0015ef7d68
48	40	937badb1c61952d7afb5752be43fae30521e5c76368219126395cc74ada98c2d
48	46	63654eecd537cda33908291a0f4f9a330fc4002a655b8dffebc9b30b6f38952a
48	47	1c9dcee87cfc91dddde48fb3a7f816b843b5190957948b8bdfaefa41ab1c0cdb
48	48	c457dd9e14b5c43a3680d9e5f0bf468fce42d3806f1bdbb70d1730c95dced0e0
48	49	8cccf064222af2015a0ff381a3d2e8ec32c71f94b6a2b3ad544a87cc7b12cc01
48	50	0ab0872a4b8181cb3e9a4c6bd7b413d72337c9bf78d762e2ba8fc48b60df40f5
49	0	b093906ff1c7ca63a4b05f028144286b3e234ab0ff88da8fd472c51c5772f492
49	6	c9428fa2e9c4e77e798baceec9150888aeefded01e04de46e6c71f1faeaa1bb7
49	7	f6af748f24bc1c59f672332d2141337b81758437b94968f2ee20bd048eb0d4f4
50	3	744d77707631cdd05e770287604ad5d0058fd927ffe811f7fd74412a2e3dbeb1
50	5	bff3118d14e9ab811503323ecbcab6ff96ed657543654ade159f9626d310feb3
50	6	ea74d0b830832d91a2db189f25a5a07c0243551f93d06ae53d61f0b3aa083648
50	7	cf32f1fbd510395bad162f71262e11de83e6138aa62b483836d256651166610f
51	1	c7feb4ea8947e4b59435392f07b60be60a54466a6585c6877c6326c097f1d862
51	2	5793b3e8d0de33e8b892cfc6e8575fea0b63feb4c46878db6a1f7326990638ea
51	4	b07c36f80de1d4673bc4376e1f1df6562b0e313595d968990460404b61cc3894
51	6	f2491e2b6b7fadddb7a6ff690c44d9aa6849991c1e6a4a2cb8282b7435b16764
51	8	01f31e7acc4759a3d961a8691d7d7bc941d2249822452909c0a7bcdcceae1dc2
51	9	0b5c92a8caf85637ddc3df0e2df2e1d3ffe267faa3e51503ffca6c62bfcb2f15
51	10	301faa01fa4979add73840afbced3f8ee0e6266a86cccaffa7102279f6ad3020
52	0	83ce4b12fdd287b46763e1a9985ae835eeb3185faa621beffb7951c170799dd4
52	1	5266d75dddf3028ed4b7bdd5b9d546d30836544e16f4d90ce215768b265eab0e
52	3	2ea9be9993a111ad0bd7b92e55f2286c8c4bf26105f2dbe072b6e2cd4e33314e
52	4	2af8e889b53b9e1a56c20b4976167e624de91fc225723c9cf4bae0b880b9b289
52	7	cfb9b963b012c5d606777a50f9cc4bdc4bfffa7b3c6654437a14202769271883
53	0	2a81557aa7a84231ec5443ac8540ff5b27a20e1fd37ea5406f122c695c57e4e5
53	1	9f86ce28f24aa2789bb85bf5785697be41afcb1edacbaa3d5cb8b6ce480c7be0
53	2	605c5bca7193ee33163116e433f767187861fe2e9d2627db969c3e9fc486dda1
53	3	afadbfce9465a8ac6ee46e6b6966f4f553de1eadf2e42cb20082c200d6cf9e32
53	4	ca69e734334fb016e20c1a4e0d218d186636582a6fd198c39ed66c3121a2fc65
53	5	0267c178074bdaa99c7061bb3523dd5fcbb7f73728f2a23268c4a271c6916a86
53	6	b0474132bbc1f6a3b66dcf7c60056b27e3cc971b551508e1e9c07c5f66cb338c
53	8	c3ad306a53d5de70c2c289586df9997e803380fd105203d74355a2075ba864b5
54	2	90bdae87c83d5e74779d8c0f28bdbd7590c96d0115680624b2eb81588d141f71
54	3	6e6cd9aaa9042af6de88696c51cec4678722b22ea10f5051721b89c68ca1e8d6
54	4	1f4bbb644a9c3c05837b57bbb021c6a852d0cf35d0e27b7e936b1a48e4474f3c
54	5	bb73b0a9a33450b15ff985547c23aa838263bca3a05b13c950493a19c03e6697
54	6	1aaef172823fa1bf8a0473cabf2b7d8f8198fb57d7ea7eae6fd51b8a2a15c84c
54	8	05de03b040d645337081f9a13cb375c92c66fc79b67de0911060a74e2669d658
54	9	a482ce987dfe9278a41f2beab9ae4600964f4ead6032a3d83cc31aece970bf1b
54	10	d223afa68498dcc39f3727ef1f03c8519093c97cffed003469059260f6c84ba7
54	11	b3dfcdd1898d08826c05ebe0ff9ca8839226c524a393859c2156449ecd294ac3
54	12	b5406bcf391b492baa7840bba0e437ed5ad22968b52e9d5589c57d9c25f4e02b
54	13	61d18cfb18d0b9f1f0db2838c571b1cab2d3b676fc03ca48312b15a289d9ed26
54	16	e6bc8d9436105f581fe0a6aa6b77f918559ad709145e4d54b98f00a8dcaf82cc
54	17	b24af3d63dcbc978553eb0562e1183f5de5ec36347827074db5a93f56a2be313
54	18	e62c4d0c6378b560abe067ebe7c0066be6cb06bb1b07504470df18f4de08bbea
54	19	34d793f7c3f1df5dd3d266ebda35e9433f9ff67bcaed74d9f26fb477a78cd946
54	21	a209c76cbcb066b1b812f9cfc00bc761813d0d646065d7377ddd198311aec860
54	22	cbd44d810d204145e20e97d9392b0bcb7a20bab1e7c3e9437f10d3a418116c1f
54	23	dc4079136b7bb0983ac5af5237a87535b6f2beda918cd52c5a72a3c1dc2c607e
54	28	e74d565a37fbde4e304681b7f8f91e7c50b65d068051ccb898a9cb798a57a05c
54	31	11e5ee786c6189b175e6aaf2eac7a21a54c4dc0069006cc1a84c17d85feb29cb
54	32	65bc39a3ed848f7903195fa55465aa3599e307ea6498358b8c3c2b1d02003ae4
54	34	fd473caab0ea8278b4f149024f6b4548823f1b9eec9076fb58a0ec37f491ad32
54	39	fce52dca0706bb0464758a49e71f2afc064ce965bfb917452fdfd5b593fae61f
54	40	8fa73edd1c18d843da65efde4a08cd1c8449f3e03f9fd86c176299feb41c1be3
54	47	507273742d670f44b067946264fc7422ed57796f3ac29b7abbe6b4dcf26d8a08
54	48	da3bb137ffc91e069437dd1efdf656bc23693796e4faa29db952851f7e4af2c6
54	49	512a8470437d352d4081b04564d780cac3f5c86f24999535bcafdb1e3abbe957
54	53	5e200f57bf58a9e8b0c202f386842c0054a770d930a86d4241342967bfbe6413
54	54	e69d480c19413e3bf7107710cfa373c44a5d4bbbf2802e1fb83576fdc9e4acdb
54	55	48702ff9ac4368862c4629e73ca13ddac52b63748111ebeb58cd45602d664d95
54	56	8113b36309289ea359071e7528a7df14c11f6b6c883701a6150ade0d769e4191
54	57	798838a90639e0a03ea1a4507f3aa29a2e8ed11eaf544b8843bb734fcc2ab7b0
54	60	fc598599e31c66fa924e02f4a7281ea2e735a48ddbc33798ea76fe707ce58975
54	64	e51eecde3be501376b0567d57625b3c9e943a1e9b85ed9fdd06ebbe917ae4496
54	66	6e634f1834d9e7fef7a5eee3cc74eb6ca9c18c5bd32d0605a0dae73e515dcf88
54	67	36c3981517fc96d65fe5d7e708b3067d9ad1e4b6374dde6ae080810c96cf2989
54	68	1b5abd2f989171be39010959d965770c0457ea206a5520dbc4b9b2deb0f70fa7
54	69	cb92c30ea21c51429dc7f4f03863e84a11fb844302f6ebf1dee07f3d4ef012b4
54	76	83df1869a742ed442b699c19a3f8b9a864bc2454af90bd3608f57f29c25aefed
54	77	c35e1c55a0e523998cfb2549e664382b42937bb03fc4c45eb532e6fe0c920e3c
54	78	4c493f35a20f06898ce4e9e03830afd85f553367cd6aa1f616c6e091e8435d41
54	79	006495f063843cfb657fdb42069d8d0ed01d94cbbf97cf794e036454df6b834a
54	85	4cc0ca8a93c609e0b215174b3eb9e2732cd519d13d903085a23e45744c53409f
54	86	6c84b5d4e4ca2640c3e926768eda1a60b551f3b06fcad979e916b0b8ff2e6070
54	87	26d59dcb5a7ed48a464090213cc71b8d5674255496b3ca0fb6bade4784695ee0
54	88	66159a801fbf36dadea15b9d0113e6aee15ad0c91d7ffa371ac6a4096bbc1713
54	89	1e944dff6c5bbffa0c2d87266635b78b45f9c01f897b1cd72afdd0ddd3343cb5
54	96	38da5db5a8786b12e2d4bb9e879fa6607c48afd4c1af9b49fdaa1b4360dbf9bb
54	97	4a0b260f1fc05673d01ad9d7870cd48bb683b3ad53bed5eea73746831f2b5218
54	98	6ef598cd9b9b3223bcf6db4735b165d4deac933ac33523a6fda1b626ff6587c3
54	101	19164f3a4a99b23b20e22b982af4f5c7f326b7bc58e57d842f1a1c5b55abff4b
54	103	da781382dd9970d7ecce0f26dd7d6f2a3f44256b74de35a65d303032941d5ea4
54	106	0febe3314d3c175bb6191bcdd107134a3904034d75a07d2dc794d276bf35d5bd
54	107	e785a0a5b42b43d9534f5643da684057215869820d33f1f648b9af04c2d5e96e
54	109	9867767c6f7bba8ad2197d98ec5b54defd92c61b9912520c16aeafa12a6edf68
54	110	8a5e39f26f7f861e4a903f9e8a0102e05ceeffb420c1458fd53dbfccce7407c1
55	0	4499774acd0893142965047300fab9613f7d2ecaeb3a86adb0e627d5c8cbc22d
55	1	82242d74a6fbc56d354009f989a72de79927109d21d6636b2772467e9bd34c41
55	2	fa9f680205b18872547727bc4daa3986c269f2e0a74dcbe542223aae79334a0b
55	3	8aee240fb0dad6a2756942f3f081b141021e43784330ee6becab9f548e2029dc
55	4	f82c48dd4114c4a06b27bf36b6062960cbd7c2a8749f2384884ed8df23a8d972
55	5	1986b04d43b6316d824dd3dcbe78856432b1c84a7fb36c8eafe78157a579ecff
55	6	865861240617902f4692f04fecb6a937a545c3f39dedf492831527304b805aa3
55	7	fd4e2964157bff5820898a9b59fee92237fad19608eb8fdbe67c20cff489f322
55	8	578a1b9a79879f4322369e7a19ee2e95df9d168e720886af31e92d7d1cdac40f
55	9	2afaada01516a797bf5599572efd3d8210fb8646c8dcb44a7ab4650e9a6d889b
55	10	2231976d56152c4ac422ddf0b90e7fb87f951b051492402a0a54d2ecc7fd21f0
55	11	5d7d895df8b0c50b3b662612757e29afcffb2c645b5baee47de119fda4012c53
55	12	967e322f1546a80b5d1b0d49d0154f29369a54607224cebc5ee362877712e101
55	13	b72966ebe6d052945a4e3989d4889a014e85f4efdec452cb8139e6a4efe2f8af
56	1	97fec6013518bb4a48386e2a1485b77e265c09dfc239b6ff86aeb6147b312b91
56	2	8d24ae14caaa332b87e559d71853f990b95add473bfafa573be30b9f381acdf7
56	3	ac708180fc6ffbeb974a45718166cc4a08c7ab876c7a9f613042d8d04c2d8def
56	4	8200a968bd3fc300e54d871fafb9481fb172bb16a65fca9a8954656a04988e98
56	5	7dc2704f194c850e1330e7d169f3bb39cb2b6801a4cc1895b5ec0a88d8591497
56	6	6e2c1b61204b9616dd8dc4657ef39d71746431c1baece661c3b3380de3c94571
56	7	82888bc27fc2ffe33512eebcae8b72c15b3440d9cac8eeb3f072893d3e3d89e9
56	8	cf6505d64898b8090f7c7618fc7ac64fc36c352fd8217fdb197facdfd2768ae3
57	1	06daddf89503abb0b2bd7062df4b07927a50405106174bc7d7f82b85eef169bc
57	2	cba96cfff2a4badb292538c2fd9a8655ff529c45ea6874a780d759487f2946a6
57	3	67144bcc798250d20c52fad7db68f702e9a2c741d6c573bc912a73bfa9077819
57	5	7990de72ce7215ac6dc92d81efb100315d0232768a353823efb2e4aef74ed8cf
57	6	14458032ef3f6d38b4ece93e6d07a6f86ca888e9ec2cba13d935400959a4756a
57	7	2751979fced8ae64af7acfc3ea0662deeae1951fa88bb06b99c1cd310efd042c
57	8	7887de22cbec76c5667d755dff107e68e22daccb85bada78e973b822ea0768c5
57	9	a3c42536ac171bd0fd7866f1358843fe4a12d17162e5aa5ab5db5be2541b10c8
57	10	705df4043a22222a5d480cb613b77564cdf35ff0c8121ad10a6a104980959315
57	11	be62f3770e7be134bba89b7748e9dcacb9d4c5ef340c530a09d049bb4e8e5b6f
58	2	4bdfc986fda362662a4f133a3fbf9953ffce21d1ae738b2dfd5d87e93288edfc
58	3	56a0f25d1ee13285af3b8330cd2d1b8750d82562cf82bc5ff73068083dee6061
58	4	bbef2c8506aa84e535cebce6f6da16209373f64cb2c7598aeb31ade26f05a124
58	5	d366263043dcd4e7a77c23872c54cd9a7949667e165ab1ef153502e27ce570a3
58	6	47cbff5919ba2b704cfe9081c743f555e57a369c60ef224f18d08f9fbbe9462a
58	8	300a728ca5450111c791d379ddcd6d78dbefdf6d45dcd99a12741c02a75206fb
58	9	601f9bc6c442c09a5fd0bf38da13861c7be905d3555b813d3c580f78f38505ae
58	10	2fb55da49e55d20bf1bd1e458656b5e235e7c38e3b2b9ca3ff74500b9082fb56
58	11	c69ad5ec0ed365d26424d3b52eca41a0f737579d53d7eac1b16881f61f4920a0
59	1	5fc87bc9759f1cae70b7b3e6691afaea2c4db40e6ab901a2b4fb8565f538f6aa
59	2	f3d21f341f91396afb003a587d43f60204f8df7c9d90fc5dd518ec2825888814
59	3	d0e2cdae1f8ae615ee09db4f81b3ed7255c825d1113102b82c1ae56a6e56aeca
59	4	fe7c583dfbb9eec893f23e7c81def7a37ebb4938d631ba52af0c64b4a1197c3a
59	5	471e4e99d8e1fe30b3ffb694196e7740ce5809789c360757eb007c9a20d340d1
59	6	bc8fc6a2578c84082d5e12e4667b514fa087f21951de3d1263f2782424f5f12c
59	10	06318e65d650e97277c4e328765a402b1973c5e46bc811c3db33d7e597ed813f
59	11	cd026c9ff214a2ea43af4737ef75804619cbfff8ad623abefb4ba0083b18f7e5
59	12	35eb18fe4629a7613ab61de54baa5d7a3704591fe308884c32cbbb194c2344b2
60	1	fe59fea2657e6c3f7916953ce71070e80e2e345d63174cbe31aa43c5ba862aa4
60	2	8187adb5e56a9fd6dedf822ee0d0bae95e9586e9504e9cba495243274d184226
60	3	bf696b3ca8cf6b9043f606f56250e27b4c02e63181de4fe8480064b0a5e7f82e
60	4	0d6cc240e9815309fae87fd21cacd653fd48ca896cc477b6fad75131be77bdb9
60	5	a049b8f870fb2beb32289c287189098945940ac82b309f3b2c89e698a4e33f44
60	6	c83797dfd0a2a458b0f2b3ee51cd806b7224be5a4761d54ec386153e44c72b76
60	7	51d65442e4f7f56de02b9c259dac8a7d1ab3f118726261cd843b8b896d16d948
60	8	0275fc3c00f87e26ea89ea7cadcae71da7e9371724269c642fa61268940332e0
60	9	271c0a7341885d43e32cd269c81a7e45649b6995d61fa6bd4eb0c7bced9744ed
61	0	a8fd9877b59af98e3a5b5ad51fb53a33b32fca2640fe6e1935eb278922fa2c18
61	1	3c3f4b2908e604683aea949322131efd862b1746aff7b45c98f323ae77999b0e
61	2	a987d281b93c906deea81fa54f7afd2a188a8b2525e4006def7a3881781e371c
61	3	75e0a03c2d63e2c12a761e335dc03624bf7198a5339ce7114421feccdfdeb63e
61	4	570131804dd7e805eba203b9fdd6cb341c27c8ba7d66768b4e0704016daf63db
61	5	cae14ce04a372cd65a57be612ebaf5477cb7e3feede1be0dfb26c28c71fe36a0
61	7	cface071a60ae863e439e95d17f27712f3fc9de81de1be6e951a2249620d141f
61	8	0069eeaeb4bc203815ea6088fd123022077a7dab9db2015795d847cf583c232b
61	9	2f51530b2c76a908472e815db99d9406b3660c5c7ac9562b1d0199719083fcdb
61	10	583425d57e1fab3da6e39a84e5e4887b7cd633114524211a464db20887f2cb8c
61	11	66f17cadad81235e95ac0ae4e7c824f9862d305a243413c085f3307bc7ffd03d
61	12	e28226f17716ea9034c030d7360ec98a224470ef80c1857ad57e834bfaf3ed4e
61	14	e713e01be12164f2c5cb3cd2b236ebf3ccf36e6c910626fda8b17b1be1f128dd
61	15	e93614756097a9ec0c170c9ec5597e0317b59fc977db54e48f0b563c6e738459
61	16	d2cd9aa514f638d5f7843f82b1f39c8502ad263a47d57bc5b69679af549ab216
61	17	567db4ec35ac404dabbf1406f47660efae5a9be2b813f8d39ed3642ec2ee7a0d
61	18	468c5f0bdd2e296901e94b12c7e169dc02a35bb355a2cab2a5ccedd1eee51938
61	19	82226b063db803b78f4a5d5e85fe321aa4943496b8758c7fafd74c101571a40b
61	20	c81891934bcc37e4825b392de5b4571b84dc404e82ebeb089efccd83fe462157
61	21	d3e36ed61c0aef8ca265b377cb5922282eab5e770b83ee8b7e1f0a4a6991b623
62	1	c890ce7560f3702128e615bcc64b7272707f549ad8635f4e5962e8704a862c8d
62	2	57476306523de0ef0b31fd6510732e783f9d169b6dbfa42acfd2e345d121884c
62	3	b7308cb21f766a386425cd154d35f36d8bf48743fe54a198ff1f34f171408efc
62	4	068893901fd9ced1d0f591cebef3295db034709e8847c74af09e95dc422f98df
63	0	0ee604ac2518154e2b630da94479c37070e21a2c7cd3f064e206ee32095faaba
63	1	74c065035748eece9e889f497b7be6bec95b0c39e19e63313b41f6b975b85972
63	2	0870fc188297ea97f167ad5018580fc8642154f961be56103b055584d78b59fa
63	3	4edad0770837382f436146f74151da261bec83019bdbd1687e031d4dc5a2d72e
63	4	3d031d7a6fe8ec7057afe6bf2eff9f95f1f61ecc42b612fe4e70d0698dba6fd4
64	0	7cc5e0cdfe6bf2447151fadd75ff501ab12da5ac0f0529e002673a537829849c
64	1	92b0440ac1b058eff6495da3404ac2252fae0364ce0387a3d5000cca088b424d
64	2	7bd2ecfbea4022fdcb6b1facf9ae9eb11c60770d39a776bab35302d967b4ce2e
64	3	f8a23595f0892f4cadeea4107ce7eca9cb89893ad804467517bef4902fbd2d53
64	4	22640e3c9009b9af64665edebc59cc1423abf26ea91df58c0d827e8e8051d72e
64	5	5bdc91a23e246a9208107047467d79ff4500c8637e22d517ca278ebbafb71923
64	6	2f776a0269bbb5da0e04dcd9eac43404a5f215e5432bf453ca6be7b7c79a0006
64	7	791e6e3bb29ecb4d2340cbf71d4fe16e058f88755d21055cff0d39660240c583
64	8	43ebdedf72f238658d0016b3693307e1d67882675af983120caf39664d107ef3
64	9	78f742d9e7de7bd83a2020c569229bf616e5ef58de7055b5b0dd74faeec9f432
64	11	fbfc49b166738f71ed376fe38a1465510d140125e6ba188de23bf7e87075e7bb
64	12	bdd897d33ccbe42591c9bb4db0fb07f2602f24706dd7bf2a3c6aa1e2972d3332
64	13	bc00b7beda1217268ee14534bbbcfd96389f719738d2391ab801ef33598442d9
64	14	e7eb8ef7dcd2d50f8f81c8444997e2fe6bf1f26c18a9b1afe8d1a5b4d6e8e6f2
64	15	275765c01309952acbb10a3e9f11ec55763ed392abb9821d0b91a5bf9d0e0765
64	16	ac07286abf74275ba430e81368d9ec1fbe3b6ea69c28f3b7a223e1f6a0e76c98
64	18	040175e538028747f6ae41d52bc43270a3adce4dad95b02b44ded3deb77c31ff
64	20	5900f5583730e4b20d724a610c5744bcfa7cd9d24894778b8bf3cbf79463c275
64	21	e04173bbe18c4973130d3e90a20b27c9d6cbeb8b3c4a19b8fc80c45a763e3412
64	23	e0f15cd1b9e4d3020477a5c1ee31c3e6dbc4edab6e663649dd76985fa471176f
64	25	cabfe1787da44fc83824e5540bb97953fc8e9f5aff8389d04904d22b9f319067
64	28	1799fc4ecbc619567e47f5c2f017c585847a9a52997b4163e47071245218ee67
64	30	af79f6cec9ec425ce48905209a3d509a3449aeaf16f8cba26633d9b8b66d8026
64	32	0be8a37f1199fb896c2df3017544a9d5264ad33dac8f086bacd82538637798c0
64	34	68310b5561065a8ff07cfe8a648a3e7bcf448a251d51dbceb46eefd5bf5a685d
64	36	8f5adc293eb2df99cb467286bd907ef65e8a325b7c2b59594f96af349b50b9e1
64	38	cd8efbf3088fe88a9be080553d8fae0b5fd6ba29e3673ff1ab458ce25539014d
64	40	1c1d674d72305b3e1c0a28775c0d93ddfc437f990b062dbbde6d2b0d63a732e5
64	42	83b7115690fe4c4f8c4b2e3ec5210265d78467edd75f7f861db036554f68fa38
64	44	169bacf4e96855e3e58fbe3b95446eba5d54af861df2e5821f8580d7fa0fffcf
64	48	205334469638d577e271268f37d3de4599bd1b92a8e6f1203bb722b4d888c2be
64	50	1bf958581a0861de92c5accad7e152d4a91170152ce6d1cc3f74e9ce8886d954
64	51	559e0e8b2ca4d8887b353ab84a3717e27f6ff3d582e658e5d719244eccedc29b
64	52	0afa33964470cabd0b49eab75e61c1cc66dc1c9c2ea1c09e25f9385f641ba68e
64	53	7a1c06e4870e867348c961d1b8c226ed20ceac83f4d86e33066b6122dbd41a37
64	54	0e142cbf3980e648f1cbc84fdbc1f305caa44d6c19f9e234347033ac67fb8b21
64	55	31c5e9cfe8478755cb850ed3878fc65a8922d0ddd543960a1b43ac717fc572c8
64	57	fd07178581e214660890981a8b823205a423f4224c78db913059cbb7539ebce4
64	58	3f283e2c343db528ed8ab3cea387dbcff94971ebad54bece444347d5fd2d6f1a
65	0	df13c73e87986c84a5be5b23d8c38652820aa6dc7b7bdbe48d9e28e86876aee9
65	1	b871ce2dd703fb046196cc8336409a18a2aceccf9344f03d56856fdf042a5516
65	2	1e091a86196d7bc33fc259c9d5ba8e7d435cd2843b39064b812df36f8116fb0d
65	3	6e8ec3c9ce6525bce15ad585dcf1423872b514d9d02a8a8cf86795df3c4fb18a
65	4	f7e25c96afa5b3b28eb706607589dc4e16a7705fe869b201bc3f475218c5308a
65	5	4f09705e1d9ce026465e45f5e7927fb229b3e48196799e3761c1743b2452d075
65	6	a61e228623d1955e2de24e5cc5c236b7a3bb61593f3f828ca7d002f69c597f1a
66	0	706489faf8b2b4b7349de9cef4d77cbde0e55a72340178ac922dac490acf8731
66	1	ccf0e65561f05a5f69d3a2bf89014041df9bc9db2f37f66711cf77996a561eee
66	2	09d6957bc791894bcfae7ee8d0babbbc0524c625f9ace06c47e3a09743ee0f4c
66	3	7d874741ca0e3c15c798aaae5b628b42184a7de392febcb4ab0efaef7320ee8d
66	4	9e187f8aa85b3854be4f3af0c0121ab0a04cc4ed5f50c1b0cfff0b0090e37eb6
67	1	02f762d51e6c307ff7f8bb7b46c2851af6a9de1f0cf25e6193d9ff04c7ba1ae1
67	2	e357d8874baef9e4fe67b771dbf91f405aa5188519f48bc2bc6e080099029370
68	0	1b64b0b8143654175756cf97d904fc89b2e8282d0f99e8b7ae392aa2a92e720d
68	1	5a12861ed4132a92274e5d36daf4da6b9a2a71a9823148e3814906836a7e23eb
68	2	ff5a7097368313af48ddb0686d42ad3898065e7f30ade44756a2aa237745ec74
68	3	b593aa58fe690048740b3d2dad96840be9561f256edac6a9bcda7e7a5d60f5c0
68	4	23b270028648c40fc72626689168d3d7a22045be17a99030d41309659aa9b727
68	5	dd1ea94dd82547f63ba5f1aa58412f3fa02cd8cd4dfce91778038e468a1af77d
68	6	877d499ecfc710ad5236523d4ffb02964fd331a3bd62d9ab3e5d7bf8d49d1d1e
68	7	a331da7f5d638a490b7dc8a3be032b162f9761267b9743f654cbffd4219547b8
69	1	1085d36d1c53e6e38132b5b132f717460a03dfdbd36b42ec8456654abb1d22c5
69	2	9eae594e9a0eece1a04df333a56c412fef35a4365038f6667229c1ab7593a2ef
69	3	043fe2c0cd702a11ee4279224980198eeb285d0025b95a21f3a5e512fbd6e8b1
69	4	e12b41f38338d2980238d21e15fb9aad3c0fa642489ad038d5aca458db8b16bb
69	5	a6c963e48db3649d77dcebb8713e2bcb773d3fd8668c3de13a0ac8f3d88f479f
70	0	28471262b37baa387132f314e541efc0754b2b254b00d2603f170b09a09546e1
70	1	27e23f9722ab96146e673eae2570d4acea73e502d837d0397afa1f47e9d74c5f
70	2	a13c8a4f79dc22f2ab1f4d967525a1659f130073a7894a7f2719951c4cb7a1c4
70	3	7b9801964f48300d3386bcea23623a231c2d0da61fbf2dc4979b572c2217c250
70	4	d589fd3bd9426757cac178bf0adb8d78a87cbbe2ef0989027005d251165f308a
70	5	67b1d21e82d83894271189fd557b3c68da950a7ea9053f9fc796141923028848
70	6	6d0cb8f73e7e2d45c3f910841120138e773a67776b998382ab8379eca222a6a9
70	10	f11a2bd8967ca8cbc89c7946faf63b3ba912839bc9041a74b5d8a4ad6cd78be4
71	0	f7d48b0efbf75b8dda278ddc0c9908d694d532ef8604e5c2df3ef5bbba8d1bb7
71	1	fff7912f1f4940568a9027ef38ab12337f5c506c6ea9446de8b665d8ed5dc298
71	2	b5d2543168e1b5dc31682d1c5e2aeb5db711eb18236e9e1192f96206dcbb59fc
71	3	564c3c2c1133b4cb8f5643fe88a65064831de388f6ef6dc7acc5aaef7148a66a
71	4	995f22a34e32fde4ffb1a0040d086d81989829d1b239c920bb221f2a48a972fa
71	5	89b0b883585114b2282e3a6a5401e95a99aeaaf22702f48b2581afe40f148cf0
71	6	dde1cec50f3b5e85b972e57a7a4fa909c99cd203455ee55343340e6da77a2458
71	7	6b251014f88632eba26252393204964170994747ebb8982347e95adfabf77a32
71	8	f586e91ea37c7a8a1f91e0b8517affc0e6136b34925cad0e39359ec6ab9f91af
71	14	2bb3a03b25fc3bd2afee9578d865e38b6bbfb7a558fda5e8743484f45bae5c6e
71	15	239f443cd6c4bc5497fa098e740fa78dc6e28388dbd4e46fabb68c04092ff4d7
71	16	2a5ca78f11d3d29f7e2de245c7cbac867c6b3872f22951e937d5c466830c85f8
71	17	b2ebaa43661be1793e3e6c9cfe54ab03b6a88da3ea9d6845758ff9c9c4597b70
71	18	47811bbe51d00e8806c37d4f4667c0728fe58075912e5302790dddd7e0d45b0a
71	19	e6b52cab5b4ed45d23ca21b76bb2472f99684fc3fc4f164a544a5263ca17c5ca
71	21	e736a22dce84f9ce44279e882f32a39de2ed13544e68ec0fb9a80b72e058443b
71	23	85a4a5dc1df083c7143df8f48f9aa19977d34ab741a75c02a4cc21ab1497be82
71	27	258ef1ab3b828362a209e7b2c7312d7a710c93ed16bda0215957d19d73584d5e
71	28	4dc9199cf3115a2bc4d85e946c46431cca51e365a87e80686a61e383dbb4acde
72	0	1db3f3b6b0566598333c2d96ab0867ad01063ad0a04fe799fee62a9d45795283
72	1	cc37460efd3483db26c74295f35fc8a32f04d544866cd354fc132e4054c69253
72	2	8d0134d74b4077a6f10d48a8ecd3cc307ba79782b022ba0ad6c1e06cc1a4fc95
72	3	8b899697fc8b6718786beab2e12eaaf63bd187fc46c697dfcd5dcc3c1a826f6e
72	4	4b2c3dc00a4d8a0e7c69b1ad302495bae098d84250fa78fe70eaabc71db93dcc
72	5	8b176908b666837a6115b4a398c793cd627eb48f2fc49ca9b160b615e07e8790
72	6	f49a40956dee41193615d6945c2f49db6234f9263b1150e536cf50734456c0a2
72	7	219abb4d340c35c58c631309ea4c38d53e8de88a01332ca49102fbc8410d42ec
72	8	3f8315d3400b1f79f78e93003921c3bbbe9a733868fad61984fcc906be8cea1d
72	9	393b06d152980de5881ad749e893d649c082059bff2113dea1f7a48cca64f935
72	10	a618c2a1244a22cfca3e97e6613032b6a1d571642e763e06b6eadb22ab5e2b3a
72	11	1071ca7764c92a28b60958ca1c263673a45f6ec01fdf5871c6a7cf06f4fa413b
72	15	bf0a8daea9373becc30a6578ec73870c3552e4ffbf198c22e131c113e6c5835c
72	17	7bb132710e3d45a6a9fa950cbe2327b5cb107fc4beb7510f71f00d177e9677c2
72	19	3673891c5f6f139df38689dee5c3748a3488b32bff01d6fcfa0fdc12d4e709c8
73	1	3d5c185e12764e38fda68d4677e1cb5fdfe875d416f52d1cff2f0fe068e9a407
73	2	c3f4f2d6165f4e913c66b4fe16f67fbd3415b06e25f843d6e62556b669bdfaab
73	3	39a13a08208b613a78ed49598f61a62da63df48d08f0b81c1173b13bd4c1da68
73	4	45996a23c7830c15a126b7314b0b258019a204ba2725e26a948e3832e3e703cf
73	5	16c6e10d148f0e89282c515c1e516e4d7b187439b1bad736bc74dac7e698ba1b
73	6	9e305f95e18579b6b34e64c6279576f905a27e923d91054ca6aebec02bb64f48
73	7	8cbd883576a702e411726cf2577c85111119b562eb96e772c0eddc1e20b0a366
73	8	2dfb152c6975050ded0b4fef00310c64e58a20f2030a70d07fc11af271df2797
73	10	4d3a618a452245c20017692274805a856dbc70090f19be57e9b9e2e203eb392c
73	11	38ea16ab0b1d1737daf566f19507f9dcf504411c30c94e3c8c504f24bd6f06dc
73	19	be8fe5b38d890f655dc643bbf787514bef91a9a1b5dc4bbdadee3e9cf53a05d9
73	23	bb94d402aa6befe7aaacafaa95f810efe414fce1e2c24f944672b151006ea351
73	25	dd97031864c245c39279f413eb85a74010345460af5d38214a19f9329a6c400e
73	26	99b3a47378f10e360a028065db3fd5f32ec0df371416b80c1522e3af3797c4dd
73	31	0dcaff76bb0a1e9ea1f57ad6d145c5d05749b3006cd5dab09b8bc2c1c030b00f
73	33	9812c80a4d9a71a915b1fc4074167d9a3bcb70c15030db31611ccedfb9de7f2b
73	40	426665858889de46284fe970f0d6356dc85299baa6252d200079aed9005e1293
73	41	c301b9368ce9ce84dfe5021634e60091a4005c5c98f3e30cb62f448c79becb79
73	42	e443f4285358d2e5bb3a9f5e6a901541fa125b4695d06c0d451765637b946532
74	0	eacb96231e853988927f255c532b06a093632e1ee5736ca020f779eb0353fcde
74	1	ac0ae459ca94e80d347e02b0c2f06aa18a9576bbfa96901887d87621ff9e53ac
74	2	6a06b7629227f864fe3cbc060077b3a44f839d650c8dd90878261bd9eccaf031
74	4	93846f53405d817d6deca8b1f6268475d658a21cd3350f0ad7e2956969c0a358
74	5	ffdecce3fb970ab44cf7737edf50c3ecf1ef1817537ebbb124bbab9388060450
74	6	77cf5b8ab4b243a662fcc74503382cab383b4d4ae79fc97a3b1c55e86b4e63fc
74	7	fc543b1291903d480d098c44952f55b8a5917f8aa3f7552b999ae610877ba951
74	8	9b903139317f25f183e4f6a5305218884c4f579eb3893628c9c0671da58044e9
74	9	c5c64c96e6bca199409782d1afd8e7c5fd288ec57fb956b4f4b7559447f3d385
74	10	2231dd820367a7af1bfc2c815f8819212391012e5e0132b52a05461157114655
74	11	7c201dabb4b3a7e0a9a078d482fd031644eb9156cc9fc3160421f45d06c18078
74	13	be75724282c901db84eea5d89c9d47f55062e49c98b536cfed071c1b0abb6940
75	0	a5d469adbc94325a451e6526a235848ad0a83c53e52c3fdf2e084e344eaa52a3
75	1	9cd7cc5aa13ab4c398da0a0d72542a35bcd372c85f84c8587cec06ce72174580
75	2	e18d5000a1519abd5a9264984b53a9f440f2c9be599fb636fe51f50a0b82dd6b
75	3	56fb5db075803c61b0ded8cb95a80d561b0cd27321077e6af4ab50241ea7c3e8
75	4	e5b74e1c9a160825361fc125c7fac7e2b977d78608a2b355efaa1fb3007967fe
75	5	b40ddb7d51e82917c4c60b2f50e9ce3b21e5309d651e0a6b243f27c543ecfbd6
75	6	024f29fd84be4acafdbb9ddcbf7ebe912d1aa1185fb55e1c4386da5c55172e92
75	7	19b3f39d25cbfd05861ff1089781c0dbc8fc0c7437d348184cf06955326d7316
75	8	ae7e159c934f8a28f457432e8ac082ce0e970fe14b76f9323f619bf86967fbd9
75	9	bda59e41acf4b116356a136a989a7bc2765f50b4b1bfe1fbeafc0a8b382702fe
75	10	299f814dbd4d70ec595bd960c4fa10dc75bc4ad4e7061714be872ccdcfaa2223
76	0	5c6f3afe6f0cdec9ef90e8800c9cac9caf06f5cc2a5f4179a7af1689e5e650f9
76	1	20d8e3bdea0db64e94339e7837a3d26de3375307e8d459fa7fdd6f8bee76b1d9
76	2	e12749cd83de95564bac77d15788184bddda41a0d9bc8827e3dcc644ee8a7815
76	3	ee2c4c89de0d33451c446b7acd2c5af5511dbbf43a779d6eff8791dd13b09f65
77	1	4b5ad2112d9805a6bd02c0f392e3b77a75cbf77d6953bceb739ddbca8354e7f5
77	2	3aa39cced934a98d10942645eb5a351ddb9f97c2d92a4673b933077686a60b73
77	3	e0f9ada13b4191dc50a5f647d9166c6e7df14175efb5f5f602594d7e6733764e
77	4	7858d1bc198ef2b67db0c18acf098429d6ff1d4f1ad4e5c5df179559e425e547
77	5	04422eaa6391186e659bba122b30f944ff451dc9e5d6a90b7173184eab8bb63b
77	6	ee8562f2bde097036a93f718acb29103a43b52a24539e7c44a3e210da68f924c
78	0	264154345eef1111ae6ac23252e883c457774c57103b69e8514030c71e88b003
78	1	92e22ad25e7635058a3d36a923a5f2f33996b49cf486e90c7797501bd7a2a3fe
78	2	171405690b654951aa406c917ab2392de02cd2584b14030686780809738e6e20
78	3	3647382f2d34303d6451c3430695671bb73fac7a66b1dc94613035dbf38e1fc7
78	4	4f615d4381cfb9491688cbc0706c849c34529d37f68a86bac91f7255c4bde797
78	7	8b09ee13959db1011ba23c5e680a7064d328345d250ed3734f49f0f60e7560c1
78	10	342ac4734412183174c2058c4e2a5cac5d9fd0e9e73e7778b73a68e3b2bfdc8b
78	11	4c02d9d8cb878dbf91e6576fd9e63fab58d1dad6603f5bc7fa841b259e2ff26b
78	12	69944bca645b100b7257bc9faafa89fcdcf20562f08a84343f2c53c514873d60
78	13	00cac4d7182fd7494bdc964484f37e51b900206fa54940bca5fef3ea5b42c83b
78	14	5aaf5caac21addfc8e6dbd271f98be9c8696e81f4d3c408af54ff18f94ba6acc
79	0	aac8dc6ccb20cf9626ee41521e7e682e4c6ce81e73f202369d43a105dba6a3b3
79	1	6f1eedb22cc4bbdcffd17b00719f037231d01899e202e82c9761b81a0f5456be
79	2	52b760fbc7b8f108404c7727fe75387d89f9cc8079ce3a0ec212a7e18044d8ee
79	3	fc2c1a93764859526fe7d36a091098a4fb0a59e1adb2b2966a360230e21c3ea6
79	4	d3aaaf2daa05c028f9a0481189d82dc6e4d2f5f3facba4a9998c70f99cdd0204
79	5	45566cef1f26b66f3bcb9303ab55447949d690a9c3e16eec8f96e9c02960b4ab
80	0	5f17e6dc0f4deb65ad068bd44fd05c3f87e04851471a79fad35a22e8771107ee
80	1	11b011f97035c6effb48ede04b2a4bee3db7ab6f0c812f9ab8243f4deae74f73
80	2	85ca028c5fa8a635433b950aff25b28cc6ab624e252cc7d6bb47c3ed5cf5734e
80	3	1efa65403493768fc93eebe8b1c92ee2252a080d565202bf0bfb528736b6d278
80	4	ade25afa62877b653d3cdb5b824f42f0ea407b324615901eecf43ae89695484e
80	5	7482e1d54fb1e6b60c5aded6a783b72be0cd562ec8631918f0ea3bb608ef6b3e
80	6	90f58038df26f0d98b06b3e3e72cb0882f104aa20c78eb5dd3c1a28704a25f24
81	1	cb8a7e86f39ae3b28d11b7d61b868bf8f6c026683baa1504c86d6c917e19abb3
81	2	a39d07355975999d6b83d8a580386aede8aca16904fb3491f2b950ea1b823d6a
81	6	fa3ffd67eb78706aa828647d3d0b58c4b56bbaf93a6edc0886f44c3090cbbc0a
81	11	b30edf0572471ecc31e85099cd16d54ab83ca7b2bf0505b7d55460847da20e50
81	12	ec2c688b2e9905313a942c54b9a8b8a13a754aa781c6d42cfb8db3a37c753b15
81	16	35807a26fcb72c34c321d06874e27a8486eae517755c0051a968be677b52b3ca
81	17	70b1249c2a6195d82c1d55221d88ea92aa2062fdf83fe6a4155b604aff3cbde0
81	20	c9d107bd4feba0390d1ced92cf81b0398341a11da30017fd782493e8d3f90d31
81	22	aa1beeb899a312bbb50c5bea4e438132d40d5fb48535899dda0f121c3c60a32a
81	24	b449bdb9e8932ae48a16b59e468d30d34a65c8535f473fd00ba20f7b0f4cb9ae
81	28	3836b5ea9d7fceca80566d7229a6930be88e52c91bf98fb2aa99bc167a4f822d
81	29	52a8cfaa2543136d7454c35bc8a840581e3e8d16235b338b046d3d7333f8ca35
81	35	84b57ea4da7f3a12ba2e78dad41126b2c2deaa81263c3d8b960288c09e382021
81	38	2aa13cd7deb3641004c59efe6475d5512706849669708a3e47b5d8762f708a51
81	41	6af90ba1e31c88dcd47ff584d419ba1c175394d884243f7375e5f923c9a6bc64
81	44	6c5df259cfc45b031e578af4cfeee1ec0f0760c3cb17ffa57581d956bd9d2457
81	45	37d1bd366577e7442ea56672d3b036e88a472fa8a982ba32b9b4bd7a8eeada9a
81	46	bbc33710b4e2dba2930eebe959a4f1e9374888e71651f8a5e3b4b1f63eb2d66f
82	1	c51e6e1d120b2c22e2416c65838ea105545cc56773ecb355d60a2aa6053e7aa3
82	2	f6d862e5149e7398ecd5ab1935eadbb165e9eba851d8922598d1ff77f0be0863
82	3	1d828e1454678e6c4835fab44dd5e8992f2ebced018837729d79fcdd68ecc717
82	4	b64485355210e26312d64c3ab101082239a4c619ec93600fbf6253e228e705da
82	5	d5832f875a0e148940a421da1c4c0b286cbd59d4593d3e9809979d5befa6d52d
82	7	99e0e58d0791acf99a5932c2051a15d07f4eadf8afcb871fdb0cafd3fd754677
82	8	0cad23064411230270d339708f49e9223cae2f914cb9bb3c92a1ae8a2c6c6d16
83	0	8518486f531f219a8d7a874dcdf1f085b66d6a783d92f147d5e5e7f47e40b263
83	1	28ca81d471b6853b20da28a468ec4f65515e07e4c5971fd8dc8b88937c69b63b
83	2	db5860c5ab9fdd2924cc17932bcea3e60b344877f43c5571c357196530fc3b8d
83	3	0e95792bc78f1542af7c4c5c8628dbf134029628504f96bca35b9dfe10745e52
83	4	5b6b886d7b8844bd12abc49fa4eb40dca1bd6fe99b9d4e410d36bc33c0ba96f1
84	0	a8ee790f7ceea8da369ba2b2dff405ad846e70a90cc736b152aadc273f81d816
84	1	6f329db9303ee94b229dd45d14706fd283ad59e787c6ca6e7e2dcdce6b365ce2
84	2	78906d97d1b10ff64c067a23beeefa6a4b14cb713531efa32e8dabad652d501d
84	3	b3f70410b5e6dd981591579331e41c2dde3882c70ba5718323646f29900e279d
84	4	c6b128567e821e99f77c7089851b87acb4204456c17d7df2df638071eb07eb4a
84	5	cd2616b38c6efb05d854e84e66f571301d75d3775043f490d655034e2fb291d9
84	6	3d241ff9ae3770351e10d0a1479bfbde8d56c2cf578db4fb05dd749cf2251d84
84	7	6aef231a5ba21346e0064fc527866ca27135b44a6c3c121fa6682371882ec47a
85	0	d2c12eaedda9d0b107a595a8d4c0e84612f91663e28eecd3b8e5617a0aebae47
85	1	07ae3aa0f1e641ec5a1b882388a779fc91941a4d4e5d12a1b6148790da51eeda
85	2	48ec6871910a0f02b2d83382c4932d8452489e6863e56f552f70020e1759250e
85	3	8a77954a677a9e67dd2d5e32e0ee55f9bf14695426e525adaf8818b81610c748
85	4	0badd17a1f5f507e871940cd3ed8062614fae7a7d5089d9ded50f7cc9e75ef95
85	5	d451d99b189ff4d2a5e9b731220d0f03791dd9f5250de3591412152945f4ec31
85	6	1e7f1d4af883ba6859bbf0b9776e9b8631910c1e01a8084fe4940f939288411a
85	7	d8b9c20c4173429ea81e0caf76b037d004821266a221c4010137fa0e79a9869b
85	8	1de31d93ec46732fb162759d00b555d5ef13892633f162d541923ed78e900138
85	9	2ee652a9fc582b6288ab7c6423593e3e0bbe9c59d139c3976cf6fb067e73229b
85	10	46447b4bd0e318a415ece555d4f0326d27faf4460516d0972251906931105dd1
85	11	254a576379935832d3b994ae10898cf76136d442f2733ba26f015d69db2c03ad
86	1	a78b7fdddf11cc4ce70fb209a59b121ee795ab779ea60220249780c84165011e
86	3	635b022ac1480a477d82af396fdd06e27dd5a662b0147ee768db2bfeb5b474d5
86	4	091b1dbbaa6884356ffebacbeabc7fc0dde75a89cfd429d6a6899fe69aed2518
86	10	8c1b06576982ee6af432ddabbaf4bc84b698c637a251c9fb6a213c9ae261bc1b
86	12	d10e1196f463e16acd423c8fe59a00947d439e0771a1772855870a10abfe124f
86	13	31a390d6dee9496792a6b5649a04beac7c1b3a563144961b582ad8d319b32ee9
86	14	1d33205d164a232803e9954c92a20e88dd3b2e515f62edcff2276deace0972cf
87	0	dde422d2c2969dbdcb93f3c00eda8251a63952248785434b1dae0fb5feb0d3f8
87	1	9c26699690cc8e35a2ea5717d75ba06d7841d34cfc08f57b1ac682aa9b1a0f14
87	2	42ac26e29ca7285d9f436bbe0dc10e95006101be2494cfa9ec87a0c33c11e586
87	3	62bcb68498f769612a44c42cedb8d49928a3b872a85b0b9eb7046d6523271dfb
87	4	e490a3447d6058138db87bf19ed3af47329d5f3f20458d6194a02a578d7cd279
87	5	61dc776edf120015b042e6624baf220a7758e2aa8cacfec40daac2633d848c58
87	6	f8564018ef265507f81d64ffb9da581ddb0640286ec78e2c48d2761e15f99205
87	7	81ac0eeec7d20eea0d690ccbef4bc455c5446a8a1a08d88bee2832896a72e255
87	10	d8bbb2e14fca1fb6af805b9f8a27d8e23f609fc7d882cd291fb9730973cbeecf
87	12	4b51c8566a293f99fd29d6dd63884c8f7c574687c9790929ff4f88e17e4f1b83
87	13	429f19f3b8309d684bf4dbd5502724f633520eb6b2b4f7e4b5e9dbda830619ea
87	14	313fb5728bda1b414b648f82760f5fc4db6ed5aa6aeb5eda4db76753ef5f354e
87	15	e17936e8d14572c2a80a868871f617af4ba06da66f6e04ef3073716774443d9c
87	17	23b463c958470ad79efdf331f793e609e46e5bbf84a185816812b10b8a9f6f0d
87	18	157f5e37ef2a401bcf440bf1ed7fa8bf65c35da5dec3005cbff08c10ddeddff6
87	19	6910e383e2ffc403745f60c9ef6a6f61708c21a5e24f5bb35826ddb5c5cbf00e
87	20	516e265dc666f1b999743c3884ff4c20e64d01c4d7c5ae1dc217c702f1e59f04
87	21	ad659c45f78289135fe6fab70c58ec25cc89cf7b49b47058460453b0a843cdbf
87	25	20f78a5e83d1ee9bd672be563f4072765a8c698960687e2ca131872e47b45584
87	26	fdfbd9047f4ecb81bcc6a94d817fcf227c0d91866a3ec5d26e680aa649d67c3e
87	27	3ff323311e2af129446425f6cda4d6fbd7cf851dc81c972dc2aacc690aaad1d2
87	28	0209d3633acdec43c9e8ff802ca4f74cf830d9c7bf4de4777ce42531c80af8db
87	30	7f1efac8eb949a1dca1265b99b010e75d06696fb0963e6aac72ae49736db392c
87	32	e3d08fb4d3e6cb184ec75396c2660d173dceae6f33e1b5f95433c262605b2760
87	33	72415dc277e12ec16bc0b0ef50207353757f4eb56ddd3e6b44e11955a9d1c419
87	34	c24b3d875673d6356b809b817b2c5df166d6e7183a511a5912b030ef013c7197
88	0	4acb0b1c613b2b665bd8626cdb071bf550dab764e510a601920eaa431182e161
88	2	74e23b39f86837615d0b4ce32606f5946e3cb5786547376931fa47008df37362
88	3	ec9ce05d658e437742216b249a5d31dbf5f979a10fa5e1930c75c805f8961d98
88	4	35381eddb2ea28db79547f4c48a97e20724498e91725d7e0914fc67d7047ceea
88	5	cb59c3b186b621ac2c363f6a4cd67ea2684fe318a17588b8f737299dcbf3f7c9
88	6	2d2e3f2707e44ff5c631ad7c3309bf073ec1803d89185c0774a3ac1226bba55d
88	7	3736412103e6fb33790287b812323d93f946155e80fee0780df8a7512dcf1bf9
88	8	3783bc5dfd2cd27640e2941b4bf88c52674c8d17d6661680b7832802206c1c3a
88	9	77bfa53ccaf0987dbc38344e57420b9cb8a146f17a93441f31906902ae16c703
89	0	b702eb97823480e97854ceb79067784cbbcdf816c8bf628791f66bf942727e1b
89	1	6a2c9e97092f6a7e8e1c23a99a9deebab24d1e8c6e9ba974206f79ea6f966243
89	2	c82183f5ef9b6cdf3f79a60d0547de5d66dcc5da528972d4f16755b16e3024d4
89	6	b989ecc5ac28a1081ac7a39135f6f99beb579ec9158cfc1a410b43b2e4c7376d
89	7	36126d01e03bfc8e1077a52e7bb7b8bc20dd309696d4aa72d6f6e09580449a8d
89	8	056d114730ef3837b633b09cb4288894006a837b401bf60a236fdc845caa9291
89	9	b43ebcb2a3cd3293cff63799527999c38713ee716333b79390479fc49f9603f5
89	10	260ea043e6ff31dc65fc33eb551cb9c8c24250d19223c17a5ec3d28ae5fe2c1a
89	11	3c28cb040837f88141df971f86d233f85891e06e171bd6bea7f8b2e5e0ad420e
89	13	3b76786ab35a7f04a21f6ed4c5fb454949dc6ae9feac82b7d311eb70f3f3f3e9
89	14	fe8539b17c97ce8948ad8b1d3116b4b0e839a9e62b07b80358420bf97e35646d
89	15	1b7124daae122aa0458e157cd627b6096c2fcf9792ea95d70f821cf750bc11b0
89	16	395673d1db0301a160435e6e6f5170354bfaa061db114eef867db7ddf649f004
90	1	7a624536689c538146bb6eb48a34cc3ae46702c798b053751ed7be75376ba51a
90	2	6097fc1815cffaa8745cdab8ef4ad0ff49bf59760b20a8efde0ac79dfd368606
90	3	cd484dadaa8e6827dc2b9bdccfaa9b674149808520d3d2b2c58b814a15879571
90	12	304ca42381304f1a765b1635beca16d70de4b7f1e694e138010393ae77e2b9ce
90	16	24b67dd016ccde28c3c6f5e3ce066dd1e92c47a6ed23b62fb9534f39cae5cd63
90	17	3dc3338657df9a3f7ae7eca5d0e45efbbe68763c4fd5de573f743e6f486dc521
90	18	276238a6305048e82ab2f49f798e72789c5e26d75189ec3012f2179072b1b0f6
90	19	64f67d5d55a94c2604ec1026bcdc14107f2b39f219f18b2098028958ae7a4b3b
90	20	289e06e406ca3a8185d2e1744d9ffa6b3d6bcc6f6fcbacdbc36b606bc390c612
91	1	70edfb00cb3d8f3c4cf5d2553f64d25f3ecd06afd4c3d478ba3b56b2dc87de04
91	2	c579be0877a47e8c13099936f22299348364f732afdce803cc0433f81c965450
91	3	3e27f8742dcc51e84687ac38c0eee2841179fee332694bd4f98042f9a501f927
91	4	c9fcae892e963f93aa6b5fe6bdea2483a368b7bcbeb4fe5f001a61dc973122aa
91	6	e8377c26cd8aecca0ccd3b30e620a6c2d25572b0a5b70c72e4080566bcc8fac2
91	15	4a8068f7c155b871ce10be0ffba931e8586ff3ea14a3b120e25e4cb341441ce2
91	18	0f4b1ff7beb169b07afb61288246133ea091b5a2f9729b5b7fcbfa1a4dcefe4a
91	19	4ec322c80fe53d8c0a870b914f5cfa6ea53d0b0066ce805adebb438886a19b5a
91	24	1a7536360b61e6274af830ba6957157f86e6af9a95b86490342017d6f5625188
91	26	25e1172cad5f0401569b1125bd284e18e3a3a39970f639abeb44b2f22799dd71
91	27	528434a17b2905c3fd857843c84f7bdbd300cb13da7e71fd5d3ec22a525a9a45
91	29	32b95c1cf64f096759363094b1b433706908da26e28e94b490b0c74fa653fed6
91	31	6d5d3d62ea9a3241ff11994f7c55c07c3c19dc1a1a7c5b64159f44446973c9e3
91	35	06131f28d4b48e2e09a4e1c8ce963ba876b2f8db82a72d4452e362216264755e
91	37	c74602e157c630a7a8826bd07e5ac9402010e3559b5d9da8e7a5570064d3c5f1
91	39	e4df8e0a5b0c394e1d0ed5d4b5d2d0666ca67207d2e2533f051182b849bd0305
91	43	4573b32c0abd957673c24139378df8bdbec8aa74d05db2be45488f6784c95593
91	44	b9ac6df74a76aaa4c409b669874919e4294803a8aed5c8b59cfa93a12f22e2ca
91	46	30e14b6fb37abb5515a30bc2ed5f22432b2a65910ae6a5ee589e2b141c45d146
91	47	2d8627378876bd1e5ce8326547c8a6e1bb8dcb5d0e0e34d02f0f6df91fbb41db
91	49	2d6491e340e2a5df0288520400fd7b006e527594419272edfb512abac22f110c
92	0	298eaafe4b914e745fb46ca61cb917f21604a9c0f663f97a1508cbdfe389e5f5
92	1	f5965a0ff3e362f62027521dce4c8d330ca3b9be93e19e8006bcc38fd4c50325
92	2	076158cda7d068b1c6dbb3c1786da74b5061d550531bbb7e1d4c02d9ebe2748c
92	4	a61b4287c553c6d2b2c72f2c0eb47f9d0577f6bf2e39a28b6eaf66992d293af2
92	5	06808fd1bf830cca6444e44d52016cbc52aeeaee883f59e92396e3ae84074c00
92	6	b8f0feecc638b385b5f4b0ab96e8ed4e4d3cfb3c9e29f6887607720653c56323
93	1	422d08cf7e83167ac39a1559f38a3eeb72a84e234b39f55d2aa4d38255cd81b5
93	2	d3e162c0daab5134720e7956dbdd92fe2173ff7486dd27d6a773c7b38b7a4f76
93	5	12c03968f8f9969975119cc82b6067fdb3860dd75a7bbf9c81beaa6437206be9
93	6	bcbed1e60384393ccbeffe7b754c6ad3cbf2591990e04074d519d4846ed81dff
93	8	c41e207a443d8c774df3ee26d041efacf9b6cd1307831d9e6ff38e5beec0695a
93	9	bc45d50b250788ce2ebe062d2f32d6074b9bb2b3a8a4d8867e44adabb41d85ea
93	10	53e7e461cad53df51f356bbf4c5e4a624d45f88a5ddb5f73b0b2c9956abaefac
93	13	238afde4fc9d207f24b4ef335e42a26c0f2ff437db92953b151e39c0920653ee
94	0	f0eb50381febfcde484c824875cac6e1ba08c6a819c8d4f8afd1baf60a26bb9a
94	2	74dac10fc7643ddea0a06ce01c56ce119b658f793bab8d6b169becd2a79a8942
94	3	fca17ba1262513b98300f8ac9fe2a5460edaf449b833bd4a9b10ef6e99d7d5c5
94	4	f05867f4cd107efe7d13e2e4e3ccffa81b59a37a14e3f4ad24b908d674a9cc1f
94	5	6f4963c1aa406f4ff98083f852239429a47ca5a43cf218ca86f34452b03fdcc1
94	7	dd092c0698b950fcd9f6314daa6f82f6fe782574540a0b30d4b97aa484d58fae
94	8	a4ad35c78aa46010494c09394a776a456f3910fc253a5c1460d1b9560cc06e11
94	9	42bd5c556653c0260d6586e6f7e00fbe7d809417c6d3e8514c47b8c13d8ed997
94	10	5a3ea6162d64195c19e15a533ce2bfb10ee1ebc5a61b2fd29cd036caa08ea5d6
94	11	b628481e4764fa00ee9c2978afdf4e77d9d5a9850d9c5f0c4613d9ab6af3857c
94	12	1dc4f62fcfac2331cc7469d809f876f8125f3611c7f4a091edceba9badf65225
95	1	4aa9ec74b46a55c325b266962ddae1e59a0e6fdbd039b63fed9d1272cc3a4696
95	2	86dab848e52f48b21235f315dd990763c91eaafb59aa4c6f17d4997bcbe89d45
96	1	a4932fda2821af66cba2b1c86b46bfff02f8d19564e9a76e299854c4d11650bf
96	2	f4232ef922ce3a9e5b0e7bd6aa244fd69cb22029744af0d9e23f7b0464f0a944
96	4	6bbea2ce13d912a5cf4dc5301331dfeaffb845fe149f31e5e80d610f454cbff3
96	5	ddb6da7d8d7188f654a7e2704b83e6f897b82bf18df805d695d1dda1f51490e6
96	6	2d6b478e6b2219e4597330bdace713e72969382e7cb3a08bc94f23a4a8378c1b
96	8	ca2750e4b40382c5dc28a602ee824bd5860269b233cc5c4ac39d653633a56213
96	9	8ed4e1322a24bf5c44b441e5ef8fa2060eaa66fea048480b79390aa8d689a94d
96	10	0bef40bbd13ffd6491c1744a480009d1104b00260654db2c115bdf0e1c589bc4
96	11	df16468832cdec793b81fbedac2d1034de4bf6ac383c95fd47d59767f061eb84
97	0	d547b09ae14b8e755a4cda108904c13ad9ba24088e6db64fdcb35d715c63afe7
97	2	1b43a7083fab015b4bd8bad1e231c48fb5a767f3b4c1c9e69aaaf6be85ca5954
98	0	1c9cc143fbbc4f793835392f4a3c627a4f23fd7a1537b209831baed9f56ab67f
98	1	4cd8b38caa80d26fdc899daa8fd1c6e821032c37a8640ce9060f724b1595e95d
98	2	842526a274ccc43d63c938420b330ee8a3d69f0419ee9d2776c917c9a0cfa1b3
98	3	7cea346748d95590db721b2a22c0d22e898bd2f436111cc161d92c03588a7f60
98	5	7460fa6069de8eeea5b27b11337dbe53a772bda33031eaad502f83aad038825b
98	6	e2665f21550c78f8361f61d6dd14d88fb441e092331c3f15a904177cdc413a93
98	7	08b990e7ac852a374725222bd60b862fafd66cbd5404cb072471f9d4134219bb
99	0	f6e1b2d5b973176c66c56cb3e3b6d3fa2163426481d986870fe7bd2530c94ced
99	1	0197252110714e34df03f2a2b6ca673b80e0c47906029f6d51ffa1f4fa6f9125
99	2	f2818f8c65fc4867875e02cbeeb1b8fedbfcc67fb64f4cb6b7b6b716d2755467
99	4	d7a2c93c7a51217fb5644046f139898936ec9e9a028038cf5e0a14bd068890ed
99	6	320e38fef25ad8d373b9b84d2f67fe01c3ed293013da4037df726c739ed12c02
99	7	e789be7ef1f64b409be703de950d8f38862ec6126eba06fa86a2c31e524abf00
99	8	448beb2f6101ad192f126c707841fdfce003269eeacce04e7827530e449d36ff
99	10	3f5947ab3a8879accbdd7e8225b9ff3398747a86167300e9dfae0a816fa17cd1
99	11	fcd91805b6a84fff0d9e1ae183783f7cbb2ff90cc09caeaf507599d1a1aee1f0
99	12	4a9980765f6bf8838db5ac3c3b4fab26deae0fa07d5fbb2c238018fcad9c1699
100	2	244d43142eafb2a66072b2f379763013f8c66c2b0f26303c0c0c35e96268b9c0
100	4	ac26dab2b9014e025ddaf4bd9b0a4501d068b6eb21c2ae25a9697b79ee33ffa0
100	6	85007f46970aa3aaef35ccbc68e3c4358d2675d5b0bcba3aa70887c307241f7e
100	7	1ce3ec8a14023c773ba00bc0c278c5b0ddfe49a741a6937682ff0fedc062f248
100	8	e44b794bb797c0cf37c0f4140421b6b33f3229ddb158761a48a1d8ad302f30a7
100	9	98b9c5c77fc2a21554f77fe35913afbf59a51b634949339c9fb4de6b80bd7378
100	13	50fcb45d0d15f2e4d88bf3191bc9059f269529157227c3f7b9c9b1ff8b2eadee
100	17	dcbd6ef26bc14a5a02165c89001aeaf4aba084c9d821d2e8bd3b12c61be2488f
100	19	b66da2373720bc91adc1deb757f8dabac2b9823b3af86fa05cae469b5841438c
100	20	0a74aca4d331dfae49a12cf95243580ba7d4523d4e2cd9e6e31fcd27a6254450
100	23	685cac04f7d7b53b2c8fdd86f9b9c615a748a5cde8f0c0c8efde208f0e839992
100	24	68e88eed933aebfef27c4d4c6bb14f277b9406cb2e1458872e3fc53da1815270
100	26	792c9e260fca43329130c9731b13e41fd3f7a27f4f0925657eb67922c15df569
100	27	71b9806d1622cd2e8c5660c05671056b5233f4c1f979dd61239df739c4c94705
100	29	77f5b6927c92ed261bd7e7a6ab1daf157acf7bfe3821c11ca9a0105e1f49dad5
100	35	e9640694ed6af00683b375e024240f19cc9983bd9bc8f85e48873c67f67c6003
100	37	b0aad997f99ec9337d47407c4c1ecb29f07292982ba80f6bea5f156c54db5d64
100	41	f1e60d753d70f501a57c3d23bc8ef8ee89fbea5661f63213f505dc00271eb3a4
100	42	ad487258baa440ad1f4d977c023aa71fa31e93de50037d6b36a91b65e629ba79
101	0	4e031e2a5e05c7065e0171e6e2e9634035a0e7c2c9f99b56f1f8594b638497a5
101	1	f6a83512e5f7b3c6164ee4e319d515ef085d9bc4fad6b3af40bd55a2bb02b12b
101	2	96d540c7958422f90082400703e77c0b8b3b5f8fed4f082e50007b18c4fac0d9
101	3	f76c93b753bd4cd501fbc0786a05fa2bad3ef1c1ad384f5f23e6b31a125e4432
101	4	eade01b11caf84b6da29655124a3bf0b05980275a5c557ea7620e2595303154b
101	5	c65c9c841cb8c04f2e723be9cd5fd5d8fe7ab4f91c94d76a5b11842fbbd618f8
101	7	24208073448fb34a6f17a82c51327ce68b45a0356b6ac6ddcff1a1d5091fc978
101	8	b128926bd158f9117de47920ff334ed1c99bac6fa32ca402d794e4c0b822ce72
101	9	1a4c87642137b6a00956baeed05afa978f9a329f11d3e97c2e85eb0cd31dd3d7
101	10	3d5487c79e16ea79ab3355f5b725e57e9df52bfad55efdb842f19d7ed604e1e2
101	11	36b26099393cbf7e74f1182bc2e9451a378410f25838ec59f1e6f05b310bc11c
101	12	aa15e49db27f830780f31811625e412cd1811b294a7e2c15a084a59e14806d63
102	0	d6215de57c0c380bd0eee95999a3ad7bde8b3a9a65ada45af6ccfb29d60dddf0
102	1	1df7b3e85d0a7767faacd098c26009c1c92c99baef574b3efde3d58f00704672
102	2	35a61bacca03cb05c93004e49a65dbe608de776e7bce61730b4d64f32e33243b
102	3	cfff48ed3d7bf30b94e92107596fbefb8f36c6f97c18088e7c422642b3d25bb9
102	4	dcaed9e4076a041b072cae6706897ed0db7e7c3ffb817125b75c74c67da33f38
102	5	cb66e29d033eb9c4e1c0d10667e223f14e8f1313cba6185c08cdcdbc949b9f9a
102	6	3449a5d27639c7b6168672cabd6b6bba1475705045cc35ca2135de44bd8d6118
102	7	ce2fe5e92df5769a962cdc80441897a38f1db6443e07fff1832b58193b76974f
102	8	9bba174cee26a02ee0e837f4a7c596854c83726cad16f478c1f1a307e9021d44
102	9	ba558045476a5fcc1d2d13bfdaf99929027954a7b88a8328e3d47b20b460ceb8
102	10	49074a411b9c258b984a70452ef3682a51e9bfacd9a7521b0aed8060fd4208f1
102	11	2c2505a0235441043389ee2cafc1c27fee040b5642d7dae57dfeb156fd5d533d
102	12	b69e2a5298804ec61a057585d102211dada22bf1bbfdc65a9f84d129fdfa5fe7
102	13	e54d7966fd925e431609f36ca8b7f543ac1bdcbb1ed7f878102b14fdf38b7171
103	0	ceb9e77bda6d93aa9709b8399327a9c18b4fdb6c5fe183dd279908a3d955bbeb
103	1	b8a41b2e56dbfcb01fa2355693c81191324f3153401f36e2c623248d474eadc9
103	2	5939f9cc308ed7023311fa2f3462b1115c5f6b3bd1bfd834c5d37f0af1b43227
103	3	cccbd21b5eb936ad0fbe595abc432341648734b99cd899605adbb81a20a4f2b1
103	4	ffee206489b4cbd7030cdf16f444cd06b7e6220be66e3e269632954f290e8a7d
103	5	0fc200f17a5ebd1b9b7c7ba9e6dd3aee5992b2d7ad795b4f5e2a99c38574f257
103	6	095fed0e507100d738779198bfcc42859cda02b58c75790a9ba24eca795b9a98
103	7	5761338ddc45db2dbcd01b1bf0fa2d677358ed9e8ecb3b66ed24418abcde3c67
103	8	eacb13b59f863091b196800d11f00384bff1fa1ef40aaeed83fd7dbb33e28364
103	9	dd35172277c8725de4cc8de36aad929b2172a4701e59e090a44e9809b7802a1f
103	10	6bbb14f6229b76af0658661726f29c036dfe23377d24a328e30d211bac345487
104	0	3d6c621edac1c533e88eeec5b66f819567c05b47c757314718965f2424ddf91f
104	1	d8b8525dffe36d1e47d2523e15d55349ec2affef00c826ddc0d3ab0262051efb
104	2	c55f83ee30713f398a50fdc5fbc39a915019b3106a2149f6354159046142a861
104	3	a5b1826b40b42e00e2eb0545319066d617470845d4240ad75cb1844e511aae51
104	4	c4203fa05237097954249d26c1cbe1278e13571d4a0b427460def4948d18f42c
104	5	a1d9081e86e159c58586e15b1ea55fb7d5c86b5ad02bdafa67eaa8a607e7a92a
104	6	f74d918bfc8086e5cb8f7a41580dd832a8d34c00194e2b98c8123dc74e7381ac
104	7	3a6c427e565ae0ee071da4cbebc74537c06ccb0188d37a71dc8ab2012f1ee7b1
104	8	b7d65f833b1013d4aca729d48d3476e40da46ebeb0cbd1a20609d20c7593f9f6
104	9	c8fe9cff6795738c726ad47a640bede06727103e7fe4dc5d861e350e508776eb
104	10	023f9ce226812ae7ec4af8e57192d14995c8c7bd85bafa1103f87110559c3fdf
105	0	d9e152773a6270ca7471c3d6ca1d9879938a5196ef8bc33319341a9887adbb27
105	1	02f6cbcfdb72dd3aa282d0f898a149ac49f7f3a562ca86546e5998bd23155173
105	2	cdefbea5d44c0da34bd83b3caf2289f2165112d6631bf9fa6e878304ae11a6f1
105	4	1a0d8025e0b5978bbf1d780d02bbd4f23e1c9f9f0125a5bd142db328e40135f2
105	5	8469422c7fcc6f42dab0d4c0d8cad03694e41d69fc7288f85a138524763a7822
105	6	ff38cf713d17d99897b4b93c0c7f75bd9b0efae562d18df4f65e211a49e3a972
105	7	9da1764f3d4889e4aafdc7d02f35c2119dd8da6e1153b3aa9fe99dd901ee463d
105	8	85220fa645730cca073d87858eecd8ad2ddd2a68ec30b240d5e7fcda58b8916b
105	9	598b88dba987c7bacc93c51619129168f5c3ae63ca8ec3d246587a4449b1eb58
105	10	82cb114294c0e585599300e4ee1c9a0791c5ac22bc9163f057f0307402dbf5e5
105	11	683f4280a96f01ac65b25670f214560037303990a1d214142dfcb068a7d9dec7
105	12	360711c7af2f101c2f36db08e904bac397ad0de62fb4bd910d1de21b1390d3b3
105	13	7039bd72005ebea186ea366266e2143b28741bdd50913640801e40bd60ac99c5
105	14	b06c259f9cd33b437f828dcc0a5e6d786d384e5bad49d379557d534c20521cf9
106	1	180c537b7bca7df9dbb62dd6a84b7a354273e94e44d8be731cc1a8e66048c5b4
106	2	16012a1f50e68155aa37652bf3b51e575e477791cfe5393f78cfc491ff1f0198
106	3	fd2b534ca28ac73185bf83be793d28f38ad27554b574789884d12308b6d35973
106	4	81fb870e44db5687e6886c56a8d28accf20baa5a52a0bd0ed72e1da883a1c721
106	5	1f1ea213b32bb581adb4f84b9b3c2a5542abc4e17ad2310652fce1eb9fada7d5
107	0	ac070e6503f84c69eed0d531d5a26f80ba799c3127782f2ecddac4757a377ce9
107	1	cb23f2e1eba79133fd8e9fa6f203d6d5c4c883352d5224eac79d9457beaca4f1
107	3	bd953e37139c8f415ce6d77dc29fbf6fe39381ed64a87a2f2d2b8f4e411b346a
107	4	eaf67dc5ad12f200190d0da930fde40a5a03a8283ab8f1bd8f2e162699f9cb0e
108	1	da8e6805834d3b7660ee5c8837e851a5f310a54ba27e5f92acda6ca184ac2e28
108	2	c9dd7a53374f78aa2e89b3519d4d502bf59f5313a6bfaf464ae43876c676b177
108	5	7bad893de673d2941036919cabc581e9d850f6b4c0e7b43489456844e7f55ce3
108	6	fecbee88bc87308338be4e77eee1983d0229bc77a4212637301f28438bb80e57
108	8	bbbff913e7177c568a49ac91f56115c7c739555c643e634d11def5a551779964
108	12	4d0e3041ac51c5a36bcf545916618da64a82e53423f1ee7cde46c9c391a67f61
108	14	96ec58005a36b1ac6f7aa02c70b0e63c7ed623608c97e0869e7682bb99860932
108	15	c445dc167c70767162c879f836a4c57e332803d4d43a5524589b68ba14972c64
108	16	c0b11c4be254bb29c0d8e679f2db40f31060e673679583e90aea7ba9d9a288a1
108	17	a39dbdec5e36d8fef11bac03824960a1301a8528c87a6e8c1d93c262ddbceb09
108	27	d9e6e3b075b732cdf477960387b0cbe1146f0b7915a1ba5b6151b3b517ef2772
108	28	f9653f0ee25b64905936a2b7a31cfb896be397fd7d3c06496a7019486133633c
108	30	5a9552abedbd2c0f669cf91204c976cbe0b82c22424c9df05813966b7159eccf
108	31	03271c9fa3c37f31e57ac9d875936f8eb2c0f9167fc0f8976221d02bd9bc06b5
108	34	e86db737b28c692e25f5379b075ba25fe11f56663a07ba87acde9cca1af93eef
108	36	db2851d487c70ccedd946091973b0959829375e90c5568585469bc68d456abab
109	0	68f8a09a66817aa6c9de505755400d5688b5e4cf83a1ee30918162aae301859c
109	1	4b90b5c6c46789050ee565a4692a80646b962c23239f061fdb71469078f5ebd3
109	2	4c0535ac066606f994394fb913c3f0f0bf7a5b1552b500340968a43f7ac6e927
109	4	c2bdfff4743bd1e96ef71bf4834bc6ea3beff251cf9eb5b3b6e53ecf45c86095
109	5	eb1a6b141a69fa065f68907f139e4c4cd02678a7c4f22ba384f252ca352aa151
109	6	c30559fac477c4fd5d66c5122b92e639dd88d4d63c422b7dfa6f7e730f42ec0c
109	9	9ee64d205d00fa7dcd8bf13e0228d5bcae24afa36942e47ebf05256687d865cb
109	11	d6070389e457e8e0c8dc5f0944ae93760f907abfb953fca4ebf08a77121b55f6
109	12	c355ce8b47e0bebaf1ce734303c579727b91da40684d5dd45e27001633ba4196
109	13	b9007fb24d908d2534235ee6a873384192de87f006e1afa9da92e876147c3043
109	14	8ac892b8ab63af82956826cc64bbeab69df68765fcde35a576066d7f45ca702d
109	16	55d7b377866ac010f7e566737def2feeb7f512349a4379497a2f40d8710c6f9c
109	17	9b7508f872037dcb1547d35f2707fc224f3c4b4011c77e9106fb79e11221d328
109	18	cd0f164b97e266e0bff43bf88a24f83927ea5f82993a0ada4b91459129f9df45
109	19	4caa7c7c2226887d4cef20adfd12e5d29cb1ea78def406ffc2ab79b491ab3737
110	0	97bae016463ff594837f3bc696cbf40c3880d39de3c1b2e803b10fc5f6a7e9b7
110	1	e6152768b0c2d3749100473ad86075ce21b950af6696029065b8f12e0f2df6e1
110	2	6a26fa626f206e376038ee2cbd7c2270964f636e1eab5d283b497fa6585b905d
110	3	bb61a54fa31fb2fb2e6d4d32ce014bf3f71e73bda4244274643b3c1342984a54
110	4	3b5d03b556d32fcdc33fdb58e3c1a34fb3c7139d9c3b258256a514de7adf232c
110	5	76662635d74a73e00cb297774386682b1347384b853378aa5aa3f9f733695031
110	6	6c4a1561cad5b38e843828f01176f55bb985c6018af9f967d8106d9c0515babe
110	7	d4f235c51ad5074df397e709abd1fda448707ce4f08850cceef52bd9c6f787c5
110	8	5b226758ec1945e97c25f96e2a69f2d25a93e98ec78fae69d8352afac9cd262f
110	9	980add556919b7481f8f756f37c2fac1647deadd5edc41828468d0a79e38025e
110	10	78e2ecb0c9e05807963f4727567b53f8e2e7af200e889f2c6f656ce59d8c1b76
110	11	c9ff4036783af4ac9bdf6713573ac49feab4d2378fc7869cff00abb3b77cac10
110	12	a0798c9590e4c4d30adef8b9a3f6c0cc886e9ea9db191127682a98fb2c37c1bf
110	13	4f1479f9e1c12d447fdd9bda9c58ee150b61c639f8f9856cb2800f137546452f
110	14	e934c19b2d976ef1e5e2b9963562bcb50e913da6ee44fdedad806ab26521dd1d
110	15	8b36f2e007c2f92ea653f9ba5a82bd45251759cfa98cf69ebd1a4d8926639a68
110	16	e778dfd84e7fd9d8b68689559882df1e7daabd5b718b80640fb1f45b5c7a87aa
110	17	246bf1075dd01638b08bde077cee1b25f65d6d686d72e22acf63425326942cb3
110	18	b988612763b797ae1afb27204a81ec08c6e7ae2c454babeccd13b99d16b28ec8
111	0	82d9dba96f8dde4ea5ac497884142b27de9defe7fb2bb7379325f8103e9d5fab
111	1	f753cc1e483ec3b11f3b0838280e6343694e1f5f32ca58e7f1c0452d301e6251
111	2	31a5350d50af67bc0557b65b722e62dfd74695097912a2164f8e0059fecf1e24
111	3	b383cd842353425230365736e756ef00e2243d9da93b507f4318ce8ee526cfd2
112	0	3f8b848fc5e9ebcaa1500e3fdb5ea53869e1a3bd7820ca22c9845ecd873347b8
112	1	119181f93d9cb1918e88b78c7931b5bbf8d27a2c31d0a37f0c805b61d34bf20b
112	2	dd0f7d04a6863f17d8eb27b7c664f2bfe162d414f69c5c6a8b63ea5b280fab46
112	3	02fe0af88e3eb7b2cf3716d0158f5c51a4df5392ee52421dabcd6528eb78ae20
112	4	b9ff0227f4a5dedb858e7acaa22e4645ee32b01a78315c75ada8d1fbbe3a62be
112	5	c887229c2e25718139c8ab3215a2d27dcf019eaa81126694aa783cd7875adbec
112	6	b4938491fd7ef9c7d5e4f04323f0ffec23267c9c16f0d5061990b23a7049bb20
112	7	78f109f20bddf493d31bd9fd05b3bc8ab679a377266413ba4bc2ead7406362b2
113	0	6ea34d1f59be68ff1fd468ea9c9187f82f6b75c8e945443c79a640db57439551
113	3	2b628f1c430f07632db17e5924f7921f1893ac7cc27255629efc15c13d0d5478
113	9	842faf3b9c223a08c03286b28f88c5f1e50ea7631f9e058e9ce98fba3f5403e3
113	11	b51a04e828aab73d28e1df107895b1d3e176a537c6736cab9daf3d767e8e0d9f
113	13	e38b79cb0399c3226ad344a63de86007ff1e2d721b1633a2e41dee3e04f5c5b4
113	15	39ba5c3b2bceb601a0b6c237b09519d5c1124f0656004414b292ed5cf25de69a
113	16	f7b7f874dab3c191909152772cbe3aeb8fe6b8ced66c0f0e8eb9fde08a2d2d90
113	17	3e55b2b40dba77f16ccb129efc00d97713a01c754cebb5cc065d7ae0dc419370
113	19	669103b0d7087465b1ae650eacca29c1870a047a8d9e7886762e947df83df17b
113	21	b7e798a57c23a551d46ba767db10bf208f298417d03b33032a9a9cc3d1b56ff8
113	22	1c9e8a9065876bc37a04226def8c63039e86e46224d966b1dcd0aa8662243d01
113	23	da37a93a6f019a52a3511036929c7e333151c300ba0ceaef8a8ee1598df0e7d4
113	24	14fbb613b8bc6bc37f5c046e204d2a37f6445465582ff71dada7c68f0884ad72
113	25	b3de975b350c86f27240c08836a81ce776f6ea5bdeafe478ca3c7bfea466ebf2
113	26	93a5a9a681965c5ddf40dee30b9e815b39f6a1d8cc5c39d21532fa67212c89da
113	27	a5a6b30affc8f23931e0a6c5f31e1f809f595522f185229846949b4d27f0f9c4
114	0	b8e05bb137667fdaac3e5d6418fe35dde7a763352e11ca5de8688e96596ec084
114	2	10260bed8385b00637db301fed03f82347813b61c825304a589f10eeed817488
114	3	635c075b93e4966da587ec2c9f3ac8675de8a7e7ee5a612915779a3c6b59a5b7
114	4	f3b2a2079f6d291567292cb729fb790b916decf789bfc11c96ebeaa6c98e51a9
114	5	b6c3586711bb5bf14a16c00224c5f1a6418cce01bf2607c0813c99be90debd45
114	6	c949b5d35116bf0f256722d8fc5c3a4fe87b803d9016492142672384ac138409
114	7	1aa4d6a674d90c5413ae56471e47ab58979c5c4aa8d7088689b81a6335a618c3
114	9	0922bb16493035a8a469af88493da837451e9cec770b59c2fb25a5efc6f17032
115	0	6119a7ec5f4d6b6e8e79de93f4545afcfb017ac00d6bc602814f2f513ee0c6b6
115	1	60f083a44988e92500f43cc0a0a8f13b46b6f838178901d723c67e3e4c74140f
115	2	c14a034108b355a0e8619a8888da1dc85ca834a89dc42e9b589618c5a178ebeb
115	3	7c4bd5b74f3369e9e92d13bfd9b42e91ab10138893c8fe177d249785b25c494a
115	4	45315414047da255e879d64fda4827e8a3a2b665422590d537a335503397b219
115	5	39caf14e92cd16c65ee573224601ff25d3766bebd455a76b3d4cf8ee590c4bd1
115	12	34478897857716f8015c3e778048b5268feab61be706778d504d203b57062c9b
115	13	c6bab7c683f1cac33c8adfaf2b2e34477e65f5141f382905cf4842d3fa6b3ca8
116	0	cd80dc5192019e2f50746ad10a7c15ff6d182ada9c8ccecf6a768fb3bebf84ae
116	1	bc3b9ba3ac7dda6ffcd5d7eeb0e71186b3353d84434b2587e42535ba05f4d1e7
116	2	4145362f5a5f5dea00812e7bf8adcc95af5d74d85d18faec7a4d820cd1c6fe14
116	3	9954d217be941375c7b1d87362ec71312ecf13bffd30604e945c2da8c9a4c5e4
116	4	25625614612045aa5b24334ca1d1a96ccf9337772be1286dc59c51979781fbbf
116	5	7dd4a084b9a7f57d8ce01c4e41088ecc739675c2b2354fcb27200e6ca4d27ced
116	6	b3d99dec41c409086384f01f62d36ee82b7b40bf1148ef224b264ecbfd62d068
117	1	e7f3467eb6c625a8378097aec83afa533c0a8eb343a1f41123a434d6ec20b0d3
117	2	50cb6dca8454547aae3d6783f972f17622af74a770cef75a11bdb76062c472d9
117	3	3f012348aaefbaec60e64f67758f1f1a32b1cef4ae9c02a128159a2a7e3d3f66
117	4	757ea7d59d6e93003eb06ac46b4fa61a07466758ef1e4a555db1e700abf60410
117	5	281ec90c3f3573c6101c5d8f1dc84a6b926cd0267feedf58f25da81a5d9114d4
117	8	4b2734e53e2aa765d02b615537d875603009bc162036dcda74b0788587c0127e
117	10	fc46d40c890ab951f6c09d4f419070a2df6f5ee4955be5f085f3766aa7b6f15d
117	11	2d6c3e853ef8538df3b897bad4b5b4861947a09c1f2ced406b21083db08f797e
117	13	1220cd066bd055dcf0acdccba14b40e3cb4cfe17bc64ca610ff5927cec9fd614
117	14	1b9f1d5135f8cb3f11f391532f401fa5d699e70395a4748947bedd5344240adb
118	0	952cc0cf4a8b011367eff364aab7bbbf9622ca7b6bcb1f52941997c8ab1329eb
118	1	f130d381e5b96955c28d939a7b6652fd33c1751a5d07fc19cfd9538d465f4d17
118	2	fbea0e00a24c380bdcd2970e449b2a96caf819382efe1d2bf69f299fcd1b8288
118	3	69c0f01ece6edf7e0e36e69514b7b29681563d45f4779dca2660a5a24338e0ab
118	4	833582698b65837b83ea1f982c8e2c48f417ba64718df8a714aae49fd0eb8292
118	5	7a5a377b8848d61e6a379c1946913ea7958e7f17e5331297fc78973892d79762
118	6	4f52088a00bf8da7d41b5bbbda1b2ea057c9f72748c624e634f196e055b8dc18
119	0	1bf7ba854c67870aa5e3560f4388154ba8a16c781d430d8c60ccaaea14954622
119	1	ae33a9ff7782b3dce5a6eb422874bb91aad7b5e0b7f3640b89ae5feb43272f8e
119	2	8254bbfe23c5ada34d8ef6fd2261f6cdbd2f24968ccb427f6d969a31b3694ac8
119	3	b755f9e20c42f48b02dbde4ae5a6b377936ae23c091f2477cf41b13514385cc0
119	8	66b08a065f9e228ad8c4eb0734a7b2add6eb91f31045e35d457852ed7180b506
119	11	c19d731a81a983079ddde6ac59ad4de905aba5435529304e256d9987efe6d1b5
119	13	0fc0ef90832ea76b2b331314964406cfe4ad4070abeccbf0b4fcf30d7c2254ba
119	14	c632ffe9ef021b34b8fc199383c516f62fe45bcb73b32c2ef25bce05d3ea3f83
119	17	bd0fa37869c33611add8422fc1494dbce4be08d26d6b56346e1abbce49656e9f
119	18	84b41eca9368a8541c929963a2ba4852760ca5b09e7b745d6b25fd06a7121ba4
119	19	fdd81cce879e5c67b7c8afb983257f6a2a924fe88250c1ca818e5419e1b448ab
119	21	bb0911bd8cd4b210895c69011e31815b26872ce48f5d499752428f4040b83c62
119	23	f71610ca358951357e26597387123337e5cbe8a714217517444060931d5b05ab
119	24	cc018932234a3ca69bcbca74c3ffcbf561b3ed10aacc38f07a1f773c4f944837
119	25	5a0278959814603698d1a25f99ed4ac622b1e469e58dcf489536372975e93bf6
119	29	f8690fe80a740a7d5da3ff6cf89a4c89a26ffc4aafe799f2189feae913875aa2
119	30	508d00f03dd00768357414d1df17ad36a703128ef3104f3e4e5e04d0a820f1b0
119	31	30c9c213168bdd93daa3daecc377461be2a6cb473b312eda17cafaa89d53ddc9
119	32	db70036bdba487717a38caf0b8c7f4ac3a6f22b73dc25c3d6046fefe851e1e63
119	33	b5c13c7acfed0102c09383a49a7a6d4b8df36def194f161c5789dab43f5fddd5
119	34	f93fc0bae0a5c20633c4a07f3e84e0c2f1816c82ccf3b9e7e221bbe3e13852a1
119	36	f3e9bf3b9132efd1d1932a948e35ebbe83afd8a7b82c8979650cde9debd93f85
119	37	c286d1e96e5d473596c0ab6967dc1cf3542dd517ed6efa56f2e333073f1aa043
119	38	0ef61e8a18082933f61d1e14869e02aacf666f36c69a2af0d341a3dd69ad615c
119	39	2d99f3fe61fdaa31e5bdddf964a9bb3ac34e46352b6f5f7b95ff6c0840d47432
120	1	7295da1b809afc91bec475429215fa6ea842ab29917283d5bb65bc90d021d150
120	6	c4650a6aab51ffd166fec1b632cd14407a28d559cc0de7e843198acff61da9e1
121	0	7c3035665ebf7b8a3f9f04a49c31a9247330493914836ab69740054ce8509a1c
121	1	d1948355f66201e7c1661578b0672991446444992127f75d83224e795b40b6bd
121	2	f1fde0d182656922453cda84ccee5663dc8e00a1c04241bd57d6e196a9b64418
121	4	59a45fdfc951e6524859cbabdd24781b80019b61e74c4a0ad386350301160a4e
123	0	647e5c265cce579f88e0a2330eb98f47cdc880a01f1f09f95bbce4552b1daa07
123	1	9ef586302502cf96c5cf907983d661b7a6527812b5517817b1a94e67fae97c56
123	2	a6844b2c39ccce7df20cd88c59ffdff9d2cc30003cbe9aa9db61456e5cfd74e3
123	3	5e7382d61cbbe1967af30b196a898a78ffc598ca64ae91aed7c31850b4671935
123	4	7d8e13e4bbd256123b1ce7fc1867b67274674b6e413be5cb7961227030b65d97
123	6	5fb11ed41be9cac48b7f07649ff9edea7f2dd9283f5778f770561578f2459e95
123	7	fa90d9f014cd12f24bc09d767c46a23eb1efe4084bea9eae2e4976204ad332f9
123	8	e0bf7ff0b028c8e9cdd8d52ac3e35f5962e8c599bcedb2f19bc3a30c9a56c56c
123	10	629df806b2a0c6d1c38f4b54e378dbe3a96e6a0aad03fbeb6fdfc6352829e9a3
123	11	e9573c624a5f54693a3bb4f2329949171d7e43e9cef966a621e41b5e5b000f91
124	0	7b7f8f676a1f1ac75ebba4241a1e195aadc5448609620c80b7ca1f4b0ddfa495
124	1	e1c29c0dcb347b4e0ea68c8c2a750454cc94650ebe19f5b6be65bd764d9584f5
124	3	4f6d35092c9cad6fa31ec1f82914e089b1c6446c9cfdefe91133894f701e4f1d
124	6	a85f6bc3dbd420714281150d108175ebb72fa9dd79d1b01b9ab1a2b875a7edf2
124	7	a0fdbe1deed57d2567020a69c807a1dbdda5dc762bb723d564b49baeaf1cbb45
124	8	4de1eb55e0663b07d17a77a22b2cf4998a97e32b6b8320444b32d8305815f201
124	9	718b89a260cfb7ba17111f47ba0eacf9e2d8620a9c9e637ad0c74a0792e51634
124	10	d520fa79f12dc637e8d6ea48c5e809817974676bee4c4585fa01b48a75d442b7
124	11	02d25ad23ac9486ddab629a9ac02c943d37c432e3068654f2a5e655c4e1e6a1f
124	12	3327c04856e6d89b1bd7e6601d6865b45bf96464a4cd3a5644ba95f553ed1399
124	13	7c1179635f70607501367eeeb673636dab910a5c4ef89ce7285f220c341a8075
124	14	0e963a65ccb604a3f37dba0a366bd62052831d09bddc3b6a8059b881cd74a4bb
124	15	d8785679ea641337da125ab29023205b2cd7056462cad098b649b114fad93905
124	16	d97f9be79593d5972cce053237f6cb59f432c126e077099defdfd30281ba24ae
124	17	05f1bba18b5d29da4e203c70dc61bd97448e9a589d8da26c6bbae9aaad1493cc
124	18	a6fb8cba651877e810c9009502a1497ce07d29fce34a8d476bfcf8e0e98e87b9
124	19	bd5bce727eebe53c5a74e2d819b156f4289b2a9ebd990e0aac27f062a092a9d7
124	20	e6cdfd35876a28f3a63fec96c8e5beb32409464b75c670f3c8d5bd1be71ae663
125	0	f6565591aed5047b673240b9d2c02f633ec6420b33c18f64252d58643a0998f6
125	2	879e1d68b91c905842625713d40d0c88b42e391cbd6f88ee558bf3b9215765ec
125	3	7da6ca0fd576c267561615f56d43e254b4f4e355adbf2d259750d6a2cda01bf5
125	4	8e7c15bbe057b2d7c94a425d3baedd39a6f3876911ee5d3b0b27512dc4cb707a
125	5	bfddc784171db1135134e4fa63a524a5a24ebeb4e360311d08948452ba3cb6b8
125	12	2c250525a44e6cf7cdea2b1db474f71cbdfbd0e3042ce0cb50af6d2bad7b0f4e
125	13	eda723ccd927c0c7f1f3b1bc517349c3b5770b9cf602c997623be8cd254ec4e2
125	14	65f846afb3574ca189997bf69a3438a124c13f42b67fc5a4532c9352baceb4fd
125	16	364ca096e955fb5baeed09a084bd6bab944246fc5e0b8fe3e16593f9abf7ed0b
125	17	b8bcb894750a3d6b4a37fa11847bbf0c962c46a6c593e15b6128c932444e045f
125	18	f2437a86e4236886e9c9db8995008b6ba02c927daf0f763e8ea00ced823cf3d0
125	19	652a9ba0fd01299a76380c82d419664bbab076c15545805780e508c1ab2ee161
125	21	95a87f86ef6dc7b7481d3b818f3fefa87c096d743cfa0cb372e4764b3a8f5719
125	22	443429e0b153151a7c46316920d465f49839acf7766426cbef9f6d25f16ee878
125	23	97515175c2a682b885d6750f79a75ad6f04b244151c7a57f8c427a9b8fbd6912
125	25	c14b4baf23ef8ca020e74214c091f8c23ab27466f824b0acd8890021d7f01085
125	26	d4deaa3400cad4a3142610bedcc9f35c2130cdc12b29a64ffcfceb54566313d4
125	27	028bc0afdb7cd783b6e0d5365b849fca9e0fe2a6ff962da5679a5d883fa3b4a8
126	0	c24076d74a1364ff31dc2fc0f7bea1282ba849a99f393f695b677d907fdf94b2
126	1	5a0de73ffead73c991d410156453b33c063f0a7aa87e9b4779b2213fb213b8d0
126	2	a229b97896568453b01b6c27a57d1f9809f92988b9bd7102e16a280d5ef8c8ff
126	3	1e8bd83ca371cdb5f06d18668d1af55ec78062845afc537c4627cfbc9df164ae
126	4	f3159b22bb2b56e447b46ce92ef942f14001a655eb2b6c332a57243ef46baf42
126	5	dfc9d3cb3a66a6720b33438a5fb5ab8c3affd3a180ddf1dc66aaceb0a089a4da
126	6	7ae51869df3361b07d30e8a86d73f0fbe2be56a0cfc69865ac82d0a2cd9195d8
126	7	e99bcfb77d227b572b48fd00d77bce69ab7d50c73105ba16afc9bf1ea1f5003b
126	12	6876a93cafbf0e133dc76f2fcba6b85f2331ba1043331942e4a41e8ab6e95af6
126	16	aefbacb9e16e7627b5ebf19e8982beb2077c3d540f71302f0c687ca2eceb2bbd
126	18	1e3253c0cb9758e6af4ccfc1b135591bb936df90201413144afb72138e006e90
127	0	10c193180fa78006e56f7cf3582fbed7d72899291789ae52e784818c17f77eef
127	1	cac6f9added2b81452cb858f2b99dc2f908b3ae34e16d4d5c9773f377c93ffd4
127	3	61cf0de1e34e6920af9319567db2ea0027f97fa07ca4df328fdddc39c46b2c64
127	5	f7f733075f39989618d64856ab9e24615fb0f4c36d052e0fc34b4260093d5993
127	7	83a6fd79594a14ae0d81f2e5be2a1c210d89a4ba66aab5849b4e654609a18c76
127	8	5e5d30bb1e8bf36c4b016d7f9a2146a5daf4119c92dc5e8bb19d7886830088d0
127	9	bc1b5a3feb36f92b1d50cd7d3f1df6f50cab43380a89c9d8d86c004c6acec2a0
127	11	939aa29a2cf0f57875bd9c4ded757e614126e1f6b0e0fbf99024d4897ba69891
127	12	726e2c4db71c665b77a1f7ae20cdb695457e50537b33750e98db5c55eead5640
127	13	465d2bdac9b053be46af5c55900cd97de94cc9c94c36a438911afa2c9d7f1e30
127	19	c180eb1460c422d08a810f933bef32ad43bf76cedb41c8d6f421f4889c2979ac
127	20	70dff5a61cb956ac7b3f489b926dcac2019c5fc501302a78fcf71fa0dede28b8
127	22	f79fb0d4effb342913dc2a9785aebe0613077d61863607e0d230c5395150c227
128	0	1eb4b0c8898ac4619b4346034d49c4553f1f648612d4fb0380ec222c1226cd48
128	1	a7652b3c4540de1cf8d4a4081888501183514e59a15f98eb7c68b504174a1251
128	2	f82c288df014371b215e67f01dbda5afe6a03d45e72873323ba96e93feb87e40
128	3	c6c639c22be8bff7434becfd805b965fb49cf3c5b26099c5f6b3ef1e424edbbc
128	4	bed66c1a55a2938b0e6bbc27bdc8ffda0608e2f048ba4739e89db7a1072cf7a4
128	5	0db9b06a690ade9dc34389cfc46c0cfaec26ec26acb20bba1e5d45da56f97b3b
128	6	61e61a4bada3ce20a3aa529382954196b5e55ceebd72ba106a4ca329d6022b46
128	7	fe7a4147f4c3a470d989dc8a1eb5306d08a5b01253ec0efa82ae7cc24bf8ec2b
128	8	dad18864ab5f13fb2247f88ca0b05baf633016f6c3554d603f00cfb11623094f
128	9	19f8652d12205a8a6ff56dbb775857fff76908357df9008dcc1cc6d2514362e8
128	10	031c0a3d052c649d515fdbf108e391c32c2b8fc0a25eabeea01b38a0504febb0
128	11	b1b23e5dc54a34b0545176d6493c5b77edb77f266bcb6b8076e923e7a9da7dc3
128	12	3acffdf759c90ae9433d1e3fd898d6f4d2128a6bcb84a6d6b414d27f793c9479
128	13	d30903099b72250d7132b542689e2b747f4d608f9b79e400dec500151c8d5a4b
128	14	c7230b932e54b9ae89526b26a2553b50392df442f52cbbfae9f5a70ac80adf7e
128	15	e4dc00c10e36c16f51b09b7a8ce92e742b5f6da95a66d40bafd3a943386e6cd1
128	16	d00e32fc20e4a2d0c18e9d717a56599e83f9cba2d831274accf941c60e0a5f75
128	17	6c47e89d104970756a682e911d8a4c07a1d2f6ec8a1d0b622c0d86967ee9e903
128	18	cec9d1e0ccd5781a63df9542fb12260c44f4c38bd2cff7d904dac38dbd7e2164
129	1	b3444760c8267af5a97d7d34707d41a3ec022dc7feec680db6b7a3d208784c28
129	2	c8167f42e75b0e3e20bc9242d188885391d28c27c139964acf1f7b6209990fe6
129	3	60035a0031be9c62bb43c9b1eae6917ac8f2b547402be9deb0f609e733fbc55c
129	4	f13cad6047015eaf239e49ec2e2857bdaa0845314a38117da6138ebc1b614850
129	5	36c4a61e338ff863d96bf24a861b314746ebbba0db8fb6c677c491bb0c50d069
129	7	25b24cb95dddc2eb634ebb19e64b340bd8b98959c0daaf22d62f4311ed516328
129	9	4d0d1fe17cae5308b39c5d891c61d56088750e37bf7c8c3e567761b1e37d5eae
130	0	e5cf7a21ee9f21ce799ea8144549a2080e5a44fcc6bf84b1937a9685d75644fc
130	1	b9d3e03e7e398b496d1396cd1e15c3b6e8a452608c0d15943bf29d10a198b864
130	2	a27e3f784ecb6d7b10beca8d7d27966a214edf989936156ac50065583696f647
130	3	5d24955c2a64c7663b32a1b2044faa8ade2233024fb362ac4ef7878f56842a93
130	4	ece5f862c79f6653ea5e60de421db330550bae3e0b5194fa07a124ad0ba334a3
130	5	860fce2dacaaa14f4244a1dc17c28e0ca41eee974bd6f13b77cf2beb2147fc80
130	6	147d5684733acf7b95a569e04d066905b0fe9f28b36f90e84e954879b627272e
130	7	849fda51bf1100ae0d6c3db3c369ce678f4ec783b2a74b77c066b1cacba46f3c
130	8	cad8c9cafe7aeb30391988d5d44fdb0642c6828f334f7613d823670e1b83e5ce
130	9	00b71a103b651bf0654d66fdf507dfd5f77c75728b07b64c01ee34cdd80b277f
130	10	c149bfdb5bb532e21b86cd90e12360439a8ffaac59d77687c6735eba4335aa54
130	11	0829035f60efef3aa8caf73c04c80e968797f8943758a1b9968af60ce9ab16ab
130	12	5e5408259862fb6951e55a60c3fcb4116d2e02255b985494606afbc697556fdb
130	13	5d9a04a3eee24462cc256401be917c4791ad06877af1379de12994068c092d70
130	14	2d01bb21ffdbdf942c077f4fc2918bc0e1d7a280c2772f9c868b162eb361180c
131	0	7f3cc0b2588af96a276dfa8dc4b8ba2ad29ed1f6a239804e0d62d27fa64219f7
131	1	8fd329ed8c58ff1e2c45fa79c55db1b325e343bba45177384966d5226b070e7d
131	2	f82c288df014371b215e67f01dbda5afe6a03d45e72873323ba96e93feb87e40
131	3	f4b0214e624ea79a4fd10139e814539681b106b3a9516de0d9c0c5858ab7660b
131	4	5a7012d8b2b0a6cf7a2773090233c48a63899e06beb56ca4550fe50de47dcc46
131	5	3e32798a725be5e46246d7591e424912fa16e2e66798620dce9ff84141c2ac74
131	6	6eae694ecd0b7185ddb9ca40ae2c429b16c8e2a215c1e348f23d7fa05ec4e344
131	7	8ba0830ef7b83b391d7d10319e31fb119b9c4050f41158f9ecb2a271894d3eb1
131	9	742d9260b3c79f55dfc57695a2e81c956c57c48cfb3a2225078b0217935139d5
131	10	3622de5258bf6f19f64a64e36b81c04bcb75907990a1b81eb58bf186d110dc4a
131	11	0ded003da81865382ac9f2d08569905afd3a2f1fa1ea9075cadbaac73bf06543
132	0	7b6db4764f85dd7404ac0ae3cb2f75a3c993567a60612a7829a6cd2ae53bf62e
132	1	fb97a9c39d1b0c7754c2df053d7e78dbece4a1961b4c727b69a110ebee12150c
132	2	84e193e4f1e7dc05c719724764b3e584f68ff00740a11bbf9b571580fcbee67a
132	3	5206346d9a1dbaed6f8976605669c6afcd663d1d9663c6b652ee780496dfab99
132	4	9c582c31618c1128f45160ddce7a4caf74e8b762196d0812167e4fb33356b885
132	5	7ba06a32b034c9b75b95a397142c80ea92f32ac83383f079eeba1143e5d78199
132	6	ebe2e71a6591b0bc5e87d00d2f6bb73c367ebc77e52fe8c7a6b3b7514018d57f
132	7	646a5bad8956387a7160249d8c3c2751337520567d4c00c344c2a063003bafca
132	11	c619a8c8c2bd5f46e28dd090b298db181b5d8c0f38b102356aae737d0b20f17f
132	12	efb14ca24d028e0fc5d0852432e1a4b93e436e7ae6ac03c8d16d4ec7aaa58f93
132	13	7a30f82e6b9b2e6f28a9cd5930d72e29aa7503eee8cc338c843f914bff4206ed
132	14	882df85b32c527814fe6b75dfd17bab818311dd5501189175cd527b971b96dad
132	15	a8511c8905b3c6251ce0c4176cac34f2c6ffbac8daecaf6e24403e7d46d267ce
132	16	971f133612fd95ea38b69a8788837071b45e3ee0bb19dded93fa04086aedb3a4
132	18	e6992d8d6e3b432962371a4bf2e17f1675f04f474a6b1c5fd1937da62a5a86d0
133	0	d5ae07007b21527831e496b68d73a9e708e14648a75383cae912aaf6cb453f9e
133	1	3b180716693f9f6223ea2e15d62a3cf620f3baaac5748b45d69d682a5e50abc3
133	3	c0e016f78b38b654d256d795a26996d95581c9d01508ae5ee38d1772929785fe
133	7	81f566ab0b03f8d36406fd5d4879623256d01fa8f62dd3727a739a36316efd0a
133	8	5266f18b119b4159fa933c8c0d02a863ceced3311e432654f130f792f9248a6a
133	11	2a0eb09a5a81662ac690e83ac194ec6d2dae944ef193d12c15aea7b5e055018a
133	14	ef843a8cc6206448fe692f18ee0c1461054075041e276f4e9210b43cf9dbf376
133	15	7d61ef58d6e067c208820cf6fe33d60369d559d94ac5ca09a5f1c967a551a13e
133	16	1a432fe02639016865837fe1205683ab5b3e3c3bf9d23c172aa5349f459b751e
133	17	38df4eb415b0688d0559e706c62482e6af66d571c33c0585b13b1dd5be52269e
133	18	cdd987174869230659dd99293c421625396386717ae0560ff718d148ad88a235
133	19	120724ee9700dd654794cf23a3f1a012e2389d8424b7f5839c86bb05965ff997
133	20	386377577e6b35ca4a0429312bb442395ba261487e7c0a2decc2836903435830
133	22	6f7b41bfd406d2e9a253f5582c4a589faa8ab2ce48f58aba7aa10245afc09e1b
133	23	4268abf6a1585fc4c018027268084caf889103e5fd88b816eaaf5233b55f484e
133	24	847c9dc35da49e92cbbbfa2a03bbf29deeadff663f3d9bc540dac1397174939c
133	25	4f891fedbee7a7168f6b5135bb67682f777be4093200da806a451dabf57a2348
133	26	5b4dc882999f3efb90ce9d98396f1ab7e9bc1ed5465405de21e99a8df1642bbd
133	27	fd613434f3774d6d4deb4a51e9ff6cdc07bf22e529a4bc096a2a634fb1a5bee1
133	28	edd23db5a4734b2ef454248149ad40056e4d90d9112fb3470059aba4eff9e272
133	29	17f4c80018cde09b0d798bf22d58eb96c2e3131feb9878d2bac377f3e822d710
133	31	afc023bdd0f20cb394cbc626195f425ceb1717f83961ecdbbe98f7611edeb655
133	32	9ed059f967e0c6f92e1efc1b79f876e03f6dc3c8ef5e39200079b586961ef094
133	33	e92b578cd36cb2ee911e8ff8a6baf6b7d57aa3785f40cd2860a9c58d409322a2
133	39	b24311127d1723d34a4d269dd1bc5de06626fca8e8d70ed32f23b1baa42cbe12
133	40	301876c2fd50394a8d7639dc73d4511dac78339a5305ddb3a324f796a56f2205
133	41	fa4e20b6ec61e3fd43b166c13f8b934c6418b6a312cc90ed2d5c7b41ad571631
133	42	64ef4895a73e15a7c1f67962ac98fd2cf7acc942714cdb56bf54f5db6109406f
133	44	60d50dc94418900765a59ce2dea64fd64e1758799d9dfdf772c0445ca6a3d931
133	49	d9effbc991f066571ff55f637a499bab4c0912bcdebad525d594868433d43acc
133	50	f75ec9bd7787204046365deb10c8eb7cd51210b45a4b6182120c81db76338f78
134	0	32798b45cbf5e3b409993f60e3b5fc4b41f71128584e2f918d4b24793b7d55fc
134	1	5c081d200cc5d26e3ddd02df1469f2e6aa6f824085fd102265d8f2efe666470c
134	2	05b99bd86fc4a71f472cdb9c96d0d32ad58c2bbb4d5dbbf0e104ede530dbc3f4
134	3	a67213797f0ffaa5f96e9b742a31a65e74e7af7e97f0d962c13947e54b3bfe47
134	4	f44462040c2d052fff3f6f1ae5392f0dfec5725234e90308cd7a80664845e7e4
134	5	18dc0a494858a0baf06d9c6b34bc58e80b5c4b3c04501480e946856999f32866
134	6	851bcea98ed1eca22e535879aa902852e46a48fd766ebc642c18f8538f921b42
134	7	10f69bf09c9180d7909e6e0ece003beb6e781f633c130eca97f3283079bc15de
134	8	7bb1cc8b6837ad13201d188e9bc07a514b3f263b64b6d4b97274738e5b094dba
134	9	5c00e9433485c980dab8495e2292b40d09905302e1e5a30b52c9e6a30c72841c
134	10	5cda21d716f814c524043636c34bd83543f14805ea90d824e68dbfdd7c619258
134	11	526628ef3dde362dcaf49339ea45df50da32f8ee2ab2872d792a0465cc2af5cf
134	12	f0296accad576695f86720457afa9e99e634fac889010c4a3c303287ea6c1635
134	13	74380442df66fd99980994a2b3557ccece9f2318724b0e43bcfa2209604f2146
134	14	7fe104380d7e0721734c6284ad353e7513f8787344114cd6ed0f345ae08df868
134	15	c042f25ba266939a68d986f6d1f7e26f46a68ce634ff4c96331a13e4ecc300a0
134	16	080d251ff64516fd7815be51bc9149bb7e8f43d683005d8864654364b395d848
134	17	3c112b274c4405efd000c17e63f6cedde26571d3866b7124a4be3c4f08ac2ce7
134	18	9df35327fd3e8a0ecf3f5232c60da218313686da88e361ddb7aa1919b944d218
134	19	01a78866449199acc453ef178a0de6df2ed88b253c2f1e9dbc67fb9117e32cd6
134	20	15e8435471fd491b0b696406788cd13d49a1530b095d572d481715c29d1fc820
134	21	c3ee78c6099dcfc54e6e25896d646ed2eecadecd3c05c6c1c9751d07fa943f44
134	22	dd81033e2ee13896a13656e8f9b5377303e8527a0e13b5cc571f97ac4d7113c3
134	23	0118fb87c88bc5d772176546e5f376a25ba8f6680490ecf3c229413dc0a8edc5
134	24	01fcb24fe48875bc4fe44b1645bd3929ab7d50460a3b1a3b01fd3f66bf0cbf9b
134	25	f5aa05c6fe3b1de5b52841989e9d9c4c17e3d8e55ed24608e833366ab7f08995
134	26	e3be97833b8a7a2a48458609b87425b679b09da6cc6aca913063db3b5dc1252d
134	27	975421e595c2b44a25f7c58f7f1b137d4ca706cc7154070614359a6ecd8f7cd0
134	28	35da7a35a85609a794802701abb6d01f90022887ab8e854b5aa9e44640b32b52
134	29	6e3eebef692924fc9f36d83d6c7e93e57d2167a963f19fdf5139e6010b7818cb
134	30	6aea0351f6d87d9ad07f7b1f2a8ff3cd9fef157419bd0b47728f304aa79ec619
134	31	6ef8d2390d2bb3254d72544675f5564d585731fb70a5183f7d5fe0c8fa855316
134	32	20a6e9adc5b1780f1a92e06795d3ef24f81cc2fc29714ccb05c1d4cd96c64b90
134	33	4b09124f05c32fc5db829cdbeae5ec81aaa0bb809fa2573cadbc599cd934c7e0
134	34	ccf724e8d205514d3b9fb3c73eee836382a6c046b18287b70b6e088bd7ea9970
134	35	b90eaad751dbcd6af46334e93d8b1b3fe842505c25df8fc0095a2a7872b3b446
134	36	7dc47f53e1ffd10ce78bd460d4962aa63c6d16bb2f0047180f30f51f139b1755
134	37	2d4e80cb36f5a82b81757f010ca49ee48186f6a602fa56469fbb5f549d949559
134	38	7f81d438971ab65e5410cefc0082113f1e00ff4912db1ba2368759cf4a5f713f
134	39	110dd8203e7077226ab781f8a35bd99bc83a339b64cbc3c828189aec6e4dfe60
134	40	1de702c1666ec1615817a13480278ab71e24eb76cd35b77fb331acd8642e5ed5
134	41	153033cb7e97e25cbc454b9db828b76750dd78d25be7074be98ee0e9e676e934
134	42	2c8a6d6a5db986f55502fd7c67a1db5e14f77e79eae19c36eee1f3bb39330462
134	43	b18e976fa467569e7772d067975a3b43876c19cabe58ab452fa8274ffea7059e
134	44	351054a02d36248fbc4b57549f8448a20bc15a47c071c39ffb0b771febbd4745
134	45	230745f2865da87e8b1042a7c3041e44d12e337a4563e125d5f422b0b04d26d4
134	46	994f73142ab2d731aa650a0c0f773a36cea1a9a497da5e7bcd15a09a2f185c1b
135	0	b7e201016691f877e427d536a03eb45d519bfa93ab0d482f250a7711e6f06fa6
135	1	60be21b3aa29d9195c900333115cc403bd38f40b9bfd91d75b70969fbbea543c
135	2	ea7dd594bbb7cd165ef6c8418ad281d8eedf9b56f93e8a3a663b4c2ceccfd0b2
135	3	e9ddd893eb42734f4caa636c40f11530a366f5e1a44e9331a46e0738b38053b1
135	4	2bf979b574fd7b918fd38b4e27523f4188e4f6b39b2ccb2f7bfe36758f5b52a8
135	5	deadce7e4495924868641b27efd84db659a2ddf68dfe19ffa6503b5feb00f560
135	6	1489b4f5248f0c2d23dae96e5ff7bc6fb5e8575fd7b5eade9c33cd9a17f7ac3b
135	7	de11f8b52abdc77ce5c3523ac8ded725c6ab29b3e518244d863f5142df0deb07
135	8	6be8ad83366c69ab8a52f31d5c3807284f09d1b48f6b33ece1c70f0747a33e68
135	9	1de231c9b1c54a9d4ef5abbcaec34428e8ca1b4a01752eafbc4004a8db220c17
135	10	9ac03dbb7e45dbf0b5ea7cedbc5c8478c93d64398baadcf6a6be29c54a26b9c3
135	11	7f86a367ba6e3b8ba0317bf5e136d557c32a1c819a16f0dc007b4f177216694a
135	12	cf4dac670f913060c232f2bc04d669493a2a28919e156883a2a2740009db3406
135	13	40d9b1daa432e5a2f630ad3e0f2fce2474652b2e39d164eadf7a54ef5bf98238
135	14	4b09124f05c32fc5db829cdbeae5ec81aaa0bb809fa2573cadbc599cd934c7e0
135	15	5da2297db0abd4f6e516c0879b543ee9699ba8d100336c888d96bb2dad81325b
135	16	44a4a98c6f1c61cc9caf0c62cc7e8a4ea56ea95c6e249904c867a6000ab62cff
135	17	1d149a86766c31f681a499eabae9ca257cc5c059eacc10c41790a304457bf90b
135	18	36f534497b923a91cbca8b0686f5e409d3f6ee623ecee827814c51fb47e57402
135	19	31f1d24b7efc88d5b0a11e29bb8d0a5329894fb6fc7b84afea5355bcea4e48f5
135	20	34e416effec7343a00e6d406547f41fa215600426552b47daf2f70e31beaea4f
135	21	94d3da7eb334c833393f5c89db70b058cbd54199306eebd065cbb56f61275e82
135	22	89f1ab20116439827037274658b21aeb16a17cd50d5aa70c561642ae11cc2959
135	24	162454ee15754ce551f8a8daaaa04c0e65f7c8827c8b026859da2927e9b89c0c
135	25	aad6ba2673a5c838eccd86b426479fdc41d390649f246596ba00f6105e9fbcf6
135	26	fe1001d173816494558a48326cebb8ae33eddf4931008217f5411d275d7d4a9c
135	27	b2ac0873b4d949a7037ed822a1e626734dbadb945a548a01da3e342f29f4c35e
135	28	9fc623880091fff24fe7982bc8a2ce967ae7886d68e25ef47d976300609b9afd
135	29	162f97265f424446e51accecbdc5b3af6dbe16bec235ab1108cb7fccd2c380c2
135	30	777f012be530125bce608d0fbb1f48fc31e36dd3215a95637abf30c09c46a922
135	31	e9d93ba5789855a37a6bb2dff6afedb45f468eb0e91d456915dd04f356ee2690
135	32	8066a959df63c9c00ce3ae4cfa5aa04e371bb83267069b93045b5c418ee148a6
135	34	8cea9d071ba8041c83223000db162d03e0db130eb1cc167d79cec2c19dc237ae
135	35	1d6d825a51649ef8f36343afcbcbde39f46abcafabf3816a2992451e2d85d008
135	36	2890d7860390455336bfb91f59b89ac8b41871060794aa3d5fe6864aec372e3d
135	37	e6a34418dfa72378f7985a5b5590111181f29460024542ef338aae03ed21a65a
135	38	d0274a4321f6aad0207a027cebb96f41b12688a934a481d7e3d7804f70427343
135	39	d0297a28883dbb003bd1367bc46a465fb1126e2280d516d5e858c2469a100a17
135	40	e134411c8c891a3a951d0d14492993aa0be138459104e2ba54ea502bad1e5df7
135	41	eadc9aff8630a81f63d76646dc939f9bce234c35f4f6536d5475137f1778e9af
135	42	9a5ff5d7d3d4b7cff13155cb131b11d6d65429a35c2c0a257242471afd3e4ec6
135	43	e56c3f36419ec2f31d8a786593a73ff48937cb12a31ffcb03b98c5b639a3b74e
135	44	6b50e817ee2ccd0b9953ab751705a693aa4f080a87f26657940242ea8928f38e
135	45	14f9c0c68c0352e6e99a8eaf4851c29dbbf4a0638155a68a2b46ee3f55bcb14c
135	46	a8166c02b3611b1b06bee9c2bb98b794baee4f1ecc9c295e5e860be6d9b6ea10
135	47	17974acd9e549a80f70198631f72c936ca8c70436bc7cfd17de0b46d1d924488
135	48	01793099da781bb7579a1d484fcaa7e62813732fb6a189d5af26dfa0fd51df9a
135	49	b6e940286896b79999ed2c496bf9e9e4d5bb156ed89d0332ab45e40822bb712f
135	50	c3e1abb014a49a71f07fbdcdff6a3f780f502dccc655de1a4346b5b79b4e5af3
135	51	d5611b49f6ce3ec59b306baa60eacfc336df3e9ec9533847a8ca17b2a3b847ad
135	52	ade7c37dcc4ad960811fe53775a1404c7f556da66de90e7ab24e7335fbdff56b
135	53	ec60ebe61936df2064fbbf5072bd7128bf50e8284f9178b43d6c5da80f9c6c7f
135	54	8631cf2ed368386b36a1762e019f403e9da2e8738986e0e4f5a5a0028067812f
135	55	b4374db3ea82de6f815786a31b03486d2ff4df355c852e9d5a11e58f96f09458
135	56	ddbe0671e5f2ca47b96470242a1846df7841fdd5d4b06cbcbc66699da80520a4
135	57	08e766b9e6ac17f1d7c402130d4c8084dba9e2e6e7deeaa740018d483eb61ed5
135	58	baa1168228051a22d7ed51442e63642a111b1e9e723b74878fe7a1da61f8a8a1
135	59	08bebd3b6d1308deeae89cb5e57a2de66ea80a8b9b175fe60e0c5f2185a10e44
135	60	c9e0753c21aa3c1845a11c7e5e2920d3f3a53a8898087071d82bf7905c6b1d14
135	61	6f1609b2b48187f4d92a0f19649afb3738f39779dcca6abb2ca2aed56a9e3d56
136	2	792b12c7ec8330f6ecc1de88da6cc54be911862ad988df307646ea836afb6b18
