chapter	paragraph	sha256
1	1	f0ce4900d7a3f10340efa2bfa54c9e44a9bc7f0a2b04e90e4a01545aed8c31d2
1	2	c2d7f48fbfe7754c354ab9553dfcfbfcf00f9cf460f82f6b3d3ddc513a7edd1c
1	3	df2c6ed638a3ff600b995e0d6cf41bc611c658cd81c043cc000abb1b1167dd27
1	4	c10e397797f5aa98a64233a994f4ac2dd8e15c168e1fc4904af68e2ce42d57d8
1	5	1e6cfc834d71f63423fe17548f37ba907f7aea0ef6a435d2762327dcec7c8974
1	6	b9d1920dabb18ae29d91d8414fcc0e7321ed71699c6a8852e03af55bb572d254
1	7	65c43392b21a19970ba233cdbf891526ab722cc06ed2cb7cbdcf3194d0513d95
1	8	0788755febf2bb89093a2451607d2bf6d69e11326a3fbab129ee0db5ccd91bdd
1	9	2e083acb954034b002c193f5e60cac0fd2a1ed55cccb99cee0ddc57e15cdf4f2
1	10	ac0b061986234d6d7e9aa224114a25026b9d5840202fa4d8b0d27756221e273a
1	11	b7a24df5839e6a4ae55f3f1e7ca7ec339740f060290d9298542d9d690ace4bac
1	12	4caf7ddaf05499dd8f5eadd09ee4ce0ef047981cb477372ac044229d14d5ec35
1	13	617f4a6e6c0725e69567ef5f87cd50e612c7a0394ef4f5ced2cdc150a95cb00c
1	14	6d3c0eb095e12cba76138acf89562087aa7e5b75a1749483359214896dbc7b49
1	15	ec46bdc3fe7c13b7087ccad4e142f4665fe3dc0923013d7d5f588f3fd53ae269
1	16	d57bd8e3927378d55ac2bf8a8f6d3f1f790b2c37646c555fddb4b9ee75e54abf
1	17	b1486485fb99c10a1ca58c2d39d56dadfd345a385700962b215aa952421623b5
1	18	e04255f45cd77c5bce49bcfc6f6be1933eda30601666512f9f23af80a204443c
1	19	d04f1c2981176e6da2261ec8ed7dfa2d23f639cfd950d8492d70a13beaedf843
1	20	ddc137448b448c9c2904fffd04a2896ed3bde11212bce94c2895c51150863945
1	21	5d1b01f4d6f8bce3e537d0b5b03ef2814b72edd019a1708e006c7d081ee21579
1	22	20e32c8fccb0ea47aebc227fdc0016b7a9c535eca1577ce2c748f1f8b3eda47a
1	23	e6454a82c4e595698cd5efeeb85543ec175dcffae97c89c3f7cf13d756a25c93
1	24	3046381a5a4782e693156c7720cd5a01e64d3d0b8db57bea69cae7c1f7c76275
1	25	4b3fe5ae08e41c5bb6d62ee3e561de6c6291be2dd8145330ef29ebdbed4ac985
1	26	2869e2fa15fb98aec1b4c5b09857c8ad68f048b88a4338160f9463d1c7c0a3f8
1	27	62259ad40369d32fa231698114fd30931ff1c4ffcefff83bba34f3ad64aec959
1	28	1d51ddee21ab52e694ea1cd012f351b6edeef12e6a31155ddeac750b47db92f6
1	29	a4906cfedf5c5e25832e8d3779c5d4dbfb6e45f36f9cb854c1532ce3a25d88fa
1	30	a2b4736e7c2d97f47835a64191358141316e6b6d90c958dd2c7f37c0913d136e
1	31	d3062fe6ad82892fdb36f70c319029f31c4e217ffee3ab8f707d3c776deeeb6f
1	32	a2fe908b5787835f6c6c5bb11ef17bbb9e2f8b6bcbd2c83f9250f56125b82948
1	33	770ae6d192fbb6730226635db2ab5e2b4a33cec304b6cf58a312f644f1c9e849
1	34	cc4445d6c3e739d25eb07de5481afe05208f4a33908ea1d7526438641e9afcfd
1	35	4f5d6d8ed7bcf54a2261f516e00b3d85a3c499380bf142fb371c74934990b84b
1	36	ed043e2b1084b653f9a09d1a05c11dc4ce6e435c4e626da25f12315a0c0cce59
1	37	0c0edb29c1cabde119ffb31ef572f2e147430bf2388a808fc9f8c49db46a49bb
1	38	3854702d696b1b54e79b6d8f752621142a1799dd06abb0b378ab8a5fcfc5e942
1	39	e1d449513903937a3b494086b9734fa9719933de4b681ef09044be6c44b1169c
1	40	6cff89f9b8210811a844f520d7a847ac0638341afa2888892f0d09ca72d2eac0
2	1	336af8414c64fb7b7f1e0da31052c5b16d2698ab0c8e4989d5b55d6bf179b1e1
2	2	51366beb810cef9606505a4307d9f1ae314b0788afe356aabb96b72cbdc459de
2	3	464a0c16cbe6b2dc3934f78d56654eea58a2367600872af558b3fe946a4fa2d0
2	4	c0aeadef33635021710652e3c449764d49a87d913f14cbaefe64d2d3c4685269
2	5	eaac1929fc26d563e0689bfa0572aa491983e8c042a48ef8f07fcd761c92a58e
2	6	10b0498d3eb8ee9900789240501f4fa2ff892f0b2374195683afc38269f43b5d
2	7	eb4222f6861eff8b685d9a57d2a09d22ff3cd37605e06ebb90cc416ca05738f8
2	8	b52c9d2fafdbefdb68370d99d614531b90f468dae7cb5a913ac05de140e3df0b
2	9	b67f595285a4d486a1f982b60fbc2a115e4b973ceb7edd5ad6c8ca47be080e41
2	10	beadd7223316e14728c7ccd1de11e6c7ec5ca208c07fe991d89bc6ce17d541e2
2	11	feb8287cb7b41246cc11f51627464e35efc1c7ec3c21a829d439803aa86a7785
2	12	2bf8fc42934b4521a5f3b9b08678483e279447e4491235406a75b96229dfc6fe
2	13	1623b231e19c8ffb73fe146b4da448b5762487b88b211edb27e0c95cbb13fe78
2	14	ef613ca7274ad7f80c136e4032bca4774e1a7b448ca33cc770effcddace75d0b
2	15	4e19f405aa6126389659f02b7939b29457faf76edabe94494f8c952a496c4922
2	16	f91b57cd878767336d1e8e7f6f295d4016978879143cc6cb28b33763c473c628
2	17	8302bc5a0688c4ed281a85189718b2e19e50a47753e9d3c5714ff9ed5034728f
2	18	f7698640d1f660718a94a18220262053ec6408f1ab9dddef48286e2072da4c55
2	19	eefd82ebf121edfa6b0ab617e4876caffe06c7670acda85be100121d0ddc4e1b
2	20	235c5d81ba314ac17939eea3b8be62e59a2ff25de873981a7abb3c4fdb0446b1
2	21	60f48475d8fa3bd4dc8865ab659072a59a90486e43468270e3c2fbde10f02093
2	22	8c26bed4b077cc02ef8ff551bc3c6e3df31f1eaebb6aa39e1694ba2cb3b65ecf
2	23	54a1a8cae180a752038a4a829ef82f420c7286357bb4506736c86dc2051630fd
2	24	c6213001dadfa54a17b114e0a97ca3d667274a6a170c408bbaa7cb2f4499bc98
2	25	c903b4ada4fa726bc16fd8751961d6a9b66b9c1c000ebbe92d90a093aa6bbfc3
2	26	135ec75960935c78303726b3fa7fa6bb63d7d6c5a94bf95e4ff250c4bd7a7c2f
2	27	581a3995eefd1b363cdbbfcc188394cff7b03b8c166e5ada931701a90d08d897
2	28	a56b86b92211b70700e050fb8e8e3255dbf57b63d79b35b51ad2a219720232d0
2	29	d878ebc3ce5795ae8b36fc22e7f9e6037486f6b3aa51f752a3dafa3d0aa700db
2	30	8b4a77c5f149f67aa86a70e8cfba0d4e2ff818a9b38207f9e316961f0fc2ae86
2	31	12d1fafd9179f8896c869aff7eea493863cae1f61f0372b8a6be70dc7249efc4
2	32	9224e67f1b91ecf705966306871da5c7f66eabf876359321283f5eeb2a2cb774
2	33	f5e14e960d7a5c7fccab47ac6c2dd21f547d4267b4e57f1cb6940b581880e1c9
2	34	5dcac9911900a8cfcfce1b29ff6b9aa1269a9f0bac7a21a2d4c2b5cb60059aee
2	35	ba7f594b8847ace97239db8ae5a8298546156e096a68831c646957e8b65ef240
2	36	53116f42ae1952b3a584393808b1566f698866d06655c61f22039497f1f9b855
2	37	c1be48df89bc338775ab89ad6f46907f4c4cb7b5b61297c963442dd41120f268
2	38	01bbf7fe83ff94e96aa6adfa906c7f19fbf1d35e38233eeec0c90abeb12d9575
2	39	72c26201735b2fd35966cb4a1c0982c479f5057916a5981296075910bddecfe3
2	40	f4e0f77900fefff7ce926d906558c1865669a5f16b333381515f5ad39b6fccb7
2	41	34a0b02ed5acc5b2f5e0ffdc42a50d0a1d969e24717e523fbfb468c62caf9fb9
2	42	456d8727e20aa295709ef03ba199a984d83e2d6a1eaab92e47cc25a5b9c976dc
2	43	2861ffc887bcec11b533c352797ba46e868b05b91b406529db43117ab9db8804
2	44	b79d08a49a22954ab2a60ac8debe04ca97f5a20b545fe27893b4d0a89b5f99b1
2	45	3ecf33a16a0ce0ec8bbe0e1e478e67439b49abd81366e7e3ad2bc81a9188c234
2	46	4a047ab9bce15de07ac41d2a860226057d0378dd0792c87ff353e39e108c470a
2	47	f297184e00d0d4735242a87959d4c172974c2efac3d8115e8efa7db17fee3df1
2	48	c7a0e6d16c81ec7c2fd2015d3f8f1ad375b16450ac721c2d35dbd2ba5c23db94
2	49	eb43798ccd162e799d369b6e48cb552f2df8758464e6a94b55574daa3cd01e32
2	50	b9745358320f14ac8942e80c8388374c9472160572bf5f46ec0e4f7d6bed5db4
2	51	c91e8f87178c930c3c4d5e612383f9d6c22b3df8aea600e937b09efe8bb4e0a0
2	52	c90c01952ec6603e7bc4acdcafb3f6fdef3b019b577ba6d33def6df46ab42fe5
2	53	9dbf60350f6883f975d58ee8a4599b50a5f11d06e049c6d23fa02932ec118248
2	54	14ba412249dce0d7314afab8993c8202c65c719774b3d9a8ccc9ba41070dd1fb
2	55	4e7ee78507aa42afedc8451370dcd92f67d4b980d15372f200252b0a2808945c
2	56	3f65628bdcddf9502aff15ccfab98a4832200f9d316aeb887939b4930fc3476e
2	57	cc1147cd1dd142e459f9ee1c39dfb33a2451b53826188f95fc6bbe494eedb9a5
2	58	1d94cdedacf841f11b830f5c70ae0703f1c4e1a1c34772e37456be3d4a5b4549
2	59	25237c9e15cf8dadd61bd79b74ab515814952aa89b45348f107174f9f37abd81
2	60	3c563116fe531de9e267ded792c6ddc54a4190b16c699c196c7f77777b03e196
2	61	b6b67482e725fc97a58a3cee458e8a0634f07b604ab5bf558696050289de87d0
2	62	6a0dfc073a6a643149ff0c9ed4f40dd5c5d073a818c92892602911a10eb9e599
2	63	208800bed1f37410974e297ae846059b7530950730d0a8a0732ebca718e98907
2	64	d65c076ce017ac77e790cd67194a0ace839eae5b9d178649f453f424d318a4f8
2	65	b216558763f13f1bb60bccc5723596e8554b04f3485248d0ac0d4f310dbe90e6
2	66	75d216771835a6d9a1c42b5a7c2e4f29e94264791da9eaf0ef63bf161d2d0130
2	67	cbb97c85cc6663150911c5caa24df3283b58ac2fbb2b97498ad6100938443fb2
2	68	18c839d9f74f31d739f8021e14f184ace356f1b6856058fa35cc7681ce7e38fa
2	69	cefe6dcd6f2f50adcbb7e4ed83e6e4d9b74449d1b0b8455e5f9a3db748a0979e
2	70	9b1502c97b35a0ca53cb345171016ffd84679069ac4abfbff213d381786c0113
2	71	d0c6e27b57421dbc954f6f4f7588afc753ec443c58b2adec86c902b169f21a98
2	72	dab0b780f2a38ffe397c3ba207a85a79f06347ac54f27153dc906d1c6d2aa457
2	73	4b6bf90bfe541273bd8efa82ac2197b0c1ee1ee57a1a17b3b970d73f2b34fb09
2	74	1368f1833d1df93da75461460bbfc4891f82e106395d2b5ace85612132fbec69
2	75	6382066a3b04440efa5a24fb848bb0ea19d4f050124a4bce6e5e65acb053b74a
2	76	1bf42ed97c64c8a8df2211427dfbea97f4e88935b2d2808ff115642e21b3ef38
2	77	7b7752339db7dd04f8e0c6bf443283080a25334d165e0a328b8effd360413136
2	78	a74e8cf6d4f0a35b92292a3ffee26bec1e0fc88304ff2fd8baacaecd214a9af8
2	79	658866d4360100d9f2560bae261f8155f484f7fce7ea65101b3d74e81e019f76
2	80	36085d47675e44eaf6f1a6f34b2a0e701ebf4beca21d296807956afc49399e72
2	81	30788957d01d420258a5884323f5887d4bb2f6a06e08927715672f96a572b0a2
2	82	d846c8a329107ee734056b1a8e385bb32f29122b46dd9dfc182afc86aaec3557
2	83	00c30933bc9b09f2129ea065b4af3303d2b868d1297b662f4fe7755642775e57
2	84	ae4ec489fbd7aaa33c2fdd9bbae581e8beacef5c5677d032d348bca8e1b07491
2	85	b10ee5e99620791a3ae3e1118afdad2328ddb98320a01f5671957a7aeaef3ee5
2	86	e4aecf501c9a84ce01d9064388039e989e933bb76ed8fc489b5b5c7a09b75b48
2	87	2931c447abee2a7872945dde7a6e841b143dd82c6eb40cbf8c873ff8572e7b37
2	88	520a4485aa47a22977985e42fd7c7fa59d3ee234081e7e304d82ac91c802d883
2	89	3c34fad845cb65946a0efbfa759edf3d5dae0263459e6d5bd867de2828e69b3d
2	90	db6b01a2f00b2d0d88a71f94ee45bbd1c73232122db2760b94474a97e33d45c5
2	91	7fa233a40ba5eeec4725735725d6f0ee17cab41eaa365c5c00443246a219f967
2	92	01cc9ea58a3a6d4b986b50a00b59692b49810b043df904afb2dcc41d9e01fc4c
2	93	c7440921ef3d198ec942c47a4ff74d5b436a45faa05b01916fbc3ea1e8945dd4
2	94	2776af74fc8d575b49b1c7f3566e66431b49d6920492385f54c4e824e6487579
2	95	15670a0913d10d7fd28d6d6fff2b11df2bac1cb70052900a90e8ee3d2851c6ee
2	96	f742891e54a477e096f9683a1474f5e1eacfaa9a2b41355b43317f45e2857bf9
2	97	47d70fd235a41fb44ae09e337d96aa9e61775189fa06bf36f38bf665e8049e6e
2	98	e9f5ddb70b0a392df8914cfaac070dd0922e77e84413ed5d46c1fd8d4b954abf
2	99	e93e6495c277bab5437f6c256e8b5ccb8e0e4e0e967f32065efb498c556cad5f
2	100	66ce1a91cf983bdc201c7fea61f4e1e0dcdc5f358299e4066dfade73d29f0c05
2	101	fc907c4080eef99b9138457b03492d74f432dc005946aa037dd39b3af3c7359c
2	102	58392050f48d8531711333830321f977db48591cad610f69f9c39e38c1a9dbf5
2	103	1994dcf9088adf487dae7221c8ab1d51d39e7d24941a6cfa0e07d80b4ff103eb
2	104	9fce74e67842527d0e5d277de21d435b16fef74a4244a82d69fcfd9f38b4d527
2	105	6cff89f9b8210811a844f520d7a847ac0638341afa2888892f0d09ca72d2eac0
3	1	c06bdf8c8ae99ffa42e26f63069c8585dbe2ec54f3aa85f51eb6ea8f9868df32
3	2	e5a0d8fe9eaaecdb93a680d4aa3c12725f6b002f119e2680a80a1b619ca4a8f6
3	3	b74f272ec1d530b9c8db73f5aa045fab3c97b1b13ee25b1dad32915d52cc2c08
3	4	e1576bfe181d894c908343f7d2d32467918b0b441c453385bcc46df7bc134d82
3	5	5760e2d0fc41f8624d05a341463655d0578ed9b36a6cfec7d0a71e453aea0c16
3	6	1501c7ca2aa57a3b9f9efe8c11d3ec65846b00c597117c1536b9888e75c2dfab
3	7	121d31d5d03a6f2c463c90dcf93ec123b4c089589899c8ee04c3b51d0bb2394a
3	8	63fa95edf9a62c1e0a91c0e00096d06124edf739fa5b02954494fa54185eb795
3	9	4319c9d29c392e48f2d33e43c192e3d8afa6412c67802a32fe5369534c3c940c
3	10	f5c2482d38564d63c3d9a9e2e94a0a56ea23dd469891ae4c7bfd4d9a9b7134cc
3	11	30a4dca399d73b7ff7baeb3354e43678d2927c4d939ee43206b4d94dfa296c88
3	12	ca241a3a80f38a1f48f6bab6a5d4cd2553a125ce6085ddb6f0e461f9ca91721a
3	13	c2efbdc82a3d27d1a48eeb149a15f681a4d020e1dde49dd64092fa40fc0a3331
3	14	b6caa6db2d4ace787befba892b149b26145db7bc47bb6ba0031f717e4052bd4b
3	15	8ceea77015fc77ab325eeb8ae2b854d4ad869ef262494a80ead871c3c1e1b505
3	16	a83357deef1099f91fced516b7e28cb19672a127f8548dba904713a410d18f22
3	17	6ce7459a22cc59fce39fa955c42ac0efa29af1619bf99ca7b7479de42fac98de
3	18	c76e96ac1795b05cdda0df5587f876a26248401480dda066aff1bbcced0dbed3
3	19	35a560c590904bb09f7fa55a7ae87b381b6c8b1adaf8c483e3b5db2ee929c5c1
3	20	bc8d5ddb7dba8bbd495ba2ede4295a709235c4f169e777bc28a257323cdc2cab
3	21	c9e26ffbf3c296cc205c238ee3cfc7cec8fa81ddcbfeb777f1acfb3401864fcb
3	22	c428d81ce871d10ca3e7f4731e66dfd1ac136dc7a07c7bec6c7b423564fae0bf
3	23	73d62d63e11cb84e2da3898f0a1c5c2ef8c72f5abc0b694524b5a8a0b7beb039
3	24	04c0b4cffabd017cd3af0bbae6dbcda1fad459c1b9562f505f6217e5138f1640
3	25	ac12f8c3547e27ef2d3279a1829ca2c72fad403d0ccea94db21dbc5c8474127f
3	26	31945ea48fd03807cbce735adb8e8a445c76aa120aadc6704e7424f13a86e6fb
3	27	2945fc1808ab4acb749613c1d94d53eeeb5c1c0c89f784a7b1f5722c92092614
3	28	29ec9481416ed6249426a325cc71390d61fde153b8c385adb43d72de3fee708f
3	29	1fb3c521fffd7a2346c2730112deef6bfef5138eeb952b46e18ee155082afd4b
3	30	6eb8021e42e16450895071a3b94b89fed93b490060b915ccf1a1b130c017813c
3	31	c037bda4bcf3540194f9a43d1101398545c47ad28b0b91ce6a2e0e939ed8caec
3	32	a8bfbfd1c4c612d429a313a6f6c73ec329dd2de4371b0bbe6d3b25bbcc2f7191
3	33	7530dc4c8df8cd0905a81c038c5f15caca6ec74e02f67f5aadaa8958098ff1b6
3	34	d62c1941303cccba36d3394bfcc615efdc35edea97966f4958223e9c4f8ebfef
3	35	09c230569abb6ac03ecf8345441f16e45ebe37278ce348a070e794cf202f7b57
3	36	3ed124c2b88c0e333f094590ec76ed4bcdb2e1c71c17427c239a565fe45ed574
3	37	ff8818df32ff3f96ba308730fcd7d059e15c7ae5a0eccfc1903a9fbc712d01bf
3	38	537924f22e440c36efb5a665617d4717a9c55da20a7d70fd4d8e2a3960c2fb66
3	39	a6dacc64d1cd9e2470b40c1ffba67996aab83642bddef78e05d0b9a0427d5bd1
3	40	0c05c528e78d5870cd72f95b2c5064951efa65d79cdde98b0b41c11d0f40bfeb
3	41	f77b2c1dee66b4d552ed36551651bb0a30c027f97ce0d375eb61067fa0d9a9a6
3	42	3fe9853b22b5dc8a2870b8cd25c2414e6bb4baa4f7386ce68ba49a2d9bfcc15f
3	43	35bb0e89fd56e856f3ddeb28a1239637d8fbd020e272d9ff5b5b38144f5e5a28
3	44	770a5f1cedf9c9afd5be01e98930b567179c4822dd39dc92e2a4569a76e8fe60
3	45	f77b2c1dee66b4d552ed36551651bb0a30c027f97ce0d375eb61067fa0d9a9a6
3	46	a56cf37f8342ce9530611a6f5b024baf81e7464370c5cb48ddb699d4c1e4ba4c
3	47	0a3bccedfdd5ba9c6e866cb2d784f4271c0964bf112f6de9c41310bc370b07bc
3	48	199fb265e164992a7144fed23212db60c09bfd4b4940b0b39979f8472cf7855f
3	49	f77b2c1dee66b4d552ed36551651bb0a30c027f97ce0d375eb61067fa0d9a9a6
3	50	f54a9bfe678fa4b59fc3309742bbba9236892dea95884cc316726b1ad4da0c3e
3	51	c91a83712ceb5fc2402e22e242429538dc0160fe410cdcc4d2bdd961de6d3a71
3	52	f77b2c1dee66b4d552ed36551651bb0a30c027f97ce0d375eb61067fa0d9a9a6
3	53	910c4ac138ac1110ba8df4e4d6c7a3ba0bf2c5252b40107c900405bc819f0020
3	54	e4c94a75529f2d99479cfbd0d9f20841c3b311662fd1672fc57f46e47b42141e
3	55	f77b2c1dee66b4d552ed36551651bb0a30c027f97ce0d375eb61067fa0d9a9a6
3	56	2856e0029ee602a21c355a169deee444b5b56f69db8ea0da3ef9686c0c095065
3	57	66c1df6dcb3c184848bc3b58806faa1d8793f54733cc9972b581abd9fa06cef8
3	58	f77b2c1dee66b4d552ed36551651bb0a30c027f97ce0d375eb61067fa0d9a9a6
3	59	8f87b2a80835337d84dea922439a87a970bbec63a97bc269c9318cd1f60b8051
3	60	747edf7f1cc1afb733e4186b7ffe6050c3c4be16b87d4981c6b748c2a7e620f8
3	61	30a4d9886819b5dc5035bd033a5d8c7fa81f1c6d3912bf77ee684d15cae1cc8d
3	62	5e1683112f2e43a6f2fa9c7bf391351d9983de14f6482a1ed769b1e546ab3a38
3	63	d86fafdfb2f700aaa62d4e73d3ccf85b396559f5e60fe292212626d944b5e9ed
3	64	f77b2c1dee66b4d552ed36551651bb0a30c027f97ce0d375eb61067fa0d9a9a6
3	65	88bd2eb601924c7763298d9ad7fddb08fc30dc4e8572d071af4b696ea17d8543
3	66	cab7724af6422e887c115927fbf898baa9fd6ce3141357440a383e07920c4b1d
3	67	fdd798671ad691ee423ca1075742b3ac63e57ee41bc2beca44aa7db5bdb93140
3	68	c25c28dacfcece7ae592563eb81a9ac448f7c4aa43053905a2cca5151d89f5b6
3	69	a256933861f8995d6e8e0a6df9d563d4f3127a9150740545cbfad920450fd690
3	70	17960478e6ecb66109170ae1c3ca5f48b1fbe08e7bd06d4c8f1e6e2361e99bd1
3	71	0bf12f87f22cecf95a7ff79263c29d731758805892f9fcba6b2c5c933960e97b
3	72	6c64f1df16efd7bbb970c1f9ce96b41ea8d105ae70f6d6c4d94481ed509befbc
3	73	6c473304fff0b0fa2de89c7514d73e9ba42199debbee8c735e9367d0f8d193c1
3	74	a8e8d9f342d187f074c122055780a71044f9c316b0d1d514f6f86d566f66836e
3	75	bd881ab273ffba022462e809d8f984573119993d6904a4e1790a3ca258d9be25
3	76	0dc3f90610a7c85dc9960fd69ae967bb9190d0bb56983d89b2d95376ecb8aaea
3	77	8b5713ad053a718dbdd21bfa64fb48a6b744786a69ad96d78513674ce6ca25d8
3	78	d46f6a0d06e9e4acab0ca89e39811476a75219ceaac8b917b053558b27ceb462
3	79	5f78a1859ab7031f4b5f4cbbf127e1c32f3a55fa8fc5d20f76116a9e942dd52f
3	80	5611ca2316759c0b7e0cf51841b0f600e0ab912fb1910e464bc2fb893fe88d2e
3	81	21b463d08ec63b99031eb60be00fc8600d145f65de97139a8f574fd30d1ce4fb
3	82	8b6a8c207a2810de3b3a671d22eb5d82efc36fca401c52f1750e3eb56f2f8463
3	83	4a3192ee8c40a79dc8b358cec00f9cea5aff9de1ada14805b140be18656830d0
3	84	d99763504af5f4a60bc75a7dfd9b4c242e89d2314c948e08ead4170304bb5cf9
3	85	391905cdaae18a55dea18b70f44babcf892161dce739d98f4fb428000d245ff9
3	86	b2293bc15097664769a1b3ce6aa36b5e88ef6fccc6b3e8964dc4705c33e7c78f
3	87	e653144a1e055cb313c07587539d6d8e6bf345806f05343a5abe6c11a63cab9f
3	88	2a1ea59342ef787a216ed86cdfca96d471287c5befe648023f3fb24c8139f2df
3	89	fb38be4aa2d8cce1220315c11db23db8d8ef4d85053a595e9318b64e599f5ba4
3	90	7862119bb7cb09efc58f44a50d74bc5a4c80a0e63cd9ec72ef7d5445e7a6a3f4
3	91	7ff6a9c680d1781b5ea00b9d4ec4a186232e732644348fbad0f15001d97423f1
3	92	63aef408a4f988c368e3da2e3525db55b73f4e2b370904f29f3081fef2f2baa9
3	93	653766dbdfd3e332f8536a6fada4a31f31a67468979d1d007894040a745ef613
3	94	303ce63ad984e4e72110114e4dfb9590cd7b64670d5266e89519acf2b820bb7d
3	95	bd5c240893cd847ba74b559968cabdbd2cf4b11250097af3437961304319b319
3	96	44857feaecb5ebb60b80aa1a48757ee01956ef5e9aeed24ef91f20c8f5036b62
3	97	fdfb9daa1cc47b61a82b8cd1d56e71227fbae973e11cc114eee9b26b40df777a
3	98	1d6ac04d6aa6d0f6caae10294335e4a83634e9caf8dd60dff497a4bf7fcafded
3	99	d38a0ff8f4c68b7bea4408ff89c10629e7c082084664e53387d90b964afa2ffa
3	100	6b85e96c72a91ad86cf76b31c20f6a837082f249fcb04c077105ea15d1cfd9bf
3	101	62edf5351ad969e2e4cea827991704b58807e6537db9a8437ae77604106ab3aa
3	102	9b61cbf0fe4407dd917839261fdbebb3d1f9678e0d43a837be2e0ee41bda053a
3	103	3cb3f64030bb9329f8bc339009ca1bcffef4ca4c9c59359b36be99b9a09bc5e7
3	104	f1fcdde08dd9e00a6787f36d450e30a2b0571dc5ac5ebc582885e77dad7a0dad
3	105	e4262d48fdfdc4511ef2aebf449f98218fa4d1b6f5126561c3aaf8acc3240022
3	106	04047234e24de1fd92afeea978e002b87463c5c666329d496641db00a756dd36
3	107	24b24ec475d8678b879bc4c7436647404441f88d074f016ee8cd0d7cba711bfe
3	108	587a076b95a755c3019e2064f848fa49d94a18b72d96bede9b129f8c38ed812c
3	109	5d8b686ef81e0a3ff19d70e10018cf8bb28243ad569af5de34707c39ada0376f
3	110	6cff89f9b8210811a844f520d7a847ac0638341afa2888892f0d09ca72d2eac0
3	111	b043d91dfbd6d2aa4b1351e295ba11e0ab8db36a1150699a903738f8e08be5b2
3	112	84f2c12a55049f2c62c201cda23cea5af8efee704bfbd4f27d060d9d09deb0ab
3	113	2d2d9cd76473dfd0c80596f4e44d2f38ba6fb0cd1c9d8349a1e78df8318207c3
3	114	a00bd57dbcfb3096188671f256e8ad8d66f8aa8f4f4b7d60801223c0ccfed2c9
3	115	a0d024f28051c65d29973de8d8fca23205e98d3e67856a8e178293313cd0e8bd
3	116	574337211acba441c144164e47c0324bfa35cc64026db09630423a5553ec83d7
3	117	45f4b1a7be98005383dd32d6a160948727363343997657dace1bd086f3aa833e
3	118	ebcf9d9cc3a5184fe588369c8b6fa0f4b19740006134f7ac5223ad2f6d9410ec
3	119	2be5eb80a9930e891d30321534c8a33d8d7f6a5e284fad3ea24e9047e1df4183
3	120	67b9811e40f525ac9ee515113ffa92a170941b54ea74dd6f184171f68afadf3c
3	121	2faebb69b701ee7cc51d49c386a30957fed48707d1337d77d590b78e5f4e3432
3	122	557a7ebe2e864359cd61b1a90d6bb011d3f2fdb052d766ee5ba9b1d08d26bb03
3	123	c9aa583aa96010a1c41feaa394508f40f88b44730711696aea4c01b348881794
3	124	ba5bdccbb0716e78653116777ea6af5777eeb3ccb4665128fef2b7504d160302
3	125	4e14a3b048d0b9018104b8304ac5b96f89690a0a64144b77d2f98da1044aeb17
3	126	f46dfc1bca0f5520d0ba0b26d97b85ca4234d6e325481da605942ab05d21bc71
3	127	904454c2f83cb74f459c4f7315d67048758ed898bb61e17dbcabde2c5debcc02
3	128	3b0deebee5e874e8afa256fcbce069e6564b6c155ecab1096efe4f0eb8d85681
3	129	7e1c514c7ec0c7ea326435f3a7199588a307d1f268e0acf74eee6d86de66b2f2
3	130	511ef8a502bca1b3258e523b1a205a37d07dee8208c41f579d7756bd90b95379
3	131	acf9640246542eb2951fa5ca53c57ce06c5f9673b45fcb66308adb6db74f5b26
3	132	846cc9a76c427e0c47ac2e86a321990dcbb369cc648451ce1469fbae795ff6df
3	133	f3b695cc66ea0f53b107af6405166d3a452f0e48dae1b8d5d072cc737972c456
4	1	546a70a902d2fac03f6facb9ee12fb0ab0783fc61e3f2ebd013ece566f1ac730
4	2	ccb82ab8ee85fc6b28ac2d3143064ce66888378b13a1b01efebde94d1780f0d4
4	3	0d05af8c6284b7cb41589dbf0e705e592ae7d6dcb6fbb359bd3fa6d09c8f6bea
4	4	fd751893f9079e5262d4cc7c37ff9474bd9908737871edfb3f3b0e9d819d5f38
4	5	a583d8f765b9c8bd587aec6990e26daa6379da4235144595793e62b96c550978
4	6	da069948649e2b84a64645bb455cfa1764b385a9731fa6e00321a3dae0fcdd11
4	7	29d3364e60e910d260e9a2dbdd5ee2a7ff44b74a4696eef0a444bb9a6a0394e4
4	8	c42a0209f45527f4bccaa35ca3aa6e6cd1ede3c9719f2605a317eb8661327f52
4	9	bcda7afc9c53955a0da64190cef202dedb3cb092c63d47860a9008b0d3adfde5
4	10	16dc1592bb97ec9c75e73639a4f5c035cf8f0ad626a01a884f40fa2dc6c18fe8
4	11	1715faf1f4367e6177725b31233fe2937904b23d6b5faf393f8196fb37b59ea5
4	12	ddc0d85570922a9bf9bff04cff2eacaddab9a0b05c85230a50468d90539850a9
4	13	c6fa24c0ed0e1275bfc584c32911bd9e61ec4b2ee739602f8fd68f4cf553efd1
4	14	ab7db3bc20f806dbc9eaadfa6ccf31fb7880a3f807f45d6f4ef639b734c5c836
4	15	aaf69233f484ca7750af7d871a0c8e68f79053999ff808785664c0efd9ba6d27
4	16	2b0a612f522e9169670e2a6bb2292be897609137baf20ba45b44fd3e77b126ba
4	17	c6ca1940e4b103c457f4289ff2dd51dc5ecc5eb1f6bfcd64625c039b2d729d12
4	18	3bf02da6df2b7f4c5829e6c7ca6a3a00921a75c4e1145c23fe2965b95150891e
4	19	da876dca32fba84ac5c2355a85fa787567e33d26aec942c9b53388f69d41d328
4	20	c7ecd13d62d914b478e218802d11720c27df91afe43d1753a2df975259f56f2d
4	21	885e6ee9b621af16e65d186de176593336dc562ee6edf61d1628a945df9b4f3d
4	22	f11988f120bb5f2669e522cfcd0cfb02ae0ba545b152f00a3021bbc83fde0b34
4	23	827ec888f319d8c89f9a4a524bdc66845d2b0a2f185a7d83ca1349a5aca8ae8b
4	24	26bd7c2347bea33b2f346048fd693e42aee112641de810c8fb510096c9439d3a
4	25	73551f0287793c00e54632749ebcf894fff0a2740072c7cc675ad151e5af221c
4	26	26820f1330f1478f05011d2a4975b09374c8f0e0dc2df6ed20f8bbde73e2f593
4	27	71525303c33a5c02a3958b92e26aae489e6b4368db9b1a34af56b51c58724323
4	28	622bca2ec22ea2f73c894178cb9b58eaaac24721cd6087b798ac4efc884a8f22
4	29	d3dc1a801532e53ceedec7e885ef8cab7c799b6584b72e1a2887e18101cb8924
4	30	26a6f9fff0dc963b940aa5bcb9e1b45dfe6758b0dda1cf02426a0610fa464c7f
4	31	fabb5c94b56327b859413f08fab0c649a04c6d681f49d56e60f5c826c927357c
4	32	08a1ca26a4f1fd16750c381b3f42fa1da0c70e9cc9894b98ed78dcb3d25452b3
4	33	bc4401dce303d7b71fa0ef5256e0c05c5190c2ce1c2eb0f2796f313229a06eb8
4	34	88b4ce47d68b12d7e77ea4568ad02a8503e893096b28462aa656597cc78ea0a1
4	35	dbd44205cea317154b6af5d785a474b4378b328eeb14acf137105a2b1e2e646d
4	36	b3130ebd92be36dd1a4ba8aab5ac91e8b96d284a1c6585616a9d4e70a44b09b5
4	37	e497b8bc2523a6480f0214d139ca86249460a5ffb65d2c625cac3200c7a0820e
4	38	db549993ac0c2ee7359283b611cbcce5620d57da37203def1efc4eae668bf3de
4	39	a25b19efe18f0da069316235ebfd5cbaa797490afc6adddfd284822a42abd0df
4	40	14ce7f36b47cf74e9ee06b0bf0f9a55a463e99fb14ae600d13bc18e6f5ff7925
4	41	0f37950f0e084a3106f3bbcbf4598b6cf5ecd6e23d90b61075d36501a3e31c62
4	42	de2369ef4c41a15808ecc8aee35f4009a772e0451289e312f6ac7427da75f872
4	43	2c7d03229fbcf3007db0d1829de1a0a7bf257ee18c5cd38b6ce776fee203aff1
4	44	6c94c1c78ec54a4422bafa1f9695368edb408399658f5798e8f2a4c59a16561a
4	45	eeb466a6f7af061f18ac13f734109969e70f53a926940e61f5e656f087fd590e
4	46	aba7f1359000e1eb3ecf57c630d372f582a3e5c72da2ce6a584499d62a4dc7d3
4	47	ab8c3e44fac25387cec37914154f6f6421d59ee7732e198f3439fe851ccada24
4	48	29265eaf2cf92455552213942c24d520c3ac92f77090da9731d9cf50f2571a52
4	49	c0586c3fce0ec3dba6398f0101ec60ea6841ef5f8106f7472d5e242badbc9525
4	50	c578451d7cb333cc059048ff9c2e5949799c3f42aea5a60825efa8971336096f
4	51	29c56f77a4512fb0ebbc5fd00ba69d5883772e9a130fe52de26320cb17ced1c9
4	52	8d2d6acf2fc56616b9d1be1a33f95b269719802071bcf70e0172af0b4055aa1c
4	53	93e78e730f43b4c00af5516d45b2384ec242c666b6f179c95bfcd4bd6bbe4d11
4	54	17f7865868e4ca6de75f665dcaa5cee159bcaf2a22a3a2a19673b5f7232e88b2
4	55	817d6f15093a08dd4f179c866cc45b2e56f8479e0eba2771fc37b253391a90e2
4	56	91bc7bed0f63e60ad0f5628184fe491d50f4b4211d6c0780d26e5d63cb860e1f
4	57	d620f6a77e6af48d027f4eb31e5c7a15a5dbf45bcc352edbab9ab32893202358
4	58	0d97d632663805d67b610f8d3d8d0225265367221efb87e76cc4a37d6e0c0620
4	59	108244685c9bb5b5f5f1ac55e17b773aa81e934050aacfecdcfcfb01998185cc
4	60	fde48a00abcceb5fe9db330f00432e3b883c116339a4d4b3c0d2d62585fdbcbf
4	61	9bf169fbda6569aacbf29c8a91a9a5ad39fc75f97a4fd78dd33c768d54449069
4	62	f1c0c4ece7f64b6eeba4251cea0af9c4780e5babe21b6ae80be0b82cd1e4a735
4	63	ed4325fc144b7b9a8a0c3b5e3554e7edf403cd2e61912b4af0af79d19e240bde
4	64	535d1b5385a55e8fbc7baccbc815d26a8c8b8315ae358fe7aa12787738193b81
4	65	c016b4332e37f9664312324a0c54c36fdc9e24b233920e3eafb63b2962f65c64
4	66	6fa24c99b6d7779facc77b44e63721fc03f73e6387af91cfad947bf67f135cac
4	67	b89c9dc560cb90b62b03a8444b865401eb06ccf570f4a2da16c1450cd1f0d61f
4	68	c6a93af7368ff3252948795cab6df2ade4c72a293e89d766f524484417289c72
4	69	b179dc73427fdd418fe3639a6becf4e5b3f003e56e97735b13ca807e9a9d932a
4	70	5d1b9147781c6e2f4bb4f9b47bf1170a19f56e5baf96b05c6e4826396ee568d5
4	71	e0018b6dc377262fae734305f0d5078e00ccb2595cb59f332d15e6fb3efa9149
4	72	d8fa4eee395eb85f42ba11a8ab0b553e5a7f5c7573fdf7f6b5f7f6a5cb1489c8
4	73	10d188a4d58439847b1d28789c96b4485a949169e29f9d6831d8ca2b63084cb9
4	74	653ab1b8d4f8965f4ecac2d11d747dfc226c346ed301addfd73c71b0a8c11ed4
4	75	727277fcb45f01b12fe8795f2cc90edcd8c621f7b84a382d4ffdd98988084aaa
4	76	1302f393a4025c47df513d60a754a0bee701b49c4f1c242470e1bd06d920f7fe
4	77	62ec5880445ae80dc0a40bc23b9612dda078bf2b12f461df586189de9ab7a5a1
4	78	2b2dd58eb1c15eb7b589414f09821cd67ee8f246597c025d2182fc20212cb971
4	79	40d08ef8514b630d21eb307379f60fa6bf92cb3f1bbb401de4227d4fa975c154
4	80	e8136e85472d05fc534efc2bd8e045e70f02dd914a91b60b29ebd0a7a0bde668
4	81	ea85e5bb24aa52169234a557b467f613a9acc19ce8e109e8bf34a25db5bf1309
4	82	639f5ab7a9b43ad4bccf919ab045a20e22d900a6408ee0b64dc501524446ff43
4	83	e18b6c79d9b33a2908c76ab578313ebd9852f291121a87bcbc5e826eca61448a
4	84	105e18657ad8e1c71237fbfb1f483a58c8c5b849e12f8a7e3ac7c1949c6ffc80
4	85	e12a11ccf3a6d46f2b52b8d06caa81120f26caa8ae9c8c5343b8d3ce907ecd47
4	86	c4b9d7bd1b9cb1eba72efff062eaeebc74c621882a3dd8019751955cdc290cc8
4	87	0a5e8a8d3472d8ff3d7865a51d3f76f2b8879dc6113d00fb5b8972ae3e377b5c
4	88	285888b09bbb4534cd9208d7d5afb35dc859e05dde47ce1ea4d9903acf137ef0
4	89	132be4d48ff833aa82769d2aa97f38f78b3fe78a7391b49edf7fe0797c5ca151
4	90	231d48f6491e6bce452df491273cd9937577c740db3d87a6f4e5f00391abb40f
4	91	311b603ac3794915263b6fa2b4536b534351f086a6ea355600de75deb1998aed
4	92	f2e86c6062a8030da521ca698f4d12cda12fdd616781d246a580bbec40f53230
4	93	9467d0e3eb98564f6552e9772b3ff7033a135206687995fb6b08c34698e08a09
4	94	a289940423567f9227496ddb2c2267f9d4f7658c3e044ba8b721568be50cd045
4	95	a2f5488ebd7005534a6f78aaf8225b5166c4f116ae40afa2026dbcc7cc2ffb5f
4	96	0992a0b131285c8cb8a3504cc0acc21db7ad142523250e89eb9cab0b4a361d99
4	97	fd29cae410302381da1ed2c427f50d3d8cfaebf4ba77ad6cf25dfedcbad1b330
4	98	c56877457761c7d8eea3e95f7ece54591834424880de3252cffebe5c08c873dd
4	99	31e8deb2f3425723c99df59f5800375c8c8f889d843c00acc8349189c0b98317
4	100	9ceeefc3830f22277f670c5668a590057d5187e68f9df4d95f1f2089d331910c
4	101	50714fe08cd7e94c90b1f43439e7dbcfdaca9ac51420daa0376493318b4b060e
4	102	cfb0b9ac8f1d3d16a5fe738b82cf8e1403012e5ed942281289e3704aa43a34fb
4	103	09a256e66204d8e366eda4ac56e1f3905d050ea56f39fc559dc21b8737861e4f
4	104	433459f7a2e78cb6c0788f945240a5b5a2eed6ab3fa1d5e42efc8fa54bdd7711
4	105	7ffcae7d4b110cae3fc87edee1d31dc0d3a3f5696e5111edb37ca16556a79046
4	106	43c2ef6ba7ca86550457a341ac1861eccbaeab71142dd9d1ae458a220a050379
4	107	6cff89f9b8210811a844f520d7a847ac0638341afa2888892f0d09ca72d2eac0
4	108	43087d5ae9db7503980c4cca996899efeaf854696507383e20b954008f8e6fb3
4	109	6cff89f9b8210811a844f520d7a847ac0638341afa2888892f0d09ca72d2eac0
5	1	c80f74e142f6b9fa897b047d76879b8ea3bc5d816c6db050d6f54fa6b0e9dd95
5	2	99ecadaa5240e9c83953ce6888b639f370c0867a6c4799d4a3dadb3143a448bf
5	3	a9a4203e32ce53b6ce6ea5b6249f73d7606dc6c1a87cdf7b4fa626b9ef150a57
5	4	a73a63da0f77d2367ae6dde55c6d4ccdf8a880781072ebd88f5b68501861568e
5	5	7e66c082c907a00076ff9a89d3192a47c4573355e4a3c72325e8e676f31cdb57
5	6	383875ad8e8bb08e94a8306c6de4e4202ae3cc9c62f7872ce82cf305bb2ccc3c
5	7	ed86e8df8398cdd6bcab8599b3c4451fbe0d511ac5b77123a952c547f999a026
5	8	b79ade9793ce2e6ece5936707c766cd62b72cff37da2175b2fe5470a10d3da64
5	9	47ea3725dc7196e5e5d56995bbc8e4bb16d0664a1e91a9c4a431960a81fd4803
5	10	aee7c1bc85868938d051efb07b574e1451edcbae2a306bc3ed85657de0c4110d
5	11	1bdcb233a04ea48650fd763f42f699d0075d69fca308b8a305d7fb7d5b73e7b9
5	12	991b1e1f5ed3d73f5afe05880a618555c5cc60e7e416afb1a98f0289dd5cbd4f
5	13	5716a10c23ca15d688278a3b269fa59ab4055711d42f51a4d5154e5430d7e69e
5	14	f86c41d35f0564180414ca83d2b2c785722f3f41c3fc85fe7eef38621706a80f
5	15	80c397be72bbb4bfdac9e8c4f62e963000ac2eac9a2685c771c936a37889d8b2
5	16	4c394c50c3690073b6aee536b8380debbba5c68196bf0fc59b34548927795f29
5	17	24543422a64dadc056662895f37ad8a5412329aecfb1eb4001b4570a3a7fcefe
5	18	d8f3c61f872fbc84e4b0415c33b61a9968d4448d38644b740b9c7bc58f6d9800
5	19	85384768d1dd233d4d5cae4db4518e069d01428f2a44afb7c1b209e6f1d47c01
5	20	a81e26c51717b1723989f4eb981e3120d7b731401c293acfcb4d7531a3bd328f
5	21	dada3f659a581ee37a194f1013ab05ece45702e7d0cd524733e6bb4753004c12
5	22	d06d36d39bba80e1a94aba64f0369d6972f39e4ac5c0e4563547637df5ad89e8
5	23	e75413a949db1226a579df498cc6477bfa12ea8eee2b17026ad107cbccbae5ee
5	24	ccc2a79369ff0f6349df45f8c79baf651d99b3efc832f3734f6ce9b07def0d68
5	25	e5a2ea2ae469fe94e3fe7a7ffd0892d89e79e609b7897ec16ace698cfa4c72ef
5	26	8066850f59527c36bf5f1cd11ec6bae626ec9f52145aa7353252d375c4ac1a97
5	27	b5c7da6157aa6509bd9b4b15c20ce50f51b0179b0e360fb363a8cfd945bf840f
5	28	3bfa4b313ff38d664d65c023e36d2af2a7e1886c1236b2aa44ce2c9a9cbd1409
5	29	0e02cf31310fa364f77dde034c4c748566e1c5f5d286cf7b4bfd7ae327592bd5
5	30	d739a05b126ed35f1effcf34a5de120d7d74c7f0d15f05b99adf4a328b839b9b
5	31	3a5db3345b5f109c07d1edd2124a9c0d65a99b69060e452280d209f23895ed34
5	32	9787084499fdd348233e7c3d897349b012b658d71c6a1b9f2aa444dce79f3f99
5	33	16e35754f939f306e4bcb23061832165a511e9cc438bb83530012fc5b9006d01
5	34	1d7f10e8e6e4b52c991fae2076d9d19da068960833f5326ce467ceb6a601f53b
5	35	0e00c4771674dab7bb54c5b809d5b61c6ce011757e227496bdb05b2c651f7697
5	36	2ace3e88c911f2e966364aa2fbc59a2fbef10eee134b4909a559b093d6248dcc
5	37	552e1a9e085459aac5c85eb92c74e6b7129c35aff7602a37f8e654c163366e07
5	38	1f427c6c1a2643671ee6bf2cc2b350cc985217af836848c8bd07a9673b630be5
5	39	df3f4a7873580c37ac8828e43c7ba5c0490ae42e6a31472fad76be33745b22ca
5	40	818b69035d7010df87a94b5f68eac8873dbe0c3be08f0f906c10b82ef366a5d8
5	41	ad309a0e1e3f1226271bb4a21af8c9db83247c9f4fe1b57bfb182f4349cf2b6a
5	42	15e8e868ce7aee6c39b3b38ca62d00afae7bd37fedef1ab89be51f829ca6c1ac
5	43	f3b695cc66ea0f53b107af6405166d3a452f0e48dae1b8d5d072cc737972c456
6	1	651be636f54df3ba7c6f66bc2ca368377c284b5f9f3cd4401e35e6ca9c14cf7c
6	2	2eca4ab00831a4355d92753217296da8ad7e1974cf4f089425f0aef49f04eb78
6	3	1a25748f807642b03e0b8eba5730d3c02f8a94a524d3cb7a89a1b3c7cbfdcd7c
6	4	85aacb2fe14cdb7175af44e00819dd3247723fdd82b4a115c6882dcc390f7826
6	5	04b2ebf1d522d4470a17649f24b6497dfdeb121a28cb493760cd0113411b9349
6	6	1aa28f0c4128fc60e14f8819a03500365a74b2880f5ef1fe99aefcd5ecc99cc2
6	7	a90437fe15761921c1389ff8de85aedcfbf1bdc87dad13ca3a40b7457f3a4114
6	8	8aeb893d5745d009e9a232d8757a9107eea663a19a3babd4d21b0eafb5909013
6	9	280cfebaab720ee8424e0a674af65eb0e644171e8519725c2f6afc39ecc08db6
6	10	d1d680dcd0195844d8255c4243d92d5c00065fc94e73710ad3f7874df8938d52
6	11	62afe7be7ccd11bf1c046d38ef114a4e75e425b2fd186e105aeeed833dcab3cc
6	12	6146d672e3b083d875fd177ad901f04cd0e3ee8142ec9647e80c99538305b3bb
6	13	273209a928ceff670aa9ea6bd8887857cc4961f26f94f24fdc7036518c2c5589
6	14	713ef8a8697115380c9ebe5baff036e6792dd52b61a32697780d60420c1eeca7
6	15	fb633759e634e7a4304af9d2e74f21b78e656dd80244ee2ca0ba3f7837cc7572
6	16	53f1e4acbbd151c4969e7bac2fefcbf07871c44e84068db0d9af4802f099cd54
6	17	650581d97f1add2444b2aeb6bec18c05ca81759bcab5f6f6cdf6b8ee23da535d
6	18	7108d2d5f52efd46c7e11278cff460ac14c67fd1d64874611702ef7b46435eea
6	19	c598fd6e0a98d76bbe07e77003eb6f371a6f79a6ec40955cf891b276ef25084e
6	20	d45979c650ad087cdf71925a2a434cdcea3ddf79a8514fc369d50f72a071e439
6	21	deb82765a5c1babdb6d9f06ecc174541967f04cb85eba15e5fc462ec0ff64d48
6	22	9d036cc7fd0fd8ac76a9d57bdb603b7ceeb1238701dd5a502cdc3ef0154b7323
6	23	66dc768dc42be4af897af82f8047d2fad616730c74a0f7f82a603d0d2b579d16
6	24	7ccb43089d93db173907a431433d480e5bd8dee729bcaff9b94f1faad0a46117
6	25	e9651f9b8adbdabf44ce82a08458e518536044a88d717628ef0677a3fb54c612
6	26	bb62ed2a467b1c8234b69d6c204f374576d56812864c576035c46116d5b0d85e
6	27	fa54d1e8a4704a10adca81c8be245b03dfc8fe5bbff05beeed112f33dae33ac0
6	28	c412d7cf2645fbf8ce0fbfc59193e1276604b9dc9d560fb6633dfa312fe1d0d9
6	29	89c7c47d08a8d84e76d88df45589dccb917e33381925c4c9078f2d6744644168
6	30	66eb8173b914928aa954b711bcf72b9f19337434ba7a3c4be9382f51f4a918c2
6	31	a1334e8efdc70c9858b5c5c32306206a33e5e144c43196fa2e6a762b471c2fd0
6	32	fa7979c588fb8fb74231ba367910410eea857934d553a35f64e7298ec2d3efa5
6	33	4926207e0d4d3b445123e32b0161e6335d7343df15e9c271b2aa16ff3ae00367
6	34	b9a163c0805c27b6be821fe849fb71e0800a4789231bdc5726e2ea9180fbd3f6
6	35	c48613952fef32d53595eb815962c5bd41ed0bc69d34f78f3fcb5ba016eb857d
6	36	011581bd047b213ac63fe01a619104a168b5821a5bc71e018bd0eb3da2f4e746
6	37	0b214fd933fbf82c99d00043c98263905a075c438a7d0c2d3da6abdfe95d001c
6	38	87bc3b809f8fd0091c4d125ce9fc37dab9788db1324e838e3c7da19c48794aed
6	39	1f8eb1cc81f843d1b0bd0a3369a6a90defa494d20cba16d548a6b26bf95c35b2
6	40	522d8c5c601109802537ce8b6a9856405886fdd5fe280f540e0890ebd67d374f
6	41	b0134297a55b44fc4610bd8fb5617aac067b92c09405d09979999c32831bd9ff
6	42	549814f0f5d00feb7faf0a9caffd1ab9a68a57976835ee5fb9c439e869fbb276
6	43	6c7219ba3cab0560c6a0724bac43701986452a638ffb606983d8d48e695f3bcf
6	44	36598332ef13b912102c8a07e6545b5b91a7112800f6ac54a730f4a5022da6ed
6	45	d527f4a1183503a363511c60e21a7ae42c1102cce57fbcda357e61c4fcdb88c2
6	46	9d217bd4a0be04bb36a5ad99c1ac6825a9cf7630e994e08190003043b6f4f95c
6	47	fe0b913ebfad9c94d85d575e45d5ae9adc08aa19d7f178f30164146f2cf75ce3
6	48	f3b695cc66ea0f53b107af6405166d3a452f0e48dae1b8d5d072cc737972c456
7	1	b663643dcc1e960eb289b275e04054ec2f5b7fec042c4f836003d3c3cf6f103c
7	2	19f5d2a9d02c341919a9ed6069466ed5be4475d3392cb85ec5a98429219e2edd
7	3	4735608d0dc672ffd2c05b4bcc00b8cf8d0139eb51ad4734d18e18e59e0accd9
7	4	df09af3194619597f4c4f40d612b8607cf308226329c42cede0ba5d70948f873
7	5	d98dde5df1ce4fc2df1d0777de0381b91987f8c5d8e35ab2384c7220100481de
7	6	7a7a84e8cbb425c1f4cec9e820e6cb1922d21ba49bb170f17831a3352ba4047a
7	7	338f824d11f0c5f1e95a3b2395477386123741324845ceed53811ef4457205b7
7	8	be5ce312b96ee7fe0c908e94669d1d4781f112e00c7f19e8eb84ac37d98a18cf
7	9	2df6e4d9417aa3d8786afdddc89fc07b7be6b0fd41ad9e317d604066000b15a8
7	10	754b30305a0f42e4e4f98a282bdcc43d24ba19331c90c9400567f4526537c6c8
7	11	6bfc26f1bee36e5123891d0e8ffadaa3246e0b9dc8343863281c0ab2eb53ce65
7	12	576373a8c15be7b06fdf700cfcae385fe33cbdb35129ccab26b5e420ab032658
7	13	ac35c5f62d8a2c0d266e132dc5ed46181e6a22288bbc1bd8dddf0417c3f59f15
7	14	5f09140b6b6489b7f416839ddcaf00c7d0d8fe84687b08b37dccd191d9bf3541
7	15	ce8e9c6e17397e9b1d155a9409b9fa5c8a2bddf3556bab098885dcc92a7b489e
7	16	24546781f48421a15860a94110ef335eb2c12dd782cf747e75504f334d0b2dfd
7	17	5a5536657bca6362c110dac4805963f83e6f4f5a1719ca6d9c54b29a1e2d61cd
7	18	c99ba239af6c8f7d9edccfe47a4b2fac59e9f9aea42f26de6c51d2c3c0c62bac
7	19	ec78936c0acdbdcbf6043455aea9ea51db4935d90b5b04e8b4138bb1de094913
7	20	ba7bb5d4b99d13c72d973fa3ebd2979c1a27dd84c4a39e17ebdbee0bf4c3e296
7	21	73e43a37be18c862a149d268ec1e2a30175ece5f16634c47589a7d5b9a5382f9
7	22	916ceea4ca97e356b547a86b2a0eaac52435ca97c123b56dbb5176f9501bac63
7	23	df98a30b2f16bd6a3e8ce0437ed4971c980ef644a121c1130cdca5ec06c74c06
7	24	c63be0e3486847772d89a95a540af4a8b457ce53d24c680181f7467337d0ee69
7	25	f3b695cc66ea0f53b107af6405166d3a452f0e48dae1b8d5d072cc737972c456
8	1	9e467923e92712e4232d621cc4e25a9f7e230326a889be82769b0c1d12f358c5
8	2	bbe8e21f7f953ab69b85dee4350759eef9d62d80a0808fbf526e58690b845184
8	3	98710a971fb1ddf1c77fa9db9fd5b989aefc1648030a8c553c24c75a67ab14cb
8	4	65510bc219e32bd700569aae703520b291711ed680cc05afe9de366151a9bf58
8	5	48d8852d3ae1a72be981a7ac89548a3adb67aae154b334913d1022cc0b68a414
8	6	5eff4205b4b18fb1c2453568817a7525838068e39458c831696c5b367d18c05a
8	7	b09fd84412773f4e18823d7e5727f7203e3705399708f8a07fc236be1759d5fc
8	8	ff8d0bc34d93d0c5d185b4eda76dcaaed2a2f60cfe88060335bb62febf0631a1
8	9	cc29d945167182cead3cfbe03a17e6f2ebfe5f71c2085889f9cb6bc09710b581
8	10	28304e31ae1126086be04cc75a9eee2f923b871aa4c0fe6f3cb6416eaa21862f
8	11	33e3e946b46529e5c22e24cf26ec5be185749f762ad8cb710e1217c292c2a1bf
8	12	33bd3945c8f5aacead9f8119026764caaba96278c3cd6ceeeaf78631105e5872
8	13	0fb8d22a74a5334965d1c827159ed67f6bc8926b384f4dc9cc62a30486644814
8	14	fce3ae196f0c18038bfd61f7b94433096e1fd1b29c5610ddecdd5d7cc613b240
8	15	6e8ff8c59710f46b832e1a53f3c2d00f25d323dbbb3004c39f6ea7e01c594cca
8	16	bd2431399a837a694b86fc41b1be8aff016092e150360e5d730cdcd5b3b69252
8	17	682176daf1c3ba59f0f466eaa16ea19bc4ac17e68c738e0b75c21cb945baf139
8	18	83dee77df1382053b2e15634f9666c397ad3505cf1584e6ada2df0c7225be170
8	19	4843374afda89900ba9bb08201f85be001ad8c90078199d3648268b503af622f
8	20	164cd5636b083c19a3b8aee125ac079af02703ee5ba56d3bdce4321aa60c899c
8	21	63d9cc1c8382eb83ac2e48d5d8d7cc3d874bf0b764284a7881c2058ec704c1c0
8	22	800ad811a67f6db540373c32a620cf16bfbabd12cc2e56b24e56a629f7a6768a
8	23	e4f3799bf8c6c2623b8b6e593125e929f535089e2bd320bcecbd1deaebe20991
8	24	4d6e2b9d2134c42ff40aafeae7ae628efe6b0212881b9b9daa0db0d808e279cc
8	25	6ce908092159dbf3aa4eebb50a584503a640c7d3103e9dc7483673f0f14e3ba9
8	26	35b5fccb82bf623c83311c937a303fc18bad779d5450c9be3fcfb06c2a7e90e9
8	27	f93ec39f8e6a89c23110a9fcdb6db9be2caecff90d7432b50f861a5992b0ddf4
8	28	dd9a11a953817ca46c97fd2380973563ee97a8579e8e8c74d16a1db048cbd405
8	29	813e079b8757fdac142fa37a477d42577e7eb92e96b95f3019369ca2ced7ac9f
8	30	580f74cfdbedd30714b5f440a9bf7c5b3170f48a1d69832a01b26ec272397cc1
8	31	40d3d7f6807cad3e574358dc6366dac1788d16b2e09dd2fad9dc795af3edafe2
8	32	3d3064b28b8fce7b3406787d639b0799f9619da4e4ad75b8f50399981b1b33f7
8	33	f58fbe58fc64335f4fe6a4fcde8f6359d6f216b2422ea7712175ed0fbeae60f1
8	34	b195880cf61b827df3812c155d92ea4e252555e77dc0988161e48345b0e446c5
8	35	2147f9d406dcd28151296ddb26465ec244facd4d957530aec6389e8495084220
8	36	9c38e69fad501ead8f77353806a7796b2d1255cf9bb479abd8997de47e12525a
8	37	8dc9856f03feb94af16bea482018f6178a427d2c1178297744b65fb3b4896e72
8	38	c0f9ede20ccc74095c6e29dd7a096e016976012c78a70a95d9ec29b504c87753
8	39	eed672a997e6508ee1ae53264f232ccb13b58a5a30e6c51d41b3c57fab5b2ed8
8	40	f3b695cc66ea0f53b107af6405166d3a452f0e48dae1b8d5d072cc737972c456
9	1	513c1365e0f53859c7273cfcd646e01226f8f7bf9065da5a5de89f662f7c66f0
9	2	8227aa08bd7ce809494474caeaf94e4d7317eb684126e6c7189f8c6d5b5b10cc
9	3	9418ceec73c45ad1d61c2b6e20af124f4a050e2a4bf9407efc724f8df9a4138c
9	4	ed444177b8f3255bc8f151aeca6b4851114e8da0cc5f8d8c9ec1ccf370e4aaed
9	5	3c474d1876fc9e722b28c7c6ebd73cfbda6e29bbd711910f6e060dd30e2bf10d
9	6	889ea076d335cdff06bdcec6b13ab9c7b660028acccdf6457b5b9f363c4058ac
9	7	a3ce9618e3c33c58aee4db840b0c203bb16f658219c254d9760fe61015784302
9	8	cf727e689ef484c258f564bfde82c1fae6b40e9725edff4994ac7542f5c6dba5
9	9	859e86e7577fb5c0b3f34c89611bf3aaf2b8ab84504d6668c752aa935c705eec
9	10	0afe378c775bc778c66a9e94fea5ee3c61b52bfa3432099b7ad65a90ace417d5
9	11	62259ad40369d32fa231698114fd30931ff1c4ffcefff83bba34f3ad64aec959
9	12	20616c435d14ca35ccc03f7d290a6ec789b858c9898a60af056766a5865aa1ca
9	13	e0bea87fc9d850d31e74c44a7fe8caa4019b421bf6583967fe0f789e04c95cf3
9	14	54657540d7c07699c4acbdfd14e0fbf160a49880df8b13058866eaf60996c614
9	15	2d08ee9501224f6df4d3fb98840afa78f7200591756fa63a3a9b660fa512b289
9	16	05ae82e261962ab7e30336532d3cc2e9435fda08f24913349c2dc56c4b5803fe
9	17	5f7cc9dc9046b8f70a666b7bf35a17a40553c98c72de120954bd0dfdf67e02e0
9	18	5ea6abdc1ad2e8a1841f024e127dc61275cb9e74bef463440ee5a879ab0a98d7
9	19	e2dbda7343fd87bd234ec8f9e6db7f04855135393b205b6cace64a1f72c95023
9	20	31171d4fc46877cf56f612d9d26d4a5631548525746d65924e37cc924690e371
9	21	5daa9d52d2959f5fe3fed2d01a3623a2f68ed8c74ef9071632e95db0a61c718c
9	22	d02c6aaa0799a78a92fdb550552d6aa09b0ae76828a2a89b3f9a092b3ae4dc8f
9	23	ce61116fb4af50c8986e9a8f0e01bf6ef12b510729d7a7dc52680f1d94942ad9
9	24	ead30f8b0eef30fe1faacea865d7c8678c6367e4d47ceb818e431b342b99cba5
9	25	5c5baf945bdf10321e655b24ed59f4ee9281c6755c5ccf55282e67194fcb05c1
9	26	e5892aa9728efee10bedaeda330e81673ef8092d27953a8f5ee069a5e01504df
9	27	473f6899ee828f4d08319f1658bac299b16d0d53fb4f1b53076503f5a85f71d8
9	28	df60ccc6b2eacdced9ebd1dd24471b01eb280f850e258ec303ac8078c28870c5
9	29	9ccec0585e38b8c59a0cdbf61320fdb4f00b0f89e7ebe6100ebdd97c52ca0c02
9	30	0e37843d33254422280d8c73fac3592e89c44a148a1a801f94f07c9aa40e5a28
9	31	e255f4ca4d54a2e2757a9543093ca82c9c32b97058ccd06952362de3666f46fa
9	32	d397b9e3a30a6b640ca6dce1c6c9d6b0084be413f89851eff79bee60a71ff048
9	33	3613aa929447fdd2073121dc6fa9525d4ee638325c09e711c06eb251442dd274
9	34	51492b33799a9a80636561d5a3be542e498a7beb7e142f297cd247442d881f85
9	35	d9628084fd0a9a5c911b62c6928fb67cc8116d250bcbc42cb5186ca9bd686b7b
9	36	c7ecedadee36de740404afbc540f217a956d8954f365d745f7896ebaa6e4c384
9	37	5f31b6e8ea3317c9f6f395bf1f04b78673f2aa15954f551f37006025e46dcbd2
9	38	9ccec0585e38b8c59a0cdbf61320fdb4f00b0f89e7ebe6100ebdd97c52ca0c02
9	39	7a9a2c31c750856037f931b4c8081c959135b35812aee3ad926884156ab21904
9	40	f61fc4731e1fdbd4f95af73ee3ace0c6adf9b7a63688f82e4b0658bf8e1bbdb9
9	41	1cb83701412f16681dd47a6e323f8726ac790c8bd2786ed3992de65f84f33a0f
9	42	cebb7b334fde8de5be7b0cb0bfd318793ab71e3cbb73358cb7194b694faf41ac
9	43	dcc2aa35436a732ab28f7dcdd764cb55fa31461456d47726a8209fe995694692
9	44	5c8554952baf6429d78636c40397d310ffac827be97df0a24afb205116db3bdb
9	45	a1390667e2181239e671764aea10b49a0e3c3b117cee406bf11036ebd953e8dc
9	46	0c146f35f0f9aabc2f53115d10b2cbb0e2e71d44f6ca343cab72b9eed9f59b26
9	47	6172f025561389e072ed252aa016917af0fdf5dc081f7ee9c35126b4765072ad
9	48	e52e03994147056c6a4ad5adfe68b8a3be976e60ff867b00e2b9d13158b9c00f
9	49	cd9d7c37e79a989856c1429648757dba1ce891d351e9274ede22f50d569c6fdc
9	50	b26edeacb1d5406f61090b8db413b9ddd4b7ef0077013b38980fb5febfb237fc
9	51	91accb0dc319793f0a1d4fd0efe4c7131156e5f3234988060ceb06e81766f35a
9	52	25b8b6a457006ff11245f27620c4de99453db7a1ff6a9096aea943cfdc70e72c
9	53	9766e56c445780fdbf57f40726fa7367918221f3b8bbffc28aa5bc804857f1ad
9	54	3917847765218c0bebd643638a2da1394b5cbb400f8b067b3a16a5d6d5db5f90
9	55	7806f49b0799ec92012bf3a4976b36e0298227f4f387c57acba83d07797957b0
9	56	77aaf12df2e94942f836a392d2f2f27dc66f74983e77c98f6a694e6a1e1f4ffe
9	57	028d6b8d4f9310fed9c16b26fad451921bf32e124c3b41a519db42b5478e2f62
9	58	1f147ea0236d6aafdb4da993b06113da07c62ab97a501de7d2d1ca31a76d2f58
9	59	a06b506ac8e0a3655937f2d239d2e0d1ed1cf91e285afe737db1de004f8fb8d0
9	60	c03a46ed9c5bc1fe6ed5710540cb72c5fcc2031b9bd58a9192ec64c915c5bdd1
9	61	767579edf8cd6b0e69b57adcd6f27117f35e97ccf344219da76eb5d6bf337cbc
9	62	02f1c3219056f63fbd2cc98aea2d5686a4214b0e83c1724fee97f423c929d37e
9	63	fae40691075a0b39579822e300f35b2435f6d7cc736ba084ada1bef0e11f4437
9	64	2c73d08e628921658ecb2105ee5a95b5f19a0fdebd96d47acfb1552b268db558
9	65	25c6999766e53527c3c48373a1c1512fcd417c288552b360fa7b26b5bd9e4b23
9	66	0c39243ae8f6b2710988d113ad6aa6236f656df7e39585d89d71f34379a5731f
9	67	26bae8918a5f8136f9491814058524dfc8fcedc76a48162ed940e0b26de3c0ec
9	68	0729cf006a03ba2a2808cc7b42e62535394ab20607cc4209b41fdca27d6a7abc
9	69	e3613d02ad6f64390639c84ccce5483d6e13ec7786e5aa36097a14cf0a2a4616
9	70	48260bbe5cac53fd9f7badb4044595361b65a00df30ab5d2362ad1da101da6c6
9	71	113075fd3d263b5d4ae324aeb8018fa83ace2eabf67bf966c43426cb52c7b7bd
9	72	f8b90109e36406bf567d3ac8b29cacc53ced13a0583d9b58986f9276f853f8d1
9	73	a8a7c36cdae24521086dd8fd580018579a1eca8e1f2fa0f1eb0aa33ba05813d6
9	74	d7224a80da07d347a4fb4193a888957cf70cb4eaebd7910a2ca79abbadd65d4f
9	75	5906cf31e4cf1d271f2f0e48c0ded129c56e1c206958814fd339820e039b4ee3
9	76	f2bcfe321a8444abc2ad40eeee29256f324f73d6ded1767e9c7e8ec1369457c5
9	77	ad3d3becf5ed84093fc53b49b4a8abd2115d03d4098015e15c1c1c81bfabc4c4
9	78	e069de9ca35407439ffb3bc2db21491939c279fde3adaa296a41b595067eb5b2
9	79	6bf2243e3c2580a76efebe336f55209a9faac59e301a56d1b556f00d68041d13
9	80	bf2d724431f50ffcf9d9724b21cb2f2b1f3f9df7da431bddd18a4bef4dadc838
9	81	e3c2db367801686f990d00af942939fcabefd71691fc6354f5e4ce00f8e2f909
9	82	c2db0bd1c959e19f3ca6387ef745563ab9bd3a3e415c4d38e7a8d96118f09a1f
9	83	8df210ddd7d9eb353433f1cd9e7290e2b2997d8f66c87f1981fc6eba574e192e
9	84	2a00c4c2ae064d0d199bfb695172bc522b2edcf5d980d723a7cfbe0b60cf1860
9	85	e26e85e298df9355580af1c5d563c2fcf3e30e25d0175ce1e94f60674f3a36cb
9	86	6f68d7e753678769f2843e0f09d11b99341cf6f57b63370437c0b8aaa23a1720
9	87	e04ae1f469fff427486d6af640799205fd4b9e5c40228340055fea951995c7c3
9	88	2fd0e301f617473ff1415101c63a672f9ba3c97a9f45bdcb3197fd86075b3392
9	89	1540f5cda3d92e3ae877c7e105fb95b419a0a69e489b4ff2379c2b9070e427f8
9	90	d96860f47171a1f68c13b2097bac57d9aab6e2dfd67cc7f3ad1308df37980310
9	91	543e1510e9d2b8ecf467fae95c1a8c7c2d791e2b56c69a5c0140ecd615538899
9	92	d46ab32e3be28c4ded9a416c8928ef765b4571bc9385e66084331fdde4ada7eb
9	93	cc379c700e8f522517b638f5f377069e036f643c63375073b13417cbae28f08a
9	94	4a5701ddd39cbdd13e1afc9d2bcd3f2a3a82505f901e1f6eeac14762f9b04a3e
9	95	54334a3aefb9a8ac4552bdbfc7e5311e9336382b6ff798ec395bb2a9b86bb16f
9	96	0ece1f0f63199391494cb178eb2bf73190884f0512c9457b65db9d667deb03f1
9	97	f3b695cc66ea0f53b107af6405166d3a452f0e48dae1b8d5d072cc737972c456
10	1	e8ffb6801730e0b1acab4892b998aa32e40235a0e4940df6dc3d3ed5b88726fe
10	2	74f2eb0ef91cd52b04dba1e5a86d8d539b8dcb59d04621d65a09a7ab9492030b
10	3	db5c7aab641b9449f4d2bf82fad73e4148c8e0ecc4ac22534525f79bd410fa31
10	4	968a8d08ef1994349b5270eeeeaa5bddd0643f35ee4056078053e62efde64c18
10	5	b558889dcebb1985937c12c2ef99ab7c4f6318d99462de6f31d92b2d42a71621
10	6	a536904d0616430c23a4edc6a015c34da4053b0f797f5622d348fd971f340c7d
10	7	968a8d08ef1994349b5270eeeeaa5bddd0643f35ee4056078053e62efde64c18
10	8	c37a967609698055578141605d801fdbe0a449924fca7c85fdeed0dc17abdfd3
10	9	e59e118236a8bf987f9a80eb95e6a01711c78821699a0b26ac9128b4e2cbc645
10	10	c73f054b0e26b958e9e5ed5b0b20209ea8ae6ab59509455b8fa9f947f35068ce
10	11	fcaab3f62ca8da8884e1d1c08c79af0699ba7af59e07839f13fb77cfd8416a16
10	12	dc1f952c4fafa368698269f1d2416cd27fa59393db4443692699c0b7bb18f015
10	13	a416527ae79c9cb0e362faf4894ffe15c5de6e92ee4e2587c464bf1b375f5b15
10	14	ce26cf28b100ebc41a78b54a1d8bb88f6f57da7faa2e5d913a98164ef4884ba6
10	15	bda471d3a5ddf60d47c59017c122b5a8d35e3705e77a107e695c1b0846322fd8
10	16	d370c031290afed135a99449441b0d208f0952f9746e41c2edea03bca12c9461
10	17	6cff89f9b8210811a844f520d7a847ac0638341afa2888892f0d09ca72d2eac0
10	18	ebcf9d9cc3a5184fe588369c8b6fa0f4b19740006134f7ac5223ad2f6d9410ec
10	19	d68124a1ca6069a5f4f74450b8686727fcd8dd7ad0df5c8e72ece3f3246db43a
10	20	3657caf48ff30b76f5911e3876b727e2a867ca0ed2c3be9ca5351376a45987a8
10	21	4d8153e0dcc911e66e2ee1c9e5c2017b203b54762ba74d5ab06e4c0a93b0b34c
10	22	597729533f4480c462bbbdf6dfc2bff7cd6c2b5021d0b7f093ec7b5953ee5df2
10	23	46236b9db0744a2c8a88b8f81bea9dc78bbf455db5c8a535211417953a87e9d5
10	24	ba17c01e1657b5bca22970dd85dc165cc755c9ce228ce1b0dcbd17beba88b309
10	25	b389c3ec8bb7bb8a760b355722f728d6457eec82171b72e0863ee0e8f5ad31f5
10	26	b77e8dbda42a14dd68bbf7749aae1ce0e010fd1490f3ff367217846c5a502489
10	27	8430ac67430c69fa5afc512b61894592fcea69568d2f966ab896a079d965035e
10	28	267767d4b5d95c4e631acf51e4a04f5a4940e52cc837284f0a3c7c0f228f7021
10	29	85f8bd3b286ea3a299d3520506e722ebd8b55f0abae204d93e8d8a0204d6d38f
10	30	40923216083d829e1ed9c47168f389f1c8ba0235b6dded65be215ad71b89c8d5
10	31	b3cacd7fc135719a4f0ac12e58bc2c5f2379e8f8c38d1b910c4ad035e813578c
10	32	c1e8ceb85022f22c5e6926f20d9fafa185cbbd886b5024b4055f0041ca796204
10	33	48db3093c42bbe9dc09f1414ad7e50ba544101732f3d80ee3eb788bd5d19fcce
10	34	16e35754f939f306e4bcb23061832165a511e9cc438bb83530012fc5b9006d01
10	35	aeabd1e85421e1cf7f27881d41435c2fb887593dbdb26b72b8b0d9e0bb5a7a5b
10	36	40d1487d13da4c7e59ac2a416bafb6cb447e4b5ed6e773438739e041f9e957a7
10	37	28f4ee362c000437fc898be122f590abb60289910ca63ee7e90aa2d3eb274c02
10	38	5b6325d9034c691d236659be6fa3dd823b590ffcd840635a9e00f94594e101de
10	39	0842008a111ee14835f388d73fb70db81cc527427be335679a70a083014a9b8b
10	40	8b6721347d3393adedfa39b87fa89a98e25caaa8dfda777b641bbba5b93669bd
10	41	cc7a6229747a5bb466dde3e825947ee5f105eb70d1d107ca474d879731fa890f
10	42	e077d00b580b68f19129d2abd663c3be71668081d9559100d26d810e36d378b4
10	43	ce0bf3ea33511ff34fc2230d311ead3cbaae9ba6d15b5bf00cc3dd43d20004fe
10	44	4629d2c523a47ee9183968bc332bc8f9fc51ab8974b8ded4e615295aa38c4fe2
10	45	e5bac3eca3462de54681f00cb2ed2abc5312196abb45e7d782750325d8a9a691
10	46	cbadf5768ced1a8c23c75a5eda9d80aa1142f892e7eb3366c9a82efa2e2f96ba
10	47	38940cec3f51447513f63d48cf646e84aac613b9c19566b82a95458ecec5c5a1
10	48	24e14f9b74eb16f0b30670cce84462dcdc6c05ab32f4373fc57346062f095192
10	49	829e39845112d3a2f43c51a9ab2b3ec43a441b3095930eee11d5fc423e01a595
10	50	fc807a51de8563016377835fe223a20f1fe90e220c9743ae952c4f377d6abece
10	51	6cff89f9b8210811a844f520d7a847ac0638341afa2888892f0d09ca72d2eac0
10	52	7e9914b971a85de1ede55b5310f6a78011ada0c88722880c49e76d62645ce760
10	53	fa0fda38df34c31522ed4adef5f18833d350e7cdcc9f1036f64716a8943c6ecd
10	54	6b55d57d3d4bdb2b01a41b00d21fc3dbcbd0b8738345d3084c4b556818137452
10	55	74c3ce3dbfd7525c0472ef3ee0f21000997954a693d5a2e13bc8907082e7a808
10	56	58049d58274486a989b31e28bceb0069db9d908f9a24ed3a5bf5da8988acfe2a
10	57	995822f1d3adb64a4347df94adde8a6a07591f712e4a8703579b1c0ef7e279d7
10	58	7c93efe5272ef2617b6c1b8e77b7f4e473f6c75195086d3ec5ffc2e6bdc49dba
10	59	5274802b7eab6d4490f8abf25fca3941bbd560458ef332a539d11428125d6793
10	60	b100d691904f10cf0140cce147fde0fb0b765fc7faba0aec34b0dee13ca88040
10	61	a2cad16d00195df8b889831e6151c73274dc85fb5dfbf202cb26ce4fa1a3fbb9
10	62	84aa32c19256953b843bfeaa1b88dd57b0f0a845ee9104495d7dfaa1bf040ab1
10	63	61fdce61272d8d5efbc1da4ec12a81b5f6ebcdffd9730819b3379c758267ab40
10	64	34b37c6cf73356de594941513c08e48142ea1eda047af074945b71831b3972a4
10	65	bc93d7a61e8120b9c62f39e5b9d81b282ca40569f612415bb9ee46881ae34528
10	66	f3b695cc66ea0f53b107af6405166d3a452f0e48dae1b8d5d072cc737972c456
11	1	84cb8fd75fa54746cc982bccf88a7b2a0d27061bb03c3c63ad19fb37dacc0e29
11	2	d61d9ff6c545e1aca2d71111449d87b2af083d1391b34ea2d964b1dd4843d47f
11	3	4796c04ba6fdeb0a935046d711d0643c1c0da4deca8a922754f8008a79070d1d
11	4	d2efd9777368899d85124e2d134c0bb8f7ed9f9a34c3dfd8031259249dc41acf
11	5	b94a1a3ef446689850d5b11a266bee74d8bc4fa06777d410651ed0ac000498db
11	6	f9a10ab8b5ae9c905752f832d34df3e4d27456889d386529ac2e2a3b9e02fd89
11	7	93b9d5a10564e1a7fdf8c61db73864318ac5134e93ec774728de992064969e3c
11	8	accbbc9acc077bb3a5c7b7fdc65a95387bf99552e92af0a6ec74d378a80ef6f1
11	9	e7701a69a28f864e052e527a98c36aacfda81c3d79f9ece1dbfca436b80627d3
11	10	81d602d10badb76624f3ccb6ea00208f58e916fd2c87e4dead95efe5294189e4
11	11	f3b695cc66ea0f53b107af6405166d3a452f0e48dae1b8d5d072cc737972c456
12	1	9bf56251f8f3297d4207b3e4f247e4093b3e890fdb129aca42999b61641467f8
12	2	4823eca849fdaaa4f5393ae9ab476cb883cb19693f378eca20a1e70956617240
12	3	9aa388ce2b71f4484c799c863cbf7b27a2297ed46488c5f0b813dccee23c9823
12	4	5bb38e715cf10ae627b05974b806c286e1de89d01b6f5f1823f88919b6e57b42
12	5	dfae103a8641800fec0565286da07b9da7190bcc11fd1857db5a6e5660cacb86
12	6	e2e03cada7db7c9a9c75ccc0e461b07034e15a0e386f6ce1ed5cb325b8b8fec2
12	7	54aff073279b14b56d705502b35fcaf3d410843ac88964c0649b3e6791a86140
12	8	1ca86ff89a987d5a12ca19350595ab108df2b8a28beaf18302b9afabad671aa8
12	9	adf3b8257ef5df605c9cb63d5f24d848e34d7707f73cab98e13f63c7e74caef9
12	10	414b493308f2e4a8f8a68b592da1d097a51b2ce46f6c5deaa1fba537f61e07b1
12	11	b3853d9dcdeb3cab1db91204b925d6734bc0a4d7c8444fa66b309eaa93f1c0ae
12	12	4a13841eeccc929707c4141e14dbccb05e6bd5a2b8eb4b732cb81fd27d1f5bfb
12	13	c31597e432f5954aca2d992362fe36e9b6f6d76d1bc182ff5cd70f321dcbb89b
12	14	404f2e2f5618a0f74bccc173cb38ba6ad3a00d22dfe10d61bd087e699906e30b
12	15	1b22d88dbb8a139d753a62b49389a22aac5183f895560d1e207aee7b3531c1a1
12	16	6cff89f9b8210811a844f520d7a847ac0638341afa2888892f0d09ca72d2eac0
12	17	90f5c8bbc52db78e71a6adf3626a7ec51252a22ce3caf61a7ee53713eb669bf9
12	18	7a5e5b8758d06048eb9a7cf72b42823a5f0a58843ec8299ac1620baef395795a
12	19	06abb6fada3502d441c00769c334b7ad95dfa0c958ddce1bc4934bb7019792c0
12	20	311cbe5528e175be1c3c0b37624769db90a51b40f93494835a1c96f052b0b1f3
12	21	42353ab38e541f3b0aa95f5f9f3dba8c8eb04be2db5d69659754fcc8248c7ce4
12	22	c1efd7a6ba3e1040ca0d9f0b0d28be5f76dd0462107784431bd046f5329cf22a
12	23	bc35aa5f5ce5859fb86aaca42f06277fb64afb5bbb2d0bdea25f424f4ebca81c
12	24	9cb139b0fec955c428478fef391158f21170272a8046d0ccca3e97f6c9ff2b0e
12	25	c6b73f109e34ef1bfdf8095a84dbaddc5bf29d0d0bf39cbe3df640ce33148bbc
12	26	9799d33ad6018e5e9c766b6c49c34124a5b893af8ab2d3eafac0a61b6291b98a
12	27	3756c9e68e0d7d2a92b88d0843fbc3c60ea5757332bdb29c7fb9e916fa697400
12	28	11b8b3a9f157fe21f5dcb99270be8a065e52c3439f79e0b3a22b364abe50a536
12	29	4427f918c10fdb2e2393f469aa594bf8a6e0b094ae7d0568803cacaec82b3dcb
12	30	51800dab093d8730aaac74e1112437b84ce78dc8457ad6fb93941298811bcb7b
12	31	13721c15b7eb6bcfb051e09edde2439598ebb0814c4fe085ee8ec42fbdad68bc
12	32	0d50810bfd9886cf0b31cc22bfeef7d4e43e95b30180df04a00587f9b8b9468c
12	33	f03142e5ecf1cb31f9536242d1f2fe5b98578145ed1e5a1f65055fdf03f644d5
12	34	ded16d5290dff0a9c37b6f77ed15fed1fa0330dcc2b22edcac14a55e7ce2e8e2
12	35	60a4cf1deebf2f1280f96f5f9a6d8bd824885678bcabf0d82f3fe5263b8c45af
12	36	75aada1a600af91e1dd1f3c80e6997fca6e4329d4f1026f8fdb9c52bb2878038
12	37	d853e8a7a5df36adfe7ca0ad411e1343f26d4734a94fb09fea552c9f9d626ea2
12	38	8eac98cb7003ce85bf3cf92e741ddf0015cbdf038409d208eb8ae5fb82eaa906
12	39	6d17c377ab8c5b46cc66af6c319cfe5748ad433a2f33e6357d683a1fef85fa4b
12	40	f3b695cc66ea0f53b107af6405166d3a452f0e48dae1b8d5d072cc737972c456
13	1	e2795f46b09a39f490527101bab3680200547a8212ce873945a039feda88ae2a
13	2	873ec112a6ec45e5602521d2c3a33e715f89feae360c5c6bf671d1f7051e216f
13	3	a42f4beb498bc321b5f6785f964ab09695331c468d1bf086cb634c4085129800
13	4	e8e54b463a916691ec66889b3e4c2dd3dedee8bc5ecb424c0828a7c706846798
13	5	9eaeb441d19b1a37ff5cee20b4a97a4b39d0981fa21b7d8d299248c500774119
13	6	f1c74ae1a398c19a5901750ab62e4f840e547dc819d6146c7e133ace40b0eefe
13	7	c0057a21479bafc6e3354be3ee1a82d192ffc328f97b653eaac589f14219a8da
13	8	0b7d28e6adc981903b4f80a802f67e4fe874e285aa8c5d8947545c44c1a717d5
13	9	14dc4c0d9713e5360eae6055b3f5f3f926cabaf5578831605b492288eca4a0a0
13	10	ae87571fe526a293439cb2e15acfded9d79a61a23176d4e5083ed043c16e5c3a
13	11	4840bebcb1559770432cc568ad50567b3b630dbbd8e001a27ae98a659c636b7b
13	12	7d499571daad404bda633d805cce88f55bcadde9593efdc18e0642cee465be48
13	13	e5e468567fc57fdd4cfab668cdd98852cd6679efd8c157aee2d00094003467b3
13	14	32a8a10346e25f716b72dea73b2a057005c2cfe0631ae0e9fd0eda0105cfa6e7
13	15	37d485689a8762cd5e047916900c9b5d88021c9d43b9bf4bad5c11a95c1eee23
13	16	30e75f377e9ece75712ca4fb52bcd261c7104796dd4fee6bc15001b7ab8437e6
13	17	eda832fea9198ebc24c47c84b97a089259acf5fc14eda5f53baa2ab3c0012934
13	18	f3465d06f2f2ef5df19f33f87948cbb762ab0cf3ae6c528a65481681751da229
13	19	a3dcf5a8c799c1e9bff8c1534a46fce90187ce8de1c827f344fd5bfe9b6cd018
13	20	fdce6b812dd6a6daa855ef971123da90b7cb9b3de9f4d90db6e9c2d7ee89427a
13	21	917fe6b8d1d1ede59bd1eddf02eb0ae0ff570359dfbe5eb75d9d85bc28cedeac
13	22	358e80c89f7d7a239b85998c40848119129e85bfbb6969b01a4ad08033fcbd1e
13	23	f2fc79e3e88e752d5a359fabb97633b6c222aaee738ef3a10ba55eefbb41d42e
13	24	093194a49e33ae5b5d9fa6efd9693debc8ecac738dec9dbe8490d3f8d59e3e08
13	25	f8e40bc9b50ed1703b125ce45c97891698a47079616bd26888794338fa98947b
13	26	42cf5873b23a81461e79063c6f7bd49b70c7890fb73502874bbc82569608bc0d
13	27	f7a60db19571f46267e722080b14f79899fb0faa02c55d6af3cbb65486c97dc9
13	28	655da68cd6298b6d52fcee85bcdefb8183698a9897ceec3493c9bf202bc0d26d
13	29	16376d4da15142ed24c3860f842c5e88d658af43eb5493c3153c33a8d54dd8bd
13	30	6cff89f9b8210811a844f520d7a847ac0638341afa2888892f0d09ca72d2eac0
13	31	aedba9ae0831cf356983f58cce56130ee791fa93a76ffbafaf4a95ce8bde0fa2
13	32	30373c33800894c0b026ee405e1c702a3c9ec8a6e0b59cf61313efb6c6514f13
13	33	ddade4c77f416e237674bf229e4de0d46901be4a569595d4a903858518bb407f
13	34	294b0f114e16d496c5e471afcd014e9c49f752fb2ca25a6f5ec3798725a85ea6
13	35	fc0f72dfb1a54cfb33db869a577d5e59dad6f0f9c7b152114b027bdeac5a72cf
13	36	6cff89f9b8210811a844f520d7a847ac0638341afa2888892f0d09ca72d2eac0
14	1	f16e50b5ad57c4b05f9ec06ff563962587d1465f45e7b5b8e339b2fe2e1804f9
14	2	d47124ad39595c65358f153168cabc6d62f84fac3230f243fd1b44fc93877566
14	3	6cff89f9b8210811a844f520d7a847ac0638341afa2888892f0d09ca72d2eac0
15	1	7076bbe95b74cac9a3dcf848ec47afd6c88cccc9186e83ec375c7885b1aed1c7
15	2	2a9da417f0887c2eca5cc5d16189d1271536e948d6aa245914cb1f60983c3908
15	3	f5550e768caec9b651437dfa7ff1d26ffb4507b114d4b2c0781c852a7510941e
15	4	b2ee7fc30600ae0808b0b5b0e17ccc145d8b36b4393e58093025a45ff2327564
15	5	bca342c0058afda107c6cbba615291c60693f69431a0a4c631059df84a717c0a
15	6	4914b9d2a96e828ec5a89c438590426aeac6a1e450d4c57d4d3acd04cda14066
15	7	312a4bb894408a797f0159b5b1ee405c9db57a2aec69977583813166804d9939
15	8	82a7bcd01aa3cebcc27b49058660cd2cb8bed230d67454eb8cc19c998a5e6389
15	9	3037cc4bb601072430191654c1afcc916b566cd2d11511a7c2d8be97d9a78554
15	10	b59f1faa7fda55a96e54679813bf2496204c1b6b848b3cf065a5cd2d3fdde966
15	11	6b6759a70b2dcb1fd941a83ba14fc680d2fafc8e318f69ac822a636b439ead31
15	12	ddd43882520e7b4909872e7a4ed01d23afb35f884f9722f5d9f1c0df896012e0
15	13	0b736252e47b4f0cbb63ac9752ae155b461c60ac29adea90540484d334bcb746
15	14	f1b7fd322f1742599284498f414fe469dd0276268d1dd3260ebf6a0c4c7b36cf
15	15	ebcf9d9cc3a5184fe588369c8b6fa0f4b19740006134f7ac5223ad2f6d9410ec
15	16	09e768b9535188ab25e7569fa8cc7e68abebc6920b0373c0eb7e65ea99eb6a49
15	17	9c10cba9d40c6d94ed78a1bb4872f06dbe869ed57dc2d00090564bc8f52d8b61
15	18	da73bda9933b740ed0d2f979fc53d1cee8119515977c29b6c2aadd47be0188ca
15	19	3cf1bbab8bb85e05528d91dc54dd017f5653ab646ca1e8bdbea2f3366a48a708
15	20	6cff89f9b8210811a844f520d7a847ac0638341afa2888892f0d09ca72d2eac0
15	21	dd4805d8d40cf186ecede31ec56a0b2e080628370ebe945d79bd473cd499743c
15	22	466ab18066afc7a64d54cd10ea5aa972177da45af807965c7c85d342869b36ca
15	23	f40d46bedeb5c062c20c850f60e3471b51bdc8258df052736faea57ec39f4746
15	24	ebcf9d9cc3a5184fe588369c8b6fa0f4b19740006134f7ac5223ad2f6d9410ec
15	25	fae9c5566685acef3375ed60aaf82332eefa12abedbe45f3995d205862a15312
15	26	62e4b17fa6944eaa5fb8f21609a21361f785f158503c87ed386b409f221f09f4
15	27	c5aa1ffe10e3122b7da10e929a8758e719c3f1afdfdb0908f266737c86ac71fd
15	28	d46ab32e3be28c4ded9a416c8928ef765b4571bc9385e66084331fdde4ada7eb
15	29	f0971daee281ef31a27167d20f68ed8829b9cbab41a4cbb9b1d909838002c2f1
15	30	b8c940d4906dfb97a64e252a030ace99059e1ccac0754ed568070658819d8d2c
15	31	a922262e6a030bbcb17576ee757b1eeb829667d3656affe9e47603df475d6d84
15	32	5eeb877669dcfddc4c269c46fa54997283679d672a4999ee63d11577343f826f
15	33	176a57c41949d24bbd7afc18c236f4639b7ddb4d0a347adf5daba604f463ca14
15	34	78ef1d35679f17977ef32886884947d02c52fd84918e4b460753ddd60e7b2323
15	35	2127da02a3b99cae66d343faeea7c221e6e8b5bbad500ad6b81521cb21054bfb
15	36	828dfeca9242e453dd32473ec8c82165c9296f0e7d935af2126882a3a6a021ef
15	37	996aa1f4131c81dfd63874ec1797cd1c0b247a8fd106340a966de9a0afddff2a
15	38	cd6cec9aa0fe0c1502b8ddbdc9b5fdabbafa6bd0418666522ee46c7f7a59ffb7
15	39	458ea1404c57642f304a53850055cc605b00c2c6c113b36ecd39cab2a2e7a937
15	40	4f04f0d8134f0ccc37637cb601d84ea65fe0ab1de9444690e0eff1ffc774c919
15	41	e6e080e99824e2103e560fff2454ce2efa2c96904b37dd9e8336b4a543e8e9f0
15	42	2694b98022e0cfb0915a6537ac0fa96c12eda5b27eda63b5d705febd7460ac36
15	43	9314bd7aef013c845b39741d518d3e8e2d9c22a4c67d7635191d808f2516b008
15	44	b17b870fccf12adf592d34e907b5301b035764dc01811ae35ac8f41e0b1a5f5e
15	45	be046a2d84d573cf6b2493b2ad42cd07ec160329e2675c03b6d0774c0dc01bcc
15	46	89821813402a8093a5375cf2ba069d47d73c22b7680697a855b9e1d88f67641c
15	47	dc5da73a85b2d0bb36a4e4f29d5466a4a8d12d420a3e7673b90ca897bfb2818c
15	48	f469d58eb3a2a84e4bba45eec1fe7eccc700a4e639714584871b30e93d4c6084
15	49	7e3336c3dbefa0abcab7fd67866e5a6a18ca0dc3db9b898c263f01ccc12c9b57
15	50	7db8d32c5718d3238865188481fb2f2c612d29b0441329ffbb2747f4a1fa9b95
15	51	57aafbbc1793f826778e82ba7797e1daab2684748c22a09928508d4214c36730
15	52	a723f2e92ec1eb1c3a371be9e0276ba04e59365e156f4c867341935865783d6e
15	53	1f4a6fbe5249ab7b1d0034ade2c2afdbd35b3ed3f38a1e152270a4c8d2ef56b3
15	54	2322487bc89961f89ea84bbaccb8bb7b52e2f2094acd2ef04382ac087090980e
15	55	956105c593fa679acca62c29c7c3e2ce7948a549f2d9c8a05ca54858ab0a4568
15	56	98bc1a7dbc1a1209576d071aa5655d17ee248fdab420cbd1915b661a7b927430
15	57	c51d65904070b136af2901afd3cab4d2031dbc3cc717e6150020b58eb380cea8
15	58	9ccec0585e38b8c59a0cdbf61320fdb4f00b0f89e7ebe6100ebdd97c52ca0c02
15	59	adde4dd40d69e34bafe3753b44627dddb1ea20e50a86f1a661ef71e6f687a419
15	60	b09e1c65d2d9779ec43fa11d32fa2bca7cc8bbac049f6e39bb425331d2ecd79a
15	61	f3b695cc66ea0f53b107af6405166d3a452f0e48dae1b8d5d072cc737972c456
16	1	8c48befa9e8a0f5206d46741382c28f0f7891ee2b0615eb800288bbf6b094298
16	2	a09e06aa1aed72a049106352020cdce1ea4f906bc6176c5e7fd453a75258dc12
16	3	24144c3a1a05fa14fb5c9fe66f702b154772a48c3568c1b12e44b05505eeadf6
16	4	a1380c3b1847deba964a4c735c4b3dcd47f07393cde60604439a8c730781ca51
16	5	d894d80f891af1a69f5a1a6425f62385801f00ec3693269a5777346e8bb128e3
16	6	243bdde5b41685574f736c873a38a43fa640d3c83ee96a8d5581419eee1c73f7
16	7	cec64239227c49b10b3f3ad191c0ad10a1cd1e06d771c8fe504d028a0f63c954
16	8	594844fe3f3198bc816820a5662ba3f7065f73d6d35c45a464fae453feb21097
16	9	d2e01ac2b087090bbd9865f619a2bd05fe31e7ab677a756d0edd0ea5488090f9
16	10	3e53e2124529ae20cac0c3d29712e75d022501a7fe35c3cc05187c1eee523a8d
16	11	f2067ba67ff83bf944ad72a60ad1eb51288b336c95a9bcedfa3bd9e5fcee2a73
16	12	a4d03a30734d88e9a9e774fc8becfc4bd02a56f96d732c503bc4d67ff5b63184
16	13	01be073bd9d35a9160f2f45d52e9790b199053838b16c5bec6cc0dd1b1d6b61d
16	14	a6a0e7de85eec941b8aa587d5452b9559365b94f7d1618cfeb0c020dbfa021f0
16	15	3388191c60c8f7ad324bf36b9cca0b27e60d0202de202b912a614e9c950b1dbb
16	16	6cff89f9b8210811a844f520d7a847ac0638341afa2888892f0d09ca72d2eac0
16	17	88767ed4712de92d20b72db08e321ceb7b369e1672d0c0c5e436d5d5de69a68b
16	18	47f041c0540518d93b9036ea0e867a003980b96be1816444e56654aeaeb2cb9f
16	19	d48332734040333849a21ed1c8360fbe197a5e3409ba09d4c5b4c278c4f67ea2
16	20	5af75f3e2b0dbab48f965307d885916115165d697270d231beeb9e0a9e1dc894
16	21	cf8c9f24b37197ca5b01a68fc0deb893fd8eae4374c4b3fb7762575cc75b769d
16	22	a5c25b3fc0604194b6fc130ae864f443ccad39af6ee7dde4fa8f6d757b0a5478
16	23	13974d16f8a24b627d40fc03d68053f56e8f707669f160074bfbca2ff023150d
16	24	5bf2161268409810fd253719cc483261b4549a0c5ee3a7ab2171500416a770db
16	25	13f6825e6212abfdb3fcb9595a79b4ed5ca31c0d91de28deb993416ccd554266
16	26	9005ca392d5af371a7c084b24431e77455e4565c5606965f709f12f23ec8c9d0
16	27	1454b476325cbca915ce811ebe07098210ea8e2cd6557e015c395adb04255676
16	28	16d33517e75c2c457e43aab6f14e686348bd995ec5b2144e15954116f67e222e
16	29	2e89f66eb3b525f97b6f2894dda32d7ac4ff780c720fb813e28559c6e4936605
16	30	2a3c5582f375bc0d03245dae251eae8a86616197c870402682800405abad5c25
16	31	19916f410ac95aeac055bd0120289bc1a274433cdf8bf2430ef17be8c3ce9906
16	32	9754a318aa3eb9cf92a1498335599c53e7295282fd88d1f44b8f999692ab03fc
16	33	81b447754fbdb2c39726f504f561bb86affc55f7be1f665e05465b8f2a99fe12
16	34	f4a44bc2fa6bfff0c70fb14f42bdea2ede7d27846205901bd5bb7634382f9bc3
16	35	2ee6f35c4081eba9106dc6367a5f22ab55b2a4a49d02ecda16864f447f67f364
16	36	deed730601aa2f8da6d3b11c34ae4978aac6d5427846e403bebb2703f788f118
16	37	bb6f075c224d3b3d21950c8a78ccbe7e866365250f7e8d6fcf87c75089ce3b8c
16	38	0fc1bb68cc7683a83d52b2190e53bd29f0b5afdbcb239bae8e563b1ba4413290
16	39	30bffc56779bbf2d849663a060f394eeb5ce0967a5ea31a7df6577440e3598f5
16	40	cca08d28b3429383394016236ac0641b7d79fade3fca884e8f4aaa28513e4463
16	41	f3b695cc66ea0f53b107af6405166d3a452f0e48dae1b8d5d072cc737972c456
17	1	62b90e95614bab0ed2f541044bc24cd66a4fa3f2f57af2ffb14b9ba6031b5530
17	2	1f9c0a622403e20204198a320feb07edde3742f45cea501fff79fc750af0e16f
17	3	a8ef0a1374d4f5c4cada933cbcb0b9a9698335be8c5faa7485b240d6b5d7d804
17	4	2db5861e92e741766e7314712f660f1b13c2834e811c7e1314abba2c1c87d230
17	5	bad5379ce8bc1e6138a9a8088f4561ebe16c831573a66b0b1d03b6b58f89c11c
17	6	e208f20a179428c8890fb0faa7d5498a8612382a5e5f52811c757b9ff297a732
17	7	218b901c9217e50159ed10935a9d5f41f76c6e7799c16eb8a2d5230b69142cec
17	8	9bd647c15d537797fccc56cff601f027f81eee0efe517f64373cc5a307b11767
17	9	2194045ed858af5ca01cae16dae98c61f4f195a4fb6891aed99ed318b6d919b2
17	10	4a173bed8ff9ec573de8d5dba4fc550f8968de7653b0475566f0b3468a6ceec9
17	11	381693b25ba88bded43e811afed97e3f9a543f6c17f3a336eab9ec29d9de6823
17	12	d7180e9eeffe906b33b26c614df868ca0db6a45d522f4804192db7b6aa659ae0
17	13	092d4ec18cbcadf9f421f3e13a6e5d60c1d756b5c4dc02230dd26c1e1513f281
17	14	304db8d74f41bb3ad1aeb54e1af9ba8f38e7a2ef95e964f97ba099ebc38ef5fa
17	15	b39989f0aba162ff6c9cb29dc3ca579056af0f984b0ec50d91a5228e40f500bf
17	16	ceee28ef82df00c398ae1703ecb87f53523a57c8570335eae31784dd9968b619
17	17	687123079a4b3881388a92c8c9b74415a5328e81dfe5ec1f7bb6637dba6244e6
17	18	6cff89f9b8210811a844f520d7a847ac0638341afa2888892f0d09ca72d2eac0
17	19	4f0e7d948757a911c94f1c469c24e32ec64a78cc9735146360430062c8b95250
17	20	571bdc07c742bbd40b4ad63b904c0e6339a8634a0f2d09e0d4b965fa9f123c8f
17	21	85e9c324fc545a7dfd8c3fe56059e57cbbc5a9850a447b9f2bc6ef091b9939b7
17	22	8018f1dd464d39fd243cfbed77707345131ceccef4f2061b8edb5f05648c50c5
17	23	93047b9c76f41489cab2aa02393bb9eac8e6619c183766851ac67dbfd6364865
17	24	3babb6a2a8682016b55df6bced798a47dcac03a541fb77aec1d0854d405a131f
17	25	44d99b1e3aaf0aa7f5ad96ca1e11c90d00500930b2a29661235956cd16ff27d9
17	26	434d9cf9e4811ff1fb1cb4dc8cc3017a0057a329e4059b5996077cfa7f6b2615
17	27	d46f6c0b0729669847709cdce16b7fceb194dbc4406e72b04409170b86d8dc8e
17	28	b27658b727da8c87bc6610dd70e7a2114ba3a18bcd96f427af05100e2c2abf60
17	29	929a6f4a22ac672a69f177b33a657a3560b68658602a2cda5c1c96a55efea2e0
17	30	2fdf96387afc98f6eaa53e9a95d10532d09a327bea02cd7e186b425ef8c9a337
17	31	780b59a082d6f4b7bf3822c1c3321b6d3d9b4a3a85a942ce7a113c3c5f940491
17	32	7beb800afad4f65e702dd358f65579509bd9027d457226de7e6ecef4b5ed96d4
17	33	88767ed4712de92d20b72db08e321ceb7b369e1672d0c0c5e436d5d5de69a68b
17	34	b2897f0b1ea4fb2320f3cdadbdf390d360688d9c61b9a5f4d268a0df538f30b7
17	35	69954a8b03b83308257d9a8a96a46d11a3494ae7818266b70e0e8f45d81ee5d6
17	36	1d8931d14fd715e2e6760607c48655f20ce2f6be9b429de22cbd1c33b6eedc75
17	37	d46ab32e3be28c4ded9a416c8928ef765b4571bc9385e66084331fdde4ada7eb
17	38	c6b897338551dad2f97d29ff6a8c1f65564f916fcf37c0c964b88f75be4c0b6d
17	39	0ef71126ffd07a40305f857b6e30ecef8e96583367941695ed1dec5e4af5d831
17	40	04349ef34fdcdbedcd7ecfe510c043d55bdc63882f15c74297547d4bcd27d64f
17	41	8d89d9da5f75cb702bfee29747761a6db813dc7f4ff7a2b4de5a85aebf2aed00
17	42	54df9802fd02dcce30d244ec5b7114b27b1d3f35bcb0258e695a9ccd279015d1
17	43	545c3aec79eb234c00357e4e515a86c19bc89dbb29206b60c0d612a9af17ed6d
17	44	a4355c6ac731a629c9e8fa18c389d9bd8db40167cc27f3471a40acb5498697a9
17	45	81deda75cf83592b65b79eb412ed12c74ef2a6fd724c1405c209de4b2b4cd950
17	46	2a6fd36c8658449b7bc55b105f8a9d5b3d14f29b6b9337595448277dabe3c243
17	47	c736b920571d45c6788175b70a6262fb813931953a0c31fc9d5ceb91dfdb37b5
17	48	02cf5c3c5e500aeaf7455657eac6883236d2720da594d464f806cd060962dc38
17	49	c4cd139904b0b91afe15063e9e582c319514bc0113626a94a8c6b399c131da9e
17	50	1d618fdf1d9feb4c2f750163cbc7ab27160e8c62e584b08e80f7f734858223f0
17	51	9c1d1c40edb2175a7d240a2c16f81558b61ef0a135d4c83e7bb1e4e6296ec3ba
17	52	6cff89f9b8210811a844f520d7a847ac0638341afa2888892f0d09ca72d2eac0
17	53	74c3ce3dbfd7525c0472ef3ee0f21000997954a693d5a2e13bc8907082e7a808
17	54	a9e61183846c69828e817926d524482d40839d0081a4ed1570bd604483825377
17	55	e9bbcba52db30fd183a1a41198177b188071389c819a2c1d0e2832e543a3b1ae
17	56	a41234cb495f468509df13c1b1ac0ab8d35953d30960d0ed2315f9ef3bbda8ad
17	57	a0b08eee2b37b40c7ac704b2ce48bd3b9d51d80ff5683222095d14dfbb5912e4
17	58	d8e5a0c1c91eb57ba7ca40e26372557fe9be2836c33e2e4e4539879b87540785
17	59	b11a2b6d17faae1ee3ff51cd48f58fef84bc9e339a8e6a6575b9fa5159f58e2c
17	60	c2a383fe8af5aef85396d61af5fc47459059e29839ea16b07c59fdbb109b3ec2
17	61	d012d080f113f0143585735772157e51d9bf07569e5266feb914f333d2799c3c
17	62	afab4d23aabbba5b13d46c9fba5bb662d2330d7653eea901e454b315aa25459b
17	63	3aca2151b624e27d08d1e5b69d68769f5836c61d75d270ee089f1e105fbab96e
17	64	4e1c8221333285d6c37e37d6887eca14e69e62270afce67c2c53089eec8ffce6
17	65	f8e6174379ee94bcd406eaa098d088c25b1783a4b01480d5108d87ab6948af85
17	66	afab4d23aabbba5b13d46c9fba5bb662d2330d7653eea901e454b315aa25459b
17	67	367306f84e0cca0d3ae5949a215ef4d7c83e29f24f284b13cba62282e280cd28
17	68	6e2faaba2c4998688d70ab3b137542a8dac69fe724e3b29baa76ff3f878e13f8
17	69	c1a2438a62402dd7ebd651fa7d8d6aaa9d5491bf64b534cec49451d6e54dddaf
17	70	076342a7b7015de3897bbb3c71d899ee1eaf812057a23046a56f09a1eef06ee4
17	71	3de6d5a13cd2124525ff0b28c716536c16e64e6a2d63be481b8a7743abaace1d
17	72	0233c0a145cfc27437ecb524544a9be79fa3cefbfc7d709893b84ca13420a50e
17	73	71212e8f607ef0634a6c2cb4287037c167a1fd5625cd9a848c1bb888a8f5e778
17	74	2c402c166b29298bcbc5c0f3b84c6016f3a9db2c75993dec18be53e25f9339aa
17	75	7b2b3497e0198bcdbb49f800466857cc89fccbb78e65005d684103edb8e9d697
17	76	127c02166e8eda01e8e3508ede610011bd86263047b6dd2781eb6c29b134b4a6
17	77	9e14ebd7c2063a0c82dd53d3cfdcee378b4bf560fe60889529314448a8ccda3e
17	78	6cff89f9b8210811a844f520d7a847ac0638341afa2888892f0d09ca72d2eac0
18	1	0ef71126ffd07a40305f857b6e30ecef8e96583367941695ed1dec5e4af5d831
18	2	e2214d842067597257b12461b1bb57e2cc9857fe96ec0b73ea61427886f53a62
18	3	408d1b6c30f006c8a5e63a6453d3a290c53086187b9e5e51fbef4407903f25d2
18	4	1bba992ad89d119d4fadf210703f8b1b6d1c685f9cda065952ca7c673dc6d80b
18	5	239be719564ca82088b81b820eb4c6ce7a4371f3f11a6425433bd625edf4e1fb
18	6	298485eff9b1b8f96470a0352881829d0e812f839c4e91bd497793139a9d2dd7
18	7	bdf052e298970aab4a67b7b7faa7958b684eb279ca80eee744ebe3e2743a54e2
18	8	8a8f371cce373cf842f62bf8d0dbe46ca8debe2188183dc7c61ff3b3bf99913f
18	9	43fc49f2683e582eb987c0db52dd043a9573dd696b061aec8dce4f0f0b398254
18	10	f0ef007832a5190ef65ca78b8f34b4b725123de642eedf964a779abff9bced87
18	11	9e75db6dd1354302c1cd14052d67e17f8a6f70561a655644621f86ecfd485776
18	12	88f5daa310060fcc72bc510e06612e561395632a0d86d84776200fd492ae9d9c
18	13	6cff89f9b8210811a844f520d7a847ac0638341afa2888892f0d09ca72d2eac0
18	14	256f2c31b97e3d4c5958a0f626debea9ed955802238beea5d09708bd71715cfd
18	15	616cf984e4e822bf3ef3d3285a16b126ce059ea58926daed41b8674a41159475
18	16	c3ec5d411c0391bbbd73c96483a70bc14495b9a9c61981a9caf383b70e9135fe
18	17	89f46dba82bee31b3b600bb17c560ac3c65d7d4d08de717b07ebf687c407c99b
18	18	a5f204d7902accc263eb8e6fd4b67fc0aa05eecff6aea9a9e1253673623d5f1d
18	19	ad209f72840bc0f07b13edff6c9855735100a1d84e3895405fbe9f8c7820299f
18	20	f3b695cc66ea0f53b107af6405166d3a452f0e48dae1b8d5d072cc737972c456
19	1	7cf8b44459a396e592d6be49ee8b0099c74612174d46f7cba0f48c6eef3ada50
19	2	2da5b594f5009022106a5fc97e83087f79aa6532f01fbb9798e8002e75eebc48
19	3	8c3247f80db1fe3cb90931c26f5afc77dc7f261aa618b764848f4aeff11376db
19	4	def8c44ca83c5933ebc26f8939b3499eee2875af075af91b75e3aecb6d249ca6
19	5	244975594fe7981ec5169ec57a768c249e122091da1074e7e6ed4a2a7ebfb7ac
19	6	f77b2c1dee66b4d552ed36551651bb0a30c027f97ce0d375eb61067fa0d9a9a6
19	7	37b266948acb6d5f90e9fc523958a742121b9b2b1a8191b8faedd735a62d0e81
19	8	62be56ca6b134496d00e9a26d753f0c19169d6af736025961884584bf8a29aac
19	9	16c98656d6737e7ba3fb56a8ae2598e830d81916772be65ff2f75e8ccd8091a0
19	10	f77b2c1dee66b4d552ed36551651bb0a30c027f97ce0d375eb61067fa0d9a9a6
19	11	4d71ee6c2e0d25d73bc7399eededba3c3eae849f8320ba2e10a60604b4e53379
19	12	725a72a63f50491f803e98a6b535d69132c1d473822fdb2461ca8ddf3faa3236
19	13	302b61ade20d2b917aefa4fad3147f4f6a7a32c1c7768cd4e0d3fd8c4a83dcac
19	14	f77b2c1dee66b4d552ed36551651bb0a30c027f97ce0d375eb61067fa0d9a9a6
19	15	199addc693540f5fd0c91ec5a96c16c81d83159cdb2b07d91f9b0b13837d3963
19	16	4753d7f648c1308e9e94de211e2d5c3dfbd01eb883485f6ae5c4252aec0864b4
19	17	2c96608a165cb65483353ef10744054fd208db33d9ded445e5003b652b73f5f0
19	18	85e348c7f7a622b4681abe6644091a0bd52656a590ca012eb2388c5eac6e89be
19	19	92bdba7a28a1deae3fecdb3938a37a4133c253c711cdb078c6157345f5dd8241
19	20	f77b2c1dee66b4d552ed36551651bb0a30c027f97ce0d375eb61067fa0d9a9a6
19	21	fdd798671ad691ee423ca1075742b3ac63e57ee41bc2beca44aa7db5bdb93140
19	22	c81b883a0ff2ebbd904cfe703b6f90f88ddc5800a9a2be3f10a6f836093a8738
19	23	d81397d0da6b5f2f77e7964b0c5aa44ef170557b65a29a2bf16b3e964d329dd4
19	24	07782cc1f73d9ea8b21ecbab4ea8d5c54156fe6ccc9d0ffe6136fb1ff9b59346
19	25	6dd67b3675b5eb3ac88da17971f089581db33942e5090543fe7fef7a690e8496
19	26	e67a5ea1bdd8e59adbe87a223212eb434a4a5ac5cc5a89c3e0a8f498f8fe3bc5
19	27	cbdf2e955ff800aac437bd2f0585647fa61b45573edf26382f3362cb63e68592
19	28	60deb2406af58516b1780f2b3b8e269b74ec984004cda07fcb966ac0fe2e0d08
19	29	0bd3d1ed27b1c3c3416b5577b09dc153400f2369ab5c87fbec589b394b236676
19	30	5ae3dc41bfc5304adf293a6e7240b8bf928dabc970caea7aab9f48858be77b73
19	31	ac6ca2d2dadaad80ae147d685cd57a1da6a085c1761edc9c5160425e76ac75a9
19	32	ef22b4b6db3deddbd2c201c263b10c3c5b75d14b6e22c1181c6ee9782a65cb01
19	33	f6ad76ca26a4b95dd238e1476ba4414ccd9f914e9c61c8d3ce24a1a3076b2701
19	34	9a1fefede9c9c4e3429abbb041a2573c1c88aa9d7e7199f0154a74006baf35af
19	35	6cff89f9b8210811a844f520d7a847ac0638341afa2888892f0d09ca72d2eac0
19	36	9cce814190d555a15dfb0bf04ff9e55a5d9dc3e335b4e183c586c629b284bd22
19	37	c9247e8cc25edc9a8aecc56194173ecee2945ca42817a4f409748bd2b69d9743
19	38	d7b68b5d2204e3ced0c89029f1ff84806555b23df88228c674de5c204478d6ae
19	39	f453eb7de7d0b3f68d7ac15d3638346fa84057ad9b721934a637f4383c164672
19	40	9f3c6143d7f5d02b1eb7807b080921faa1f783c4a85dc3931fe9811baa08f60c
19	41	34e559ee9467abe0aa5cfe0474a186f09bb247dc771f87608bb9a24e84320bb9
19	42	c427fea4bcfb36e5827aee0b0c1e358b85bc21ed2fac2f4de51b9700a0cb3316
19	43	632fb0cfe32701ac927ab2beb338d5d69d3b1e02bb30cb8ad6682a3bcd3f48f0
19	44	aac5decc9e4673af42232496b2d3231fab0a26536c66f53a75d68c133bc08abd
19	45	94e993fcefe030a3bff7ad0533e13760f79e004eac2059f44b08f2331e2c06aa
19	46	2c04df0e129611591b7016dbf503f3d4d40358058e71f8681a6b7eb9bfdb20dd
19	47	aabbd07f07a77572b238d8b44c1929789b987e1c6e7a54890e2f14743a841dd7
19	48	648e208c4fe67292f36d688c394eb823ac5d0605428025526e1231067d7dd224
19	49	b956dd797a2e76a0e80e1470daa0e18b3f1e8d1fcfd7cfe92683020aa65ea024
19	50	07be91d8b99d948c2d7b12a321aef1ddd2129b854dd3ad1a0d6d5c7c2663c26c
19	51	1ef55e3428a0c038c18d810339b92abb3d4626f413f544d1124487f9524037ea
19	52	839fde734c1356bce89ddb624f94faf71a3d6fb505fbdc94679d0e7afad5538f
19	53	512c09f87092cd2fdd1e56dcc83dc4fdcf5ff5f16e171792ec7412fed2e5110b
19	54	156fb4af63c07609ecc2d9d775b4a088c06cfdb6ed8bd6c39d2d6b61b9cf757d
19	55	967f4fe4277814cfdc3eee648a61bcccddafad973678ae6ce75a9df98b148bd8
19	56	542735d43418b53bfd867852f0f1cf7b6f565b81eb3083913e824a01fabf150e
19	57	01e8902cc57fb38b8f5f2b81e5b1da9bafb1d87bcbf819ba18b2ba459ada82cf
19	58	a05ed699337c729d12645799fc6537c05692060b3984399af38d71348be93eab
19	59	673c2b5232d2a5c0b992aeb6efcf7b777711be009f58a14aa28b5c735aac5af9
19	60	8e8adb292e9f1f3d1568af149d0256ddfd9cef23b096a6487315f5e3c576b31e
19	61	708c5e23e95146373a53bd4bf8b1577e5fbc8143f2a1280b1b7e15f2ec0f6baa
19	62	b46f0ab2d5807210e0ee1a94296b99420be3de6027691f2a713a0a70c0cacf4a
19	63	3aacad91f578869c7446b00a6419335ef17dcee503871d3c16ecd87973362304
19	64	ae46b1b0567e97592ea9c16017921b8996ddd8103371d1691754aa7858ff5e71
19	65	cd806479e41ead4e7a36efacd8c84c2fea5d868ac3f8a622b547245fe251a8e2
19	66	46a0998a8f05595c50e5e47abe44fcbe81cb299fd33110769f3541c1f9351f0d
19	67	d19aae2566b008d031f0b1c1d3419262ab99af5f496ff4272d8dbacc9faf5c3a
19	68	6cff89f9b8210811a844f520d7a847ac0638341afa2888892f0d09ca72d2eac0
19	69	7784c50669bd0bde8e46981015eebc5aa4fa8d17ce83d458e3a6e74a617420c9
19	70	7619b2464c4cd7adaccb76e2273519c5d1407b4fdf28b9ec846c2ca74a36cd76
19	71	090b326b28d9eee52e356a191ff99fdf47742c6ac6a63c9ccb9aededf437f639
19	72	04d2419b6de2ade865b11e6be7c722fe2e6fccd5c7905d57274d2dc83a021298
19	73	43aa995dae3d5a1b5d3e598cf343eba27c1d2744d19bfad34f4e70cb65498f43
19	74	7c5d59ddcef20739e7cb907b4f2c095510c5639703ab1ab99ead3a2e9e431fcd
19	75	93733dccd5204aff7a2d50ce771053a0156f58c35b44064e489af7027a34e0e5
19	76	cfe48020b76283d62540fb954a1935289be4abb540eb0fa250ad5ce857fdcd39
19	77	df143312b116c3084741d9f5b5719918ba7b1655c831a0fba43c0ba9753db2be
19	78	d7c8c639dad469353c93cc3677100d5ef79cca99c39afccc4714edd64676ed6e
19	79	01bce859ec8be8b6b88b33e165edeea2a8aa4e8e2aaa913c01499cc1fa44ac28
19	80	1f369b8eb49216226ce187ea5720071bb64b2b0acfe913b55047d24f24375e73
19	81	60b509ee51b6135044ef2b0277e38570402047655c2edb052c8089516eccbf61
19	82	6ee4bd04ef49782e14a5f8757881d0d2df70d369e500996c03cec72d338f4d38
19	83	78569eaef933f29c5236da61380794847307be3efb82c10f656f374b5cd01a48
19	84	692e6c1dc5ca33a9bc95e646373372dfa2512fab15bca8988fcfaba346b138e2
19	85	f310e39371dfd10b8358f75486f852d9082a83c9c6c33df0395d4d93cf276592
19	86	d27e346c60fd07a1dca30202bd5ec2b7e7bd56c8157e03bc52fd0946ebb8ddbb
19	87	813b827c0a65b22a103b0019d817e07973de8297a90bdbfc817cd639cee9bad6
19	88	e25b6f9054c49bd1fcbe42c77edfc399200463c9319db8ee8dafd63a4acbbef3
19	89	7848f309e73c617f8b246b935760f56cd60f04794c270d17dddd0cf7f8354d3e
19	90	33cfb325435b137c18f3aad387db502b908b5cc482cef64afe6bc89044f5bc22
19	91	b8901947bb0b215279508f65bcf7c5e6dff544019bf2b7218c8fab2a7c582a8f
19	92	9d529036ee3aa4aa897bc030b11b181c02fdae3799068c11994b8223b8a2e6c2
19	93	8ec484bc6f575b51fef3109b2e4a4c1780b0db13c234067b8e70e33ea47b4d41
19	94	c427b8ccba3fc6a9565e910ad2310db86bedd205a764d559a010bdcc7fae58dd
19	95	bd61e97d43557c6be7ab0e9f1763122e450b7495f943452f59d62c97fc010887
19	96	d1475474fd2aa0d3b64d8945df67d9fc968384eddb6ad6a72e2d365353b576d3
19	97	1c3e9241b1ed8b33fb3702b922bc1b2415d15f5a6da8a79187c9112a19245cdc
19	98	72a856aa8492da9daa04abd26b9ac8b540ca2aaab41fd40923032a2ab8b1a984
19	99	b735e218aac81c928439b11f10820003d3a808b544a33c58f7c7d6fa8b1ebb59
19	100	063f73847922092e29181d0ea966f4ed71de108571a59ac1ab38100f73a4d48c
19	101	6bfd77ca9d0375ce7ddda5be7af3b1639cb58a77de0a5be8105b0aa38c531f1f
19	102	b7eb369aeb6b06030ec6f6343cff7c26cde431bab55ba9d900c609a382bd96db
19	103	c8bc40094a6772837c72840ae57ebb1f871005d6e0c16059e6d205125ac29424
19	104	83be7c160a28b8c628631032e16ec73ea19811436ecae1ba0c226f7e612c4a78
19	105	8fdda45da18e1142b02824652eab141ba658e881881a7b841e7de720bea2e94a
19	106	983cff78c0cd9419f14a6d7a387c457a939ae0b643e5a48d0a3565a545715573
19	107	c69fd3760dba0fba6f3dbdeccace22a8434afcd863e7b3a1b06e797c589725ed
19	108	acc5d8e6ad1ed1d5d9f3243b27c8f6dfa083665ca374cd7a91592eb3a7985f29
19	109	863fef7e86d9f8c3aff8398d8580e261c91f9d6f3a700f9f410177098f07a5f8
19	110	ac47559cba2952a325b525096f8b90fc6e9a6c5231e18eeaea7ab7762bedfb6f
19	111	6697ceb7f8d27f633fdfd93d4842ba6da63c44a2ce3a39f6b329c68bf941ce92
19	112	c5e092bb0b6574310b246adf72ff33c41d55e8ccece3203752daff70ddc47870
19	113	eb82b89e4eecdb85fb74864bd1e9d45abce9869813035bb139706df516ea009d
19	114	618e55fbf0d0801020a82ecfbda863317d387b495edd5f600e6c160462a38849
19	115	9d3bcba2aaf05f48f0ca04fcfa1a141e3513d665f89d270f7579bef2af91b167
19	116	780d8aa64924327b961ebaf4856d026346ae246b2e63c7dcc4210bcaa6935ac8
19	117	20ce08f00c15333e68f13eddb5e4aedf9c20c7b314facc21cc03ab1d6c036aea
19	118	8875f215209918d82919006edecae38112b7ce065bf87d2c11b39cbf4583f08a
19	119	5daf701dba76f9fb27e935ed3b17a6b001007963c97a057e4b31459e05e40b9b
19	120	396d4568eb8acca7f3b4e99cbf43d1d86c4a29fcb5a2dcb9baa952c2c5a25a34
19	121	b6fe3746fb3bdca801bdc229094be1c01df1c9a95f5021dcf7a1c1a27f65a38f
19	122	5fb31af70fac13d5f214420ca36c5eee02e7ba450167c7f23f77c8fb6b77ffff
19	123	96045429ff0ba068ff215fe6d2cddbc223faeb3e041dccd57a8ff1bd7602b199
19	124	719499a8cb82fee1314631b9f753f00af5d5f9a907b50c1f62dc5b45ea665b51
19	125	401c9e34b1fada014ab9a16c62117ad671cac172e8c311f23817a9a450a504ef
19	126	e20374c7bf96ae44c3ab727046e68a7cd4ce4bfc545d331c2ba297781f4c31c2
19	127	028f323aad8eb129a5a61da6a414a40767a459d72140ae34013094b21b7ebdb6
19	128	667db86ca98a543886b36582248b5db6d8cf23fd08a32395ae0f6e4b2b631319
19	129	63e54a61535e6b3972e7827a7384960e678fa485999405492606b0a5725d53e9
19	130	a27b3aa22850eadc303247f6c91c87647e4007697f29a978d47d3f51d5d3a14e
19	131	09f2aea8d2fb4385ddc07b24a16dcc10cfdb78cbc53882d579ae8b46ca285c5c
19	132	6e5c9924b556a00ad660ba3da3b199e47298eb44afd12e6a3d066f51d2cc8fac
19	133	2dcd9f39fbcdde147e43f7f47a58a598182e10a37c3138c3c6f98f509c355f0c
19	134	a5c0d8667d0a4cfec4c026236b2ffc08c8f09cfa016bc52704d8b8c30d860bfc
19	135	6ef0b7400af77eb2a0e8bee150abf9c52bb3a8a5e273f7207b2f7bb175d187a0
19	136	dfc690c406a8f7ce874d7503040152d98e7a3be7fc95435b3e992e3a814d1960
19	137	241045868dffd9808bedcf2f9c3e2865eda996e0d48034523f52a1402abae91c
19	138	b42494ead08ee54b8d0999e5afaa2593cd06be0fe2b092081f2a1b4f83e20447
19	139	24c572761d9108a67eef1081a75dcfd2c7708886abfa3ae4c8801279a9aaff5c
19	140	8bf03ceded761283c694efaa855f881c87059c7faed7fd83354e4e853d4ec2b5
19	141	009558f441bd6e4e83efaa28bd49da349a86d239bbbf5ae5121d2fb4f92fbe17
19	142	e1b46ca8500f60de182b8ed39c0b292b0e6c69e1580537ccbadcf838ed26eb11
19	143	92d5745559daa1946b62a332c0459257f6ee49745336ab2c2ace4c2a57dc4fb3
19	144	4e5e67b3ec1ac0d11d9452befa9114575d2ca804905ae8ffab5e1c0706833b34
19	145	caa748ce5fc895d36412535a6783978e00e7cd842d27ed399dbc1432c4f747bc
19	146	a3d377f75cd9180ce860bf338f18a1f5a8a93f9ae9f32232730b312e13bf99fc
19	147	c9f043c78dbb88135a1c540115b03df46c7b5fa95378c9ef7d8392d7d06658ac
19	148	27f6b047172f3e1e493845a7d94802e4bfa22b490620be1565a1461356b7d7ea
19	149	ad96f8fdcebfc75c91ca31e74de2d49f34b1e6e04897366aafecd4ef09784002
19	150	7f573cc6521bfc56361734f700641198d3e642fe028e724b643130c01ab2fb1f
19	151	68aa3bcfbd5571ae31314e00f755b08fe706cf18eb4abc5cd544b42a1abb8254
19	152	f45690cc9d6be2b0f61e786fb0bf6ee5d9e1dae02a7449e3130f9b7d65a7ec18
19	153	db511ac1fbd8db52a7b88c668c84ccaa6a463ceaf0e22d3da6c2db2a903d9899
19	154	d5d674e9ecbdf127a0f6c75714c2565357e4133661ff4068236a18904991ad15
19	155	f1070cb712bec1f6f5cbe2dbdd8735328c08c43febece04f980027baededbff5
19	156	15d07fdeca209a1866a8e91efa88b2975a142765168344672bec049a35ea4099
19	157	2a90760bc17a5b7dbdbcfc9faf3838eb7395cfd633deda6c11c7336a13016950
19	158	18a50b20f6cf6e4f1ffcebb6b4a179b32d976710c24c5482b76e63b6511fe0f0
19	159	6097ad62e302ac0c0824dea7cfe3d2c8c2cc9e8f630fcd4c447546108565a227
19	160	eac9af60303f158b3dfd355c4a872e914514c5bab1832ad6ebaf54405d25eb7a
19	161	616cf984e4e822bf3ef3d3285a16b126ce059ea58926daed41b8674a41159475
19	162	2f612fdb22a1a76ea20da8caab2916af7a6e05fdaa7f6bc9895d7c6008425b08
19	163	6bd2e0f0085a426d7d6842ee1e2afab670e2b774c63581c9acfdae51bf0af942
19	164	11f13cf298c810ea0aae25cc5db65e27d3c4fdf7e55b1fffbb50a13b0b6ec8a5
19	165	ec23a1c4bc068fa3dff609284b6960ca547a7fdc9a145f91ea72abb08e265d61
19	166	2bcff0ed53e5bb877f703a14e71dab588088fce51231fc39dc010e1a4fdc633a
19	167	bd0f167a82128049e2f0fda5bc15b83e4c0d662ddbe1df036525bbeb3304a94d
19	168	45d8154e941731adb1d84e30712796c9078df6b345385aa2fcf1726b05360b90
19	169	c6beb354f56ea185cb0c744a42c0bb1d9e882f73ce138dec27b6c4d1da9aa613
19	170	f73e1b48042fb2d5c97dd761ad9b28d2d78c92f955787905c7037af84e6b94e0
19	171	a70a2e656f43c01dc36d023059ec7832dd05914a2bd70f65d873e6def5f205c0
19	172	8f235dc6b07dbae7dee9c818d3525c3ca4d5ab1df4e4450272dfd44aa91e7c66
19	173	7daafce9e6384e559a3a89d7dcc88cf972617df5915efb1cf066fa3151579cde
19	174	6cff89f9b8210811a844f520d7a847ac0638341afa2888892f0d09ca72d2eac0
19	175	3c249ff7da88c793af0f6d859af43d55b493c66e6d889c55b81fa815824ee1a8
19	176	17898798ee3ac3a3b8dc51c78edcb3d9010fd4d5c419d03750b2bffff66b0bdf
19	177	db859419a58f18a112783fdb877cac8a604bd1594beee8ed21f9a52cf8601607
19	178	b910fc7b2bd7efafc3fe8f6bdb05c8716901c40c9e8b428ceee66ad4c5622ef5
19	179	16e35754f939f306e4bcb23061832165a511e9cc438bb83530012fc5b9006d01
19	180	40854b811a0d56bd50dc3f658931f8fd26c0e1680ea513c97f4ee8b911ee07a7
19	181	a59191faeebc2932ecc1d23e4e8d5e5fa13f572d0d638e8b816ffe01ffc8139b
19	182	3b53948b0257e7cdeda7e3b1cc5c976345b06db2793203901e6fdfe4b89dc31f
19	183	df7b56f199036c4044cc9372885304dde1694c3161bbd0e497d78feff755b142
19	184	4121baa4a483d32aa7f62d87bb187c68dd9a6e1f4e0932909ec391a282c24b34
19	185	2c1ed9c46d5707aec716e62f134e90c0f9e38954662e78077a046ac33faa0105
19	186	b9b6e09764a6569aa8dad57e620687634fc7376d30745ad400ce81d9d41023f9
19	187	69d9a32e8c2f9ae843f0f2c8a626be0c413debc47ca99d2e63e59c49bc113386
19	188	77cea0988b9c20f58f713681bec730a7b55a2d49e2fbc464f535c83e15a6ffba
19	189	c45c3ca5a01f8cd581ed7f4a1e35da5540b8cdec5b34fcd2d0c9c3e11998fe43
19	190	14339dde939c3fcee023e013c7152bc0113e9c26830bb93370b7cd5e37af5e27
19	191	43b7cb229587a67fae4749c5fb635d2b8cef3050d3a8ac4e37adac310c14007f
19	192	d9875100b1997a3c1144497e35876837722837fd6b57efd32cb89094f9ba812b
19	193	e41454c35a75be3f0737a6f33f4f2c7b3ab2b23cdec1116e68a40bd213d76508
19	194	2913c79cae3e08607ba7449cd7e0bc760ac600b1f3d3f9e139be02c20ad58155
19	195	c3664d138cf72f7abce0d78e30902ee1a80d6c67b8472de90693988da951f829
19	196	445017c6b230b21f62906979c59c18c149a3a55ebf681ec3bd2037cb39038810
19	197	0dde7164847252904993c54fa91873a462e2b51f64ffe519794866219010438c
19	198	6ad7e51c8630fd273d909a03905cdc086c3cf73b43eea659d6f9d8a1865c3d89
19	199	c5363d6ab6922fc7f60b69ba29870c5bd87908f4a9cc7e9353686d52a2032f78
19	200	6cff89f9b8210811a844f520d7a847ac0638341afa2888892f0d09ca72d2eac0
19	201	63d9cc1c8382eb83ac2e48d5d8d7cc3d874bf0b764284a7881c2058ec704c1c0
19	202	d15a31053f40503d87bbc14e6eb5e583ec1ff0ca7a09691690524f13c0e53add
19	203	b7d8fbe618d2364773ff164e7a56d3177249df3f1c037598df1357faa3079834
19	204	8278bcb9cd5192659f27549872af8ca0cbe2b046445695892cc0117650b4e489
19	205	b7d8fbe618d2364773ff164e7a56d3177249df3f1c037598df1357faa3079834
19	206	6ba645b9b1ae8d6bae658bc91c40bf2ffafe2775b0c02519b3785dbd48eea116
19	207	08d0ca7c7800c39f63a59b6f9e32ca4708840c9c19f5a544b4ff790d1c357d90
19	208	73a36f7290349dc613f387c28ec58a070cea79776cd2380488aebff4041da00a
19	209	86536b1a824521386513c445efed12c34f3bd65066dadeb092c3efe45d70b1d5
19	210	3d5fc3bd2926cc8dc29af58bf2c5c094355ba8f93fca8e33c1f384f4f9b944d4
19	211	4b2dfb38e0e3e77c82281a42da5942d9caa0471a72e997f703888de9916a1d2a
19	212	bed8cc9b8b97b07158a8adaad848d9b2d936a79ca80dda2992282d2a72784052
19	213	b7d8fbe618d2364773ff164e7a56d3177249df3f1c037598df1357faa3079834
19	214	353b2e376b8465b2becb4779d69254ac568d1aeebfcad314dbf1c1803c6b99d2
19	215	c6c9594e5a73856a6076e9a8e0b3efe85e8bda2ed57453d49af27068e1218fea
19	216	ebcf9d9cc3a5184fe588369c8b6fa0f4b19740006134f7ac5223ad2f6d9410ec
19	217	88d1271a6243a50b720db33ac7db324ba767b41f458f2fb15943253d8806b0a6
19	218	0f58fa4e5deb832a0045e159fea79f0b28cf2e482f608ad0967447ab89eb5ca3
19	219	bcc99282c231ea663e180b921bd61fe7318b3967a4e3196107eff51eaff93a32
20	1	beccb151778cf2ebef3ad794f184b940ba5692f122df3d9677d6df63b57ddb63
20	2	b869d789b4711c61c2499017f489fbdc551ead127700033b48d9025bab51c364
20	3	b1a8e5e8c31c0670a240e460de24c15ee2381531140f77dc5da3f1d8f006a5ba
20	4	d117224c48d2d149b7241c24cd6176fa3f5cf653f3773d193d533a70577548f2
20	5	6654a17ce2c74141801d6d43eb28bff2d52156fee9f73fa172fc90282f2e9ae9
20	6	6f7aa013f144d02813e332d012a09a8f3484be46a0cdc3ffe7c668b07604c7b9
20	7	f3b695cc66ea0f53b107af6405166d3a452f0e48dae1b8d5d072cc737972c456
21	1	7b48e44d0a8596c8c5bed2e7b35614044117ab7a3546d18cf7f234dacb98cc66
21	2	8297be0483626a56912d287bfc0c6487691f8d9bfeabb8bca5d0ced215db31c6
21	3	547b47d437c07fbc4a71036ee787cb670b8f6c51f5996056a75b3f88709f6b4a
21	4	b7772ce58a8936c9e5cc54e147304a023ab49772b233acb86b0304099ed1c907
21	5	160216bbbcdc3b09f86d6fbae50f4a09937825d87d994ccabf383eed7dcd9dcf
21	6	8c40b5ba88306f5c557d6a97dfdba2b59fe27611b2c3d36a371d7113e6e62e62
21	7	4f0190c543753e954d18df03090c56d4f5971ebe97ff89b772ecfbe5f435e6be
22	1	8b330761c407c714541934137effffa80f6e2e84a9b1c7228a72a3aaff6052ff
22	2	3c8acf53217770446e574029dddac11cf49805ec4c7eac0eb7fba9f7d213803b
22	3	d8ef16ed229afd999e26c620ec1ddc39d4e8a8e39a2435dffb7b1437512d6476
22	4	b68a797d3f707214dbe93cfe038e6d64c802f32711a0c7b012261893e0e37870
22	5	228e477e3b30fa170a88782a9c900f62bf423208cf1b90bfee76887706cb71f9
22	6	0cd383607ed78f316b283790f1d936268da20275aafd7748e239dfc7fd4b629d
22	7	f3b695cc66ea0f53b107af6405166d3a452f0e48dae1b8d5d072cc737972c456
23	1	5f924e5e7b4bd548ed82c68d36f3b76f5fde6d6269e2deb04bd4572556bb1701
23	2	4147678b19d740d80e1489f275db569dbed29d3b34da060974bdbcb8fc15dc30
23	3	7bb81474c792f035153ad6ff3a96e0c16d07e7f70dd787337201b7213017bf28
23	4	0b1724496c2911d456aab07c1c318c80f8278954726e064bed9bb234e3b80cd8
23	5	da2840596d19dbc1ce545e5003a86b66989699bb911922ed79fd2cc0574b4eb8
23	6	02b6e6df729cf1ab66937db1262f80a99eeeb04b84fea4499746376135e2d89c
23	7	a73c07ce5ef804e8c93863f7fafefe8a7b0e11969b082ff78a5ff0c1a4ce20b0
23	8	60685e7f010f5a1d32fddc8e17c72a1c22e740f65fc7e0d0e5101b3b30f593ae
23	9	a6c6cba8ecb31e5b7818557d028af2bb00e35881057c2183192bbd236c52a000
23	10	207261e74a4dae423b380f02a61f2b2f6b35a0636bd4830d26d408e7e6723988
23	11	a0e43183153d7f53cb50e97376122d00b8c89be68de7c9c4d7173d2174ab9b52
23	12	4577ac4880b3e40da814227d8ad5ba0e35399c2ead9bf3fdb61b8366f6e0f238
23	13	990ff1beffb0d990cb04ccc2b4e894bdac4ac829b900d69679bcb1edb8aeb007
23	14	a7a42bbbdaf6fc9b11b5a9c46efabf47c19d97e4410457600891e1f9b49d9d41
23	15	9e503b6e88a4b01f0608a18633b1b23d4c985e5a7a529644cc85d1b915e04c17
23	16	fa5a9398f223fa997448182a6c06f128def7e47078601d9db5794fa55bb5163a
23	17	2754996cf7674c01ca7fd6a89c474d840ab65cbe11b28b32445e017351f01f6b
23	18	ce87cce59969338ee50d9c4b9af66cde9062b6b023076894234964c4b3ea9be1
23	19	2f8bbba585dad39f74225c7c18455fd40bc7d16a9ff293fc633fd8248957ec3d
23	20	2f3c3994564988ededff28e72872a2391d44dc40eeb16443da1fe307b47f7305
23	21	6b1e0c8b1504effc850ab5ac2190f40f986c301a95037dc3eb2154b7764c3102
23	22	0fdc5df7aea1b6321d046bc41877bff70a84b29544e81cebd3b984720bbcad9a
23	23	3575990d03e5661ebd5a14bbb9b23929281bfea898bd0786939f3fc298bfc050
23	24	2398c9c3c981e212ee14517db95de742613f6c3771e8f13d81f7dda2c1e99457
23	25	a1a6be5945e3da36bcdb2192b1a23d7a9d9025e8596c34031016d2d93f5a2215
23	26	4b005be0acb9fd28cc3186e21a2b1c4cfbe60825a3da36b0f2fab09b1b79946d
23	27	edbaccf796ca5f7cc83021441a9827252f396fdf98ce80f85bbc957f36a3791d
23	28	56873041b650144c2dbd0d3413cad004b0eaee2a10f0ce7929b7a942ac52d3c7
23	29	17b27895fbeb7111cbe70991e7b9b65a60322d934c5483d97395854a088a4931
23	30	6cff89f9b8210811a844f520d7a847ac0638341afa2888892f0d09ca72d2eac0
23	31	efee1f4f6c8c2fbf82d0b2fe1c136501c8647c26e5e545cba9a70602df516ef4
23	32	9ae14072ac17379d5d9b5179025eb6d1a3e0870124e22a67eb83ba5a6f4ee028
23	33	a47252bf94eb9b4c74f59a12da23eb4d73242996638122ce93b1052a26272b45
23	34	d46ab32e3be28c4ded9a416c8928ef765b4571bc9385e66084331fdde4ada7eb
23	35	38e0247efde4fb890ad469aa5db5330257e93989ecc95861fbdce23d0d78c6cd
23	36	c15d80874251176e5e850db35af8d8734039bb6c3571cd153be35f9e270b0bf5
23	37	86d53c475811801abccb6bc19d6e3fc9e42b75bb7bb1e24c175ac725f2a9c731
23	38	78586f9b0e067e6499f6d1523e1d53e31d70685edc07af195a32389e5f63c315
23	39	da34e37d02b877f412fdd750c66f212b5f155c2217e0136fadb9518ca655a661
23	40	a430d7a37148cf1395f543f850f924fd8af544d92f3c86b9dee6fc033b4177e4
23	41	4dbeb6740bafd556e317a842f7c846b7c76b889161c94bd317b5f656c274520d
23	42	bd2b0a7e8a1cad2ce4f9e5fe28d647ec0809046a5db5cffa2625dea963fdad02
23	43	0a976fb4bd5b033eca849f5a9e12cf2ffde2f58c9d76eb00ae03e758426d281b
23	44	5192030aedaf34dee8495b10cd7e7aef99953ce9019698f409c06c1db2a0a45e
23	45	bc2278114766f40427bd7df8e023c216504693559d7a684ba494f1341c62059a
23	46	c36d14098245b141b189e7d374ca28fe21c5594050e2e3edf868a0a3b2d36797
23	47	9fa922ef11029aa63b814f4425940b1bfe7d1cfda8143733ec545ee3eadf8cc9
23	48	051c448df86c87eb2b36fa134b1e314c7dea0e3e661c723c43cff0f7b85391bd
23	49	046bae24c6cbe0f40f94b7b8705d873f15f06bd82cd33167361ee682e596d6aa
23	50	75c07f5f06ca438b8cc9c779d49bd708c599fe92bb8b6349902078463f7f7cea
23	51	cbf50e283776e4fe60b0837798c3385439987573048f971c9481792745c46a8a
23	52	c2259dda63358c2a7a2e8c83cffdfc1eb68721610055a2d8a611b196be899ce4
23	53	f52cc8020d6053d599e1fc34515f095ae3bc94a2ecfaf05cadfaeabdf4f2fefd
23	54	2ce2f4de17e6b6cb249d6ee86234289d5818453fa99db723dea452b1f1d81a94
23	55	cf2bb1bead872e1a6a3fee99b25094711894fe3d693df94752f63953aa99ff20
23	56	8a3bf31f58254b6bce50fb441c19d417b3ec5a99c85094bc1e32b652708d8604
23	57	da4d4d35c7c2378a62032002ea349f5fa99afc672ea5015670e5f6d90b06deff
23	58	6cff89f9b8210811a844f520d7a847ac0638341afa2888892f0d09ca72d2eac0
23	59	ff563f34b3aa53ee84386c06b50e084051b81d9514bc0bc9abf347f5d0ae280d
23	60	b90c740069a36d70bd6b142a4063e4cb58a961eac255e375a45ed4e3e0288cb4
23	61	be111d271106c2e0f80bdcfe45678ee48d1d8bdfa9c836ec7c31dc41456b3588
23	62	fc171a152e45587e0053db0df287ecef2137a38b889cc88d1f69235fda46c97a
23	63	abe12148af8cc00e026450f7b8da3c706a59ea000f722e3b85c19ef17f65148f
23	64	12aff603f81137f14cb8f82c66abc0b425bc3b32415b54b51d5a4f4ceba65029
23	65	6cff89f9b8210811a844f520d7a847ac0638341afa2888892f0d09ca72d2eac0
23	66	82c99fa220f140b14d8f7e69d4891822e8ce8e43006ac2450e8b9bcbfeda7c34
23	67	dfe0072228abbb7f114a616e39b1e4a591e0da1adec30b91366787a4a5c5d7f6
23	68	1f70e04b8e8a63e194393ad4cdf1680f632842737ac70cb1e7d7222d6500cf07
23	69	71eaa5005318b0d15de34d3dae6bb1ff2c491a99804e1a325f6ac5bad9153354
23	70	5c49ac7af7764198c6aac46fdf17c351dc49e2279cb3a87be9fed0716c460da5
23	71	9185e09134e6ad05fa44eb9351ae93b2192d1547b739680148890ea1d1be2e42
23	72	6cff89f9b8210811a844f520d7a847ac0638341afa2888892f0d09ca72d2eac0
23	73	ca076261b26783aeb6ab3e770441034a0b9cdcfe413ca4012676d99eba650be2
23	74	4ef9c9ed25fe65c7b247e685a77ff5d6a0f542dfe240d327502e3c13d1e378fa
23	75	1f70e04b8e8a63e194393ad4cdf1680f632842737ac70cb1e7d7222d6500cf07
23	76	24eb1dacfa2c865ecb341ce0d81fd4269dc19f1cf028ac7f2e5482c45177b173
23	77	f77a99e22d23fd60eb5927bf2a73b86a849bf84f327f7c083a01d8d8e928d026
23	78	5363ae214dd8a7a77732e088924a6caa874fad3140e12cd892818ef55fe70eb0
23	79	89e274aef7623e3bc551b836652f8791fa5d697d74f6b0561e95682b0706df6e
23	80	bc905e53eb42fd70f4b8eb7a08daef1d679d9e2bc32eb51fa665c14c2e0e50c3
23	81	3abc09f5ee8b91482d1ad4175123488275044d04861c1b9081926d2168a24ce0
23	82	dc3bc0340d1f0d2f2966022e4f74de2e93a568455914ecb14a5c96642ced23af
23	83	696f86d1a35dfd9d38c86587fcaa8b2bffcf8e889174c932cd798ef0442e3310
23	84	d2e783aaad60509d067fc214780d6c7e99454910663d0da4f5feb777922236cf
23	85	f3b695cc66ea0f53b107af6405166d3a452f0e48dae1b8d5d072cc737972c456
23	86	98a4b4d4bb1e145c89a8add5d0ad237f058c3ac7e7f1c0e92e7ab612ba05d8f3
23	87	34e024b66b97c14f73f70359002e01e6773e8408e8fb4d58d6db6250f8ec9c07
23	88	80ac448b7467d133a25567c653cd031afc72913ea7d8e4cecc264c41aa674845
23	89	0f5b446b2822324f65a339fcdeff35e4a6ed5784b75230993af51f0676d8f50f
23	90	c24cf84acaa8a3c83947083cb54e63555519b1cdb1e06b98e3a0d4de75703eb7
23	91	46024f128399bc274312d666a9b8c2171b56294741e04457740aefa6ebf7a3d5
23	92	6cff89f9b8210811a844f520d7a847ac0638341afa2888892f0d09ca72d2eac0
23	93	8a2428f5b15924c2c2c19033fe0479c89642d6d0509342665333557487e49b8e
23	94	f6a7f9d546aae264955e6f2b0c6adabd3b808b768efb74f9531abe97684281a1
23	95	f4444c4ef2000743bf74441d3b38b3a4d65aa9b6f7f204d6ec0b92f7ef2e847e
23	96	b4398b078c7a06928d1dc2cc33ee576ff5a64a21c5168907c9cd784a1c4b47cb
23	97	32fa05e0c8046ee18b58c5df545f288c7d6f60b62ca34aceb8cde25adce4295b
23	98	5208e325c5934611d93eb0bd91112b765d57074fd91f1914b4b02b61406ad23c
23	99	f3b695cc66ea0f53b107af6405166d3a452f0e48dae1b8d5d072cc737972c456
23	100	3d715e9099707e15677477bf7fd77cfdb127c6e62a6740ab4b248e99996a2c7b
23	101	8eb4cb0f3ae1eaa567ec04919e3c14922876b94e63b692237315e14eac1c83a7
23	102	d02306da853b0cebd8a73d9abd59985a577955de9ed2b50b4bceb3ecb7e4ad0c
23	103	f66e30e6d5270aaf3036384592b6ea07f89714448a54c7a587c2c26a29cce939
23	104	cf7fc89f0aabee23630756f5c2dfe77c1dd9d34a0fa8a6ff23098a887184aae4
23	105	1f33adac70bd46892c0c1f9b87142d8ebb6ab3eceaaee4d5802372a675a7a987
23	106	6cff89f9b8210811a844f520d7a847ac0638341afa2888892f0d09ca72d2eac0
23	107	bcf874360dea7db0379fa25e0783bae5cd2e7ba1010b59f1c9c6621a79b0aeae
23	108	fbf01cd9f3357e16651cfa7771ba576a3be6f8ad6ad1d951ea123ab202e3c0d2
23	109	4422c2c987dc940a8d62e0d99d584d80bfe126bb36916dd44adf0978838b38c1
23	110	3f808881b6b7f9840e1531e5076caecc17b0a5cc572df1b896780da5c004c45b
23	111	f7e824953795666d3e0d7315da125bc8324068eb88b9d0a5f049f4a324ba6882
23	112	3acf6b89178e832a0076c2d3d2a0b9a7d19139e11f3d48c0cf9ace072164473b
23	113	6cff89f9b8210811a844f520d7a847ac0638341afa2888892f0d09ca72d2eac0
23	114	e0975366abbb310f286c4ad9ab1c999fe78c530db0dad1050495b35d9f8669b5
23	115	2bbe4a50b17da8ae352f6a339f7dbe73eaafe0431fceefc37c7ee4c073cdd714
23	116	616cf984e4e822bf3ef3d3285a16b126ce059ea58926daed41b8674a41159475
23	117	c3ec5d411c0391bbbd73c96483a70bc14495b9a9c61981a9caf383b70e9135fe
23	118	0a8ef6b3217a3b27ec05aee4440b4f2fcd8d8c5f3a47ca083cb07a7fefedc2a7
23	119	61ebf13d4bc0794ad620fcc447019b64c3cba2a7a0847ce052c5610cd9641d8e
23	120	763c90668f6ba125f53de9df72c994ebf8a932ff41d92b5be4e926fb2b9a91ef
23	121	96e826df2f81f5f8520495f2df16a34bfde4f38ff640cf4e569cf1c5d3a6ae61
23	122	98f7e386ff3e40d0c4b2f4bd13d7b5ff4b0a7d2b9ee8c2fd4b6b31d3b38bffd9
23	123	a99bfb5f551bda732b88c8e6cc5063451cfb3eb5e71ed02e5c29877d74ef0ab4
23	124	a21665ce2ead4436f8bc9e2c68e8d4383691caed5c810cc86d9c9a381fb203a9
23	125	992aeb243465df909a5342694b4577f47b8818f6e8083155b9a34cd60d772328
23	126	f62d5c3348e8ef712f3133dcf7e03955295df44ebf41fb8271e69be2bf8c9706
23	127	d079c2f4ba32329e884d39c532afe630bef6fcfef1c648c076d8084735474ab3
23	128	6550b21afb7f057580b71c409a0ea3943462dcf62396f7b6589da44b632be74c
23	129	89bf1711103d6b3c6e30321628bffa1fc0070a66c35a9d2d12fdcd6fc0800977
23	130	0fbd1f9fb5d9170841909b7032b32b35d5bd0a15ca630f4ad3b12fef540a25c2
23	131	c9f75cf4aa6f1059d4027defd6f94dc875ce89111ddc06251e2583e287599242
23	132	6f1f4d61b5d16bf642c74eb34d20704224af7b9dc05eac4e82fc05369fbaf2e6
23	133	3cd4b26d958f2a7f9a84607f3bfb13aa7a80e2125e203e7b8d9a8bf08e4fe012
23	134	ecf6cccab373642199c0c3c168bc97d9d91b426744ccf4c941b3b15c016eaef0
23	135	f3b695cc66ea0f53b107af6405166d3a452f0e48dae1b8d5d072cc737972c456
23	136	8b52daf331e8b4f26efa6c25f010034797fe3969c6be6ba72a97a7fd98a624d1
23	137	863606ea7869ce4e3191711b307156246c8bdd72dbc6a31a1a77564c928df3d1
23	138	b4701f68830e51b2122d464bd930ff86363ecf8dec061f73761dc4b21647784b
23	139	1e84bd2ec39b64e9c619fa7c0a9c0aa4f8427028b5cf919f29b6c3c532022e7f
23	140	2884121857210d28715910ad5ffc5d6d06a9c385430e1a6d0aaaeef98fe1e321
23	141	66ed483598c4dff892a270fff3517c73ffeffe3a3455b40ab66b75574516c685
23	142	fa8903724570d425171afadb5f166670c10a92e0ecb3f527a03b583c3f3a6b6d
23	143	5a7fe789c661ef958b04a68ca2c3fc982d17bea0c6e3dada66c11782b4902423
23	144	a6241b4231c593d22bdb182ab238dc59876c7497241c2847fdf0a0b2ee61afe8
23	145	86ed00e9cc813df197abef54614551b6262b7b03e8dd933e42485299165ef199
23	146	c15d80874251176e5e850db35af8d8734039bb6c3571cd153be35f9e270b0bf5
23	147	ad9c9dd8cd5c352d7039d4d509d4f904d1c005f3ffad6aa8d807fcf9642594d0
23	148	92cac24d969dbb66ceba5047f9e8f77292886e27151cae21ae4f9980a2bf3da3
23	149	b9a33cf43c04e7d78a3d6a6e8d56812c2c1ae3401528cb474479e7e0d126b7a7
23	150	3a72e62ba8178b1848b1b444f6088063568fe51211577eeccaae71afc83a2d12
23	151	a3059e2e69b3d613103e21a37b61e56308dc6549bb6e0b65ddbdcf4d0274412c
23	152	3d6d3e66007e6da7cf1c10c9ba61e89b17a11334fa9ae596f8b65406c6fcdbd7
23	153	d0479d7ce1f0c7c8cdb581bfa56a204036b1b5a102c6f8d05f8d5ef4c4d2ff3e
23	154	85e9c324fc545a7dfd8c3fe56059e57cbbc5a9850a447b9f2bc6ef091b9939b7
23	155	acde77db53add4a6ea615705b033fbacd25016bc750a45e205892543aaedb85b
23	156	3b54627467c7fc0a5e9640dad54224943d8897c5e30f71f6d505df4d57bb499f
23	157	c86d0d4ae08b18ee7436cf965e73ed2e35b68da0a3a2afb0b448df54754d5c16
23	158	1f23932f30e1c43ae192a94664adf7fa774d4bd11ba1c2ff705dbb90c2588133
23	159	f5827d4a081d582acb6dade9adb92fdabad9d669cfac77bc31f527f14209cbe9
23	160	c9ff5a1a1838b85ece22499e296e1a97da227296af86f9f1931954c45ad0be5a
23	161	5de30137e88e5eac5d8846038a42beee6cd88b23d1ec27fa9bcaa2545e558b58
23	162	4a25d83eb34db97cb1e5c9504e752de47dc40aa1820b884d2d486578d90d74c1
23	163	8d27e693cf9e8005d713ddb52bd8879109d55d5d77ec5ee4d648d3041c8ef46e
23	164	197865319ec24b5081040524b5389d93e1289e538854c27869ff8261d34bda86
23	165	a16d480a0fab2d0dc81ad2745abda278673c3f451619ade6bb25d6d29962b808
23	166	dab428033c834503359adc018c4056644dc5581f637fdf359715d41edd1a7613
23	167	f3b695cc66ea0f53b107af6405166d3a452f0e48dae1b8d5d072cc737972c456
24	1	2fc0efb87ef2f577c28a21fb6b66a0779f0f9a39fba240fffae9bd4a91de9499
24	2	c48a5d4c38d06148e3779405f0a43560301d62d7700c8d8175c33540a639d47f
24	3	9c922d5ff601d9bfdcf02f3ce0aa1acc8d9854556d79101e1c8eae7705ddfb5a
24	4	cea4b763400c307fc83fee10780159e157c8022e5a5ccc917a79c1b7bce2066d
24	5	5a2d89e040a740eaf51f0d5327b6316bfecf0a120fbe3fb731d07817631d6ac7
24	6	9c5123536dbd835236a62a8f312fb5eca010671cdca932723bba78ca2abe465b
24	7	593e0393134bcead4dff3d55a0ec096727a6bca7e280b0b5b969dbca559a7306
24	8	f3b695cc66ea0f53b107af6405166d3a452f0e48dae1b8d5d072cc737972c456
25	1	99e4a9a65bfe40d7f74cfe27c95e9e2b9ebc630195377f08377c6ff592cf56da
25	2	ea0a33075974a1ba83402f3efef50a946b9897e0b1cae625345897dd0f7409f3
25	3	e5533d68d0ba02578270788742894e97739241332948b59e1d06d0cff044ec34
25	4	ce60d9a80227c52ca85880d53ba32c15e0197e1c33c73225c555991d36b06ca2
25	5	2e9443627f8e7c955ed41961f2394d6bcaa19a793f2426e4a0dac1c892685c53
25	6	0adc90e46574af555ddd0963d638784aa625ff945db22a7f1e1bbc77923c92f1
25	7	eeaee611038c956b89063cd577e9c9ba00a23777731ed7ca005e19a76da23da3
25	8	570e364c9b985c48e32bef4416f87b0b8c07443ae816b32de95c4ac91cf1e353
25	9	f3b695cc66ea0f53b107af6405166d3a452f0e48dae1b8d5d072cc737972c456
