coord	sha256	changed
1.0	9e150465f88db76c985172418549984441c0d1a61ae0b275751a72ab6dc2b670	0
1.1	a98d0588169ba107421c3451527fa5ee83458c6f64b2e1e46ab0716f527cac59	0
1.2	57f89513547828053bdee4dccf941901b9114a617eabe9ae88692a9ac3cf5c39	1
1.3	948c5a49fae274bbdfb4cf5c73409717bbf91827b0402a2225159129585b21d8	0
1.4	f2edc6f149c8d69f69b7c01c61e442465924816551f681fff9a44473f442de8f	1
1.5	6cc7533c2f72475fdfef5ee6e887c2c5391d6283da6d8758954c8ae595b5f8b1	1
1.6	89f4faa5902b491e8863f8a05218502acdedcfb9e3407b30dc3a1fd068b4d705	0
1.7	85ca223aba9fcde83a66659f19cfce0ea3079fbf8017a273f42025efe3ea7bf4	0
1.8	917dfe5fccd35769cb26838d82b62655c79de01c4863c1effd75dbc392084480	1
1.9	889c0dc63f6cb16507d3869b47babd73eb2199665a8be2e87872b47f2730c031	1
1.10	11c4a64ebdba49cf270bbadb60ebd7c870acfdfeb1d4c375a0c978ca4c17736c	1
1.11	4e68add1fe2e2646655f6c311b19f1744627dbfa7d5767c0fe100c1de3664a1c	0
1.12	9b686625175710137baea565ad230baba5854e5117d541fbd414c60ced86314a	0
1.13	710f4ae0cb273ae408dcb39221452fa1a0f2010738ce94c9b86f8fa3b5b6c18c	0
1.14	18b39a529fff06d3211fe30f792b26a6b5abe70e75a3dd3b4a6feeca0d5ae867	0
1.15	b5855c3671568c249e493999e24e1a927cd5c651ffcea7d0a70589fe6c9a5f9b	0
1.16	86bca81817d4b466a961d41ed303b93cc9d2589e75cab042bda983653b1a6198	0
1.17	d1a6c4ee3c5cc1f8b7f442fe56008dacfda06c4caeab74d55ab94caa60c30637	0
1.18	ad58253f9262de14fab0ecbbe12ca79867cbfded450ecb51686e31b007124e69	0
1.19	6e7386f7f58136b697aaacdb3617a1ba9b0536c1509d4dfbe4ab4f7e56e89903	0
1.20	2221297eb9f176bb7696b6284b33bd40167757029c5f43878942d8401d9d6fdc	0
1.21	867c715fbe9dfb78206f9ba7f5abf0442939db607c7cb8c5ba3b34b79601e7e6	0
1.22	2391d5107977c02ecb304714c9e814e89eff9de523d674eb9bf553413877e8bb	0
1.23	08fc8dfd1c67fe49c3f1af76d7f6580055f55920fe699c2ffe540dcbf227bdcf	0
1.24	7df310d5b43d72342d472ead3cd2a378274d2ab4caae7d53f39cbd91dc2b0b37	0
1.25	9acdc3c9ee6addc3a9fe5b26d18a641fb803e347265c98d7c24e5043d044c40e	0
1.26	652f9f7b578d1e91d0ad4766ae716fe8cf2bdaf8d2ee85ce304ede1fe2c69061	0
1.27	22d7184cd01de1605016d87bd14bf812c23d2918edcc419db76df8c6993286cc	0
1.28	56aa85860541ec4b994d5b6fd91a0a709e462394d67325105783ff26085beb0c	0
1.29	0c957fd288dbbf9a25bfdb3a9d6ecec5e534ec5cabe12472b79af1fefa6df061	0
1.30	c0898df15d7362a22afeebda9321b9b011b76acf8083720cdfbcec5305bf67e1	0
1.31	0469cdbcfbe9c6d8c307bc276ab892132ab79c199e9d0b8b1ed55283f552e1fe	0
1.32	f0742898cd51c1b95d604ef5a9b8640f61b6d84ceac44bb4b3d7719abaaf46e8	0
1.33	c685d55e3c455155f3a298376989842efc13d7fb6471b35865d7b34b50f3310b	0
1.34	76206bc3b8c6ed469c0813bc491daf0aa14b9d84ad0d3f9f175af629dabf6718	0
1.35	9ac8f28b81b201639648b8bd85f9627e186e1575dedd4ebc07487e626e7b059d	0
1.36	727711f9cc5a22dabb539181626406b6d55bdd50f77e3a3a00fb70c15dd2b75f	0
1.37	12ce2dbbaa3383e39881601fd3de67a609fa9effcdf017f6a38dc3981cd3bacc	0
1.38	467b70723e3209bafd49fcf5d119e3ed04f3efead5d51e39fe67edb4b686982a	0
1.39	11b647822fcdf2938a72233eca13be77ba1e18f57dd719a1151b6e1e38074875	0
1.40	a6c14ee18ee6ba00ee81b5ba9e31a7eab3b9b2578651001a0ab2d64c331f8244	0
1.41	8af8b4d98247658ff2ca68f864781243f64231475a633340dd15cd774d0c4c3a	0
1.42	27c60a1574e43e443339e00e6cd1d541944363a0bf878ac678dcb937725f1640	0
1.43	e2fe51e2452dfb21ac3dacf01e1994a28faa2e9e34facfe5ec9629c07bfc1ccf	0
1.44	427d4c2b49fbf1c5c6cdcdc7771bf7af1d9a4f5f3af3028905c56569903c1c24	0
1.45	d27e4c838d83730ad99acb5687b8753b31fd2470f4f78d5e001419fbd0f4c3d0	1
1.46	ebcb0e2b837b2234f5fcfba7d9d8898752460194dab6bceb45f965753f00375a	0
1.47	5d86edac362fde95621bc4c0677fa14c85b0de7de2f77cd569367f4b373b727c	0
1.48	a5fbbce185a135540adf2ac891bbde27e2a95e2c12329cdbf8df350bb24a6893	0
1.49	34da4a31b1622aea264deed8b08aca3b05e1a9028f207e66e697113a8b8a904f	0
1.50	a483fda96b9279049c71160cd91e2302ad294b8cf3005c8326d3549b5e289416	0
1.51	a620e386eb925a9328b82b4102afff29fd896c352f60ee2c2fea8d61ec54df55	0
2.0	338ad1c7855103a831564c61ea7d7f31a9f7151836c5cb9f07b258c85a4132c0	0
2.1	fc772b25a2dd1909144539c510375a45b3860b436f553d034b295511747363bb	0
2.2	39d9ce63837ef52043311572d3673975d68f410ff8c1b056ac6c8f553233c6e2	0
2.3	d56dba9064e477b8090ccbf9554617eaed616a3131c749044be48a9220bd28f8	0
2.4	4388af5030365e34b9fc9cbd2ac8fa32444fd624486a0587831596f3bdbf418a	0
2.5	8b15207f3891e951ec8de3a713f9f1f8eabdfdc2c601e5e6c2cc49aecc43312d	0
2.6	4f9e8ebf36aa264f252f092fbd8965425aa8a98d5535342269211d32f1d5906b	1
2.7	092a34b39e3dd43186e4db0024d5d77af6877a0c4fab56df137618acbecee7b7	0
2.8	1428fac576b3ddc444cd242b07f50c2cbb1a7dfe3f3bbceeb81ca518c0b6fa5e	1
2.9	89f13d8c91c47cbc7cb473bbb6da9c2849358732c6665cb2001b51917d4340e0	0
2.10	1ebb8229521e4f2427697cc4f4e9e973fe7c51421dc2fb608e4d1731de66af65	0
2.11	58202f8300e251faea11224e417de74c21034e192c7adf103510afed504711bc	0
2.12	33a9966519e506a88e916a7d4569075a241172829d4af5652fa331f9563d9141	0
2.13	c75e2c547ff83d89f3af75fa6dc0796b77047f8cf0268556ada47c15580e9735	0
2.14	4268b14e6a60f5a5eb54717eee41df23c50edad712b8710a156026368d7e99d6	0
2.15	1969270a41d79615b622cb7032cf92f7f998e1a449424df29083a262035b7079	1
2.16	ea25f07d67d6e715b8d968a564a95b3754afb625559dacf7b06cb32602ebdcf7	0
2.17	443e1c7f907984f00548c754f884b25a0150cc565d8addd628a7e430c80f8d9c	1
2.18	34167113b834713c3ca28a5cbc87ec6259cccae139ac58c241e144f9cd28aab8	0
2.19	caef08c5dead08f1731c2f702ccc27e2ab21e665924579433f6a6bdd2c87a305	0
2.20	82d4d8894bebcd7de03be2811a2e1e327fdd601de3b0c3f709144465ade923f6	1
2.21	197df2bfdd7ca21983d8efcc6c235319960986ffb712e5793be909d9a4881e5e	0
2.22	3f18b6e585bb7a73266f1dd849eadcd10dd15c29c318e4d91a4a067c70550652	1
2.23	54994187a28f4987a18263f084337c4b9803e8d9a2f71e742a783ea7ffcfd191	0
2.24	81ba456db048dde05d7214002e5bc915cdfbb396897f242150441f1b0ac0d049	1
2.25	2e4afe52a180e4742938e38c7f660482f0ad6c3b862c9d08f6a89eb63835a32d	0
2.26	8ab39ccf08a6c62d07ae7ee609cf3b6d41cf92ccfdc014428d4b91d0a01085f1	1
2.27	39b3001e621894e9bd0ec16ad0f6caa0ca76da82c9a929424c0dda2190c51158	1
2.28	399c1153124125c1aed31f396e0da1d3c1c423aaf7fca60805b4e8a1f4d5899d	1
2.29	876e297c0f5db50de67a43b3ac4c2fba88fe4bedfb1fcbfc9d686858ff68856e	0
2.30	54e78da71448ce392ecea87da24f42d528108feb8b69ea4d04662f222166da94	1
2.31	f1533aa3bcd7739eaba8af581b94742928c7d520e668a0ca766d9d48758bc650	0
2.32	76802b469e2ab8a8d4bec5b17427ada10e20d881dc2b9dbf96abd93e26ff1b06	0
2.33	472d72962c77894a5772fe53a6116f3fe8bdfe593d27bc89c473e1e8b7ae8c84	0
2.34	083feed0ec8d24dda16ef489abb129cfa419aa1e9020cf03ac54e94cca9e60b6	0
2.35	8e058678c178aef4a37efa8b5012f1c6dcd3b3b6eed6862dd863053aae087708	1
2.36	f373df03205db24cbf816eb91368e73ef71c4e9c55ef276730acb79e3600d7c4	0
2.37	4f761544a507b3fd5bae2e04c06da8e911e12542da1df4684b731869ce1b2c50	0
2.38	d4bf59c417288d7a0cbdfce1229375ed00a7d68e9fe282065de4e65cda9d18ad	0
2.39	fec8fc0c5f1d96cf84595ee511299a73c8ba2fe014fb0bde2745312302ab0e7e	1
2.40	69ca07ff0f4bcfb30ea3edd9498d132e34ebaa2960fc233dacb152bec273f9da	0
2.41	f347d47cdc77ff2fe9b6ff82ce6155084dc0ebc2c77de7078e25d1a2b64d0866	0
2.42	cf650f3eff4b5672c7a01bbae1a36655e5ae9b5a38898f80273e92d5ab0bbec6	1
2.43	11ab1dbed4893a3a4079698e354d7370f1cb45a4c06c987b3e20e6355f5a6823	0
2.44	4c8824e1a3aafabfdbb69d0aa17ca62d1e584060070c9460b97e08215c287072	1
2.45	4d32f24b62e203b77d6ca911a3074877cd3f4fc6b7bee59075a508d9a5648f0f	1
2.46	a0fc94ac6192e2919180afd8ee7845945da7af80389e50bb89cedb72d266d0b2	0
2.47	e6efb0e42f23e8ea2e1c2b7b91a9dbff6856ec987562733921e754f935cf3d8a	0
2.48	bcf36ed56830ba59fc88410efa991949d812afd13e2ad40bba8db3f5fa008a6b	0
2.49	4ef5941583ba7eda0d0d05d89699fc1f2c2fc961e75f50edb186e1cb65981167	0
2.50	c80ae19b0013ee3f625320d7ea26145b95b67b84de4a1785826f620858302c30	0
2.51	fdd4ef1afa6793f55bfc50a1be99424539add0b779e92f755e9da18cc1c84db6	1
2.52	a6687d70ca02c04ca8c7f0801a779855404db9a34d04a59d87b5eb8ca128016f	1
2.53	84b382a45445927841b2a9fa59b97b22ea49ba61a6a132f6fb7bbf2b0e15362a	0
2.54	4ce8992766f170bd5b9f2ab16e4c7ae1c9dae5d8e910f22782ca58454d2bbe65	0
3.0	8c188ff6ce041a7d5ba8b86487afaf3c645957d57d979e736a13b85781609663	0
3.1	8276acf947e55e74163631f5dcef9be8ad360a8d75a1d88202bddd3386db007f	1
3.2	d334c636eefd7b54662795c7c6ff8ce23c2192ed1c033bbadae4a2dbb3fa1f81	0
3.3	180d746fcd3b0ccf5b31afc404240b1dbb51420352a4f310f4a30b0e0b979738	0
3.4	f402c725b0378c97c64ed625a5ca57dc343be1efd5be57456892f5aa1f954459	0
3.5	4bc4360d7e05f26de51bdc4acc83a5e251d3073effee6574cf3402c6d8b46b92	0
3.6	9b7efe16ecf8357f720674b788c42154eb202d6e13230fdb88b6710052d93bbb	0
3.7	584eb25a5e617e61acfd0952322cb79d04b73a33c0b65bf8bff2aec137fb221d	0
3.8	c4deb96e420121c8240769a1e5e537c2229d6e820a41c7e6116b067528579458	0
3.9	3647fb74d5ab5a798fe8392d34525db62f8ed7efdb32a317d352bfc70fd17f71	1
3.10	771cafb38fac8c9c81cae6f172131ca20ec21cb0f64b200a9c17a2ab9ee937be	1
3.11	46e87f6ef82e9a8f9f959614012c38c17e5b95c60cbac4cc17d574212bd05ec7	0
3.12	5d560f3505077259ff6039d306fdecf5ecdd726d626adf282eaa986b36984089	0
3.13	d9657f0d11557c90cf70fd9b2fe0943af5efad0ef2d17c46acb56a4421cd1a64	0
3.14	6da23630ef17a5ffd629d2bcfaae39d1dd6aec0d2479b11dfd5582b5a5715328	0
3.15	a094fd81645adfb511f63abce0779bfab438eed54122494d0c64dff6e9b00cfe	0
3.16	3c86d7709bc08c07123fbeb92de632160cd0f6fee28374884e0d5ef27555b8ef	0
3.17	331003e1d75d11ff19ffe0e5396e012f3a9af1637b1281b9b44872acaaaf1682	0
3.18	3a0a47449bc141d19fa7fb3020419f6e52bb92138a492301b46ba3bdf93229e9	0
3.19	c89ade23160d851598f6ed09d604da4c44d3024b7b5038b656363ac78a2025b0	0
3.20	d3f0b6dc32c9a2fb6711ac0a673c795970cb249b99a483d06c08d4b8c84fd178	0
3.21	09da54da5843ac00b3cce9c471aaef283219116cd51199deb9cd53248772780c	0
3.22	a6bcbd0cc8bae0708e323ec46b9e1663e08a9ee1269b358c3f4fc43f1afbf541	0
3.23	464419e1641e3a516150138af410fa6126866532c66bd3bac3c5f1522d0b1b82	0
3.24	0e923429d58f840a3e2413e389432674c24bdef2aead53c9ad1899c55a7d55a5	1
3.25	824a6e52d787aaf11e5685ec5c4b3edf37a084d2a914e82ba81bcffd4e0c01a2	0
3.26	fac8ae94168ff695db90c62712f22f5430b14eafbd71ec3548780a6d13d54ffd	0
3.27	861335ae09072c783815091bd3ac968ab215df8f3262eb1075bbb8d760fc7f6c	0
3.28	07fbaa7d7b951944cce3248b30fb914a147f98da1d5ebfadb036a45e1cc436dd	0
3.29	81415596378492ac43e7439c0936e225ba35fd9afcd9f56a13f33d30ba429316	0
3.30	1f6f02ef0724c2500dcdb5068a249af1db670657e15ac5f703ae4628821cda18	0
3.31	d725880da95ff007362249108c23a64d3c79986c7b3ac24e8a75707badfcfdfa	0
3.32	d316fd7f6c463dc3f2e2bc40cc794dc7ba45c21b2f021228b42a91463e109dc0	0
3.33	0228b2414a0eff7289c7f9948d56474bc1f10fe374c0e0c4ee9f675c0fdd46f0	0
3.34	58e0e6bbaafbd26afed4565dcf17c202159b858e48438bf7e3f0244135646105	0
3.35	b7ba253802f25155f9a9fdaa4f9f72bf1bf6df9fcc52f7cbe4ad0a0e94c327f4	0
3.36	8edea66e851d3a99990c7bd37416a401cb63cfb45b48c8c5179adc13db023d9b	0
3.37	8806cc4f526706df8d09a06b40a727a2a4a22299c4c2bdfdcb0461dcfd44d5f9	0
3.38	85db49877287782518849ee25826a97ce7195841562d162de0ccad679917bc7e	1
3.39	a465c644297ab8168a8719c7a5d0b7b7d24660662983b335edf4af3ad7279c49	1
3.40	5a759be933d8ceb0ff58a4d34c55bd41c282b97a56493cba4eba11e041c2cbd7	0
3.41	da201fc077672705126ded21e4f2025714c25784e1b741ca3f0c7e5ba947b9fb	0
3.42	d4fc9ccc016ec917997a4e8f12f71403923de3c0cfb9d57000dc86304a1957e9	1
4.0	ed9cdfb2c70de71c64be9e628a7153823bba3128bb96b0aa9d4ea56c60e0aa14	1
4.1	fac888511d3ca9dfdb89994d6235b00fda0e34746ea72d3cfa498db4f00edbc0	1
4.2	4abf53ea6726904721242b313ced794eb627fdcde9de82306f15cfd9f594f1a6	0
4.3	ecbff9f42939687d0877414855403b037c705350938b3ca49d1aed46da43a636	1
4.4	217a3c66e4fa06800b6ad755b09c9171f6bd41f5afa0c95c4b9288932e7dd7f8	1
4.5	6716e6b00ad60c4f42a83cc4d1b63f3c1640f22b8a515b7f73331975e1ca1bc0	0
4.6	328ad0c9259e5eb555646fd629bb5d4ffe3443f60e6bf5ed392671a362e17e05	1
4.7	681d5a8ded53f70d92ced17c9469421f588ece8b3bb662338fb3ec6b40f1a053	1
4.8	c0ac31a081b8be94b90f81c74e6f0d91f02d53db0dee2712bc9f32d7d1ef80c0	0
4.9	47b4c01d2df1f12b7cb1564d8c265b1689b130340d0cd7e992828782c4dd614e	0
4.10	ee1ccc88b4c9446bc439a44f6bf2e67e06e87b8acce2b81e5694ac3b886a2e1c	1
4.11	6851a82d702a81a971322f1297a204a08d212565604a4c8e44796daddeca56fe	0
4.12	faeb2b07d6feffd9231c8f04672c504d1d4928c2fc955d2dc7c18afa174d1f13	1
4.13	426cc6414b15b9ccc62cb8954ec5c051b30b2ef4fa43529f8eca8ece5ad29e33	1
4.14	8aa99036ab919ea9c2ab35271c62fe1808c67117187dd67901c2e3324e2547b0	0
4.15	b9c9b7f8e892df8e10d6e5cb8667122fcfb0abb90b16d6bf016ff72bfd5ee29d	0
4.16	45e78faed9664f3cd9177b81b567629cb2d4edf1f87e54cbaca757d84d05028d	0
4.17	54a45876d585741151bf2fe5b9413535b2cc3b4b93274ab1ded664a0d25fc19d	0
4.18	9a65142a591e3c431df81e79cdb81fb54278b270f7be2d0f9a2fbcbda4cc8b33	0
4.19	54e34ebe5f648ed0567c06df600fcd7d9a6741b38e659538fc863fe1c645975f	0
4.20	073b845e91765091a7f17059be59a5d689da4a32a52279af49bcb7a512c64096	0
4.21	50453f6de6233cb891008dd9855e5baaac17f776de90fa938749fc2d277b4a10	0
4.22	f82cc6a73c57197d76a095d8da451f6bd7dadeb44f4aeaab9bbf526a42f1988c	0
4.23	8bb1360ef6202217716feaab7f648f06ab39999d2fe50134c2d076feae303443	0
4.24	90a4457c97f22ddcb2a2b7fca687ff39abaaa6ca0c5c75068bf8cd0017a029d4	0
4.25	261f92813ea561dc70388c5c6408cd461c41590ca214b1314f81390d8f4938ea	0
4.26	23aa7ba5991e45edfc5fbcf03013ac66769e66fbc1838c063da30ebd400a727d	0
4.27	78b46fbfb5530256cd4cbdd8210f5dfecacec1c99117fe2c90347050b65e24c7	0
4.28	6f3ff23aa1a5f172d3a1257eb2eded9b51adbf4dc0be5db982b6829f7f46b651	0
4.29	42a80d7b2cd018f357839e5e8907e05cdf19bc351388a1aced7208236eb68884	0
4.30	87c3c098ff285c69264625c51b3436bfb5a0816527d01b3a4dc448e73539527f	0
4.31	268c737418b91dc3e412e1dbb4d56ea7467ac0d7d126b73ff65709317e215339	0
4.32	8aa77f08d15abad8da383d2d11c5ca7778244d390fe9de64c007fe1feb336c6f	0
4.33	61663dbb646fb004760ec768ce5e38e009cd2604f63bf949f5f7211d616fe426	0
4.34	def6f6e7d2022c9fa5af252a77c3dd0aced2a440ad665b76ff72903a67329d17	0
4.35	61b793826f0a6a8abe8351012e948ce635548cbfcc228dbb1d3e2e5b9ea13f2c	0
4.36	108146a452f39f4f3fb924612808e9c357e836ce704e3b50c2f55d7e78527e7e	1
4.37	b3eac020d36c6976849bb5a36593e9b61a9f413b77523ec76f05cdd0ca61adcd	0
4.38	7ea5232ca5bc37eb0da67958007637c0eb2faf5efc1559d4ff44b3321383c96d	0
4.39	698aefbe7259ad290d0d055215411c1ca28ecb17041d9c66d7e9eace8b60c770	0
4.40	37a8f21227e4d26971d5412376ece8578ab479d1edf1643bf847afa2779f5cb6	0
4.41	bae435d05ad04cfaceb851f713b2f5a0ead898effc940ca6fadbac942a40a143	0
4.42	236e900e532684a8ea542acb93b10e761ffed0b4ee3d7af421dec173a070aa4d	0
4.43	90e94637a5d2f3b92b8190d29782d6f3c36755e691027d8586ab5cb6b430ae33	0
4.44	f914dfc8e6a0d4af31d4b55af2dcf4b37fc0170fa88786770f89fc8afb406d07	0
4.45	e3394e7faab9c60bd89b7b2c99471ecd54755a27b6913a5d5bc039cf0a63100a	0
4.46	fb19f6cfdc3460d6cf892bd0b0a180dc0a8beb4ab603db161342efe867b07b11	0
4.47	be742ee8113cb962b4733b33fede325646cbcfbe3ef674a8a5f14fb77fa78ff8	0
4.48	ac4727fb465e8cd0d78c2c405ffdeabfe61932a6d21eb90baaa6a08ebbaabcef	1
4.49	976331c7d26a28c020daa8d5e270295536dad44d88366fb3c8d54b4a5497a5cc	1
4.50	e511c581078b32a3489bece71b5290cc9641253f7e0bc4010a18d79fc345c56a	1
4.51	6335d7ccde96d81e50ba93e04f645764fbe294ea2df64ecc7c6da2aef86f2085	1
5.0	f26cdfedc4c555de9f9d28823987b01d34bfec1bbfc499060150a9861cf0ba71	1
5.1	69dd21148d28434f365fb5bec0156778c79c9630a5f221f07723aab3b085169c	1
5.2	23cf64f91e8a4d9b314c3a40da45d1855b032411c64288363d7ac702ad12b45d	1
5.3	e317424c2c9c4ad6108a43b37dcb9eb7d76972d7d8f0c99bc5b95fdef63b6443	1
5.4	f23159b61c5704c0c80f64a9519cd3bd36b77846dd94e33c31f4165331e891ce	1
5.5	2cb9cc2d158e4f1b8f4e09ac5535b53101c7fd41630e2d4cec36b224878edca7	0
5.6	03d4d8c73d83a6d565fe09f733eeb635f396296df4ff13f0a7d492f2eb415770	0
5.7	d3836445b0237ac7ead039fbd8096e0ab8c709fc825623f234650d6b49205348	1
5.8	27d16ae33dfc494d8b0d24ae02a95fdf567366f179bf3f919ca607df75edd946	0
5.9	83924e7e6ea4b6d78c99308f74b516eb8598017a9674ebbed0825263273cf681	0
5.10	53bfe99ba61f8fa6dd85fce7e772ffd95d2d7d37f36252d1803a2d94e94fb8dd	1
5.11	55415df98ea0202f3b670d1510347230057ea74c0d91a9b796cbee8ce72d33cb	0
5.12	51810bd1981fe1dee834e02fd48556a698191fbea7f3156b841bab6e4f933914	0
5.13	5305c6d1b828f76e04acb4a077c0ae127e82086f6637e7c34a22422d647da35b	0
5.14	51e47d85c136c54ca8acfc070a9c2cb63bd6c08a2e2dd762cc5e110016ee3f60	0
5.15	a5f4428953461c43193315164342b3510d248070a49c2e47f42c6bf49fdad268	0
5.16	2bd32763486a7cd1ef5aa6c466ccc44846d7efc234456d0b49d40dbfdb26a689	0
5.17	db6d7b4fe88e2fa606ed89c0c148fcc5706b6ca40125724bdff6af030e1f402f	0
5.18	509f945e7c7a4e0e3bf00c14458fd85c5b69b29182579deea26b166fa7a41401	0
5.19	43fa3ed112431b54c0b786afaf3104c3054e1330e8b829fb3b8c5c0255d3ea37	0
5.20	f1e4d40bff7b0ad61a94cc52808e5f96d8b7e5a499e27e3b3e9c005e7769ff18	0
5.21	eeb0ad04498957f639bcf5dc50f273fa16682bc74cef26925caf96af24a9b6cf	0
5.22	b369c704de2496e90c4eea57eacaf5f9ef23507704c8f5bd83672283fa448d47	0
5.23	70e49c05f90f1dc0e1eb4513968e3401306e88ed0e2ce9d154a55500cebe3cbf	0
5.24	5679b37adffebc2de3d202bf9b8c18c0ac484a36e84e37cef89586940a550d8c	0
5.25	1f860b2de060e17f52c21b3b02f249366160cddff2273591662b1640cbe48487	0
5.26	01677f14e4bd72329e2f311533f7993d2c31f2e6812611b3115249fc0b467f81	0
5.27	8b931b68500d47025ae9e2928a4f34df593b089949071f4634985fc9bf9a3c3a	0
5.28	84fe0e31e2d66d3606dcb3f45e836b8e9d51a50aecbc31d2edc257799c3a79da	0
5.29	a823ad0d52cec2eebb4fff28927c6a292b25b6c0f5fedd448c1e3a3023c0472b	0
5.30	3fa5d4afec9c6833c12cde98a4d220ad3f8a218eab31a1a561f7db17d6cbf358	0
5.31	35af87674292e69e5159c8a411a238798f70f2ed2304c2b2b8874e618e9f2d52	0
5.32	d9b4f1b48bff05a8805adb5039a1fceba3692cba6f3cdf9fdd8d7e53988192da	0
5.33	803da53980992f40671e70e0e763492de98acb976204a5baf23d4dcf362f1f7a	0
5.34	3ecb0c0c0cce439c280ea37b61173be7af832ea3d40a6218c9d2842d41b48231	0
5.35	eabab1673b527830ec2b705e06b8bcb4e631162093eacdf241ccb5a717f732ca	0
5.36	ec531ea01927b0cbff8dd7ef434f709c6c91963c48348a568d1b07bb6f7357c7	0
5.37	b82262ab460cbe3d5ad360e955dd98e3656cfb20c6385a3d21208e6a8063d102	0
5.38	33175bdcbd89e99f1e6b58d2ba15bffae7bf295ac2cd2ffd7664ab97a2254601	0
5.39	d7b80bcef1ab08ef4b6174636d8f3ea00dc8e2e1ea3b3eb465c8b22be08d7228	0
5.40	675aa733d70ec738c888701da49a56d4be95df7f14deed72ccc703386bf57007	0
5.41	4e55654ee8522840d2836bd0ea87e8426e64c6f35cc2d2a0e1436c9b0b88d168	0
5.42	f8186450085ebeb505b220de92297ae766418a8af769d19ded276703c08622bf	0
5.43	84458ade6e6cdbe25307296fb8afbb4e02f844e9234c95e17d9b3d3de3d97220	0
5.44	0111d4af4f3f68544eacde13ba7adc297d03d78df380b49546917bdca36fc11a	1
5.45	3f23adde2256c5217f7c715acc406217a3a4f5d3574b93f4c37928c5b735ffbf	0
5.46	9d1d6c7ea711de6542c40296212f6da5f82b3d0d7008b0c79a8be19e21a5fd84	0
5.47	d36b15a3bb2152f9e42719590a32318514deb56d892074227b36a335ad523821	0
5.48	965b9c88000deb8e97312938f62f67be25190dd2e75e297ea36da3076a912664	0
5.49	484d865d37fcdab8074e3493f3f7d8f164471456be74b0db279c85b4371509e2	0
5.50	0a9f143a000fc772f9190d953e48524ee80f8afa5189843ba70ff6bb42d16525	0
5.51	c3ed8c1ea6c2c0d410531c8bba9f7d9cfde38a9bc7377f9781f532be4b5b47e8	0
5.52	6e7a401d9b78b18a6a7e8a3b11d21f10c09612a5561c5d417ec84933e14a0394	0
5.53	331fc958ea987322250bdf2b85019398a7c77d8e7f2de59e0400a80785536630	0
5.54	a6cc6cdfbc3ac28b8acc53b90d8f969dbe4bdd1bea89343cf8e9620482cd9aba	1
5.55	49973af554404b39d33489bded4075193b95c7e8617ba4614fbf95002d80fc66	0
5.56	d983e269cfaac0437b27c97862e899c41780a4ff37617c364690933424b775a3	0
5.57	30dfa812e124c29fdc0a086bc1888bce234157fad4091c8e7369e6df060874d7	0
5.58	5615578921c478dd000a299fe17749e42be7a0696136676466ec2eea315e3998	0
5.59	95d3b8c098e24eaf9ec85ac1ef3e7a0df231682ecd4ff9a8d361ef2efd816817	1
5.60	32cde2bdf3835b8e5f98915ac702e0186530a8122a252794589b3b6d76d68fcd	0
5.61	2402a006ed5d8c842fed556978cd578c7c4725fa8c75971b1c1d43afffc5e151	0
5.62	39550e5bf2c2991565a1f730007f7ab752f63e7986ae22d2968996a1b3a7f093	0
5.63	fdcb3b980c327dd00ac1f54125c0f7fc10d1d6561ccff7e4bce90f641ed57086	0
5.64	0f83c65ff7f805142dd03086cbddcb98139a298041acbefaa3c5469a0b194a11	1
5.65	662abd9d409ce8c72862058a7c99d30a42661e9ce359de7828bad20fccea5fd1	0
5.66	0362e204b3247ef83050f794589b2a878c053081f4d88992f35a8fb5ff8622c7	0
5.67	8bc7a8ac710525196abe66fca5cb1299cf26e48baf21997056c75a2d6adaefa1	0
5.68	c3fb16b1e7c5dd123be8009a847cab871f47ab0e225d09c96f1a6a57accdbfd2	0
5.69	2e91c831aba5329d01c026445a92751049d8b6763e39ea2bd99e78996332e54e	0
5.70	8808ba32583dd5ba9ec698ead3afe95dd99097f62cb2dad73c2725f061a4deff	0
5.71	9d35234fd9d421fb16f47e190516f4593b57c0911d7a3cdee0e19e8ba5cc1ddc	0
5.72	14d8566cc7d49add091de2de44546d155b694b2e23855cb070f3cc2321e143be	0
5.73	3051997ec7ce62edeef7c5129618043ab2bcacc0cbb4ef8048368f57d33ce079	1
5.74	2c1b2d31029224d74e7abd5b9e392fc9d7c7654f8a361598f67b26f772b88a74	0
5.75	0fcfcc764b64081d797b780cb88eb71f26c8a56e93eae5fee4e022d774fc2978	1
6.0	29b605c09bd7669b119dbce29416fba17f91586d493756ee01e385680dbcceec	0
6.1	b4af9a084dac8ea66271f269076bf487dc7a8b479caa7422b519664396834b98	1
6.2	49ce5080bf915064b9ec1d1e907b5ff061ac77d85af43b7f6bea9dc8e63aa947	0
6.3	46ba323143a27c3b5dec197784249028114a6f3554ac11e401816b30e5ca8379	1
6.4	b0a9f64de3ae64a7e370643f89f4afebb34e49df23a9bf93d95be3f95c6c7da6	1
6.5	77140e23dfd555b7f126f709bedc5430e210428e8befc31b9e02bd7040e3927d	0
6.6	2bbcd5084a642071225eaccf647a493ca8d69fa7488a34409bc21f6fa9ce7ac5	0
6.7	cb7370e7ab14dbcd55e864af9d59ae534cabcd1927c5b6f89f62189014b64a89	0
6.8	3e8a81afbc6d0e513262a6a26120a14fb71c53365d6dc37aa547a26c78df4cc8	0
6.9	c1f28f6803c25eff667e33ceaf8aa901479b679111253acb6623d3dce010310c	0
6.10	c3fe408c8e2e6c52e6149979b2a853edab7779b6b6ef04a8d67a762a797bef52	0
6.11	8bfdd853f9c586987d50b8be12948a4349551281f6d832af8e4fc08cd1acf58d	0
6.12	ac1f66e1f8da7aa37536b15f7b4351c59e5442764f02d8d610f84413d3f0151d	0
6.13	c09950aac3a80343d37e186ee1d55bc978c9826da06af1ad266f4d9f0d6ffdd4	1
6.14	85d71477d5be0abe669480e89350ed5223b7027a11c713ab73f0e26804b1d6b8	0
6.15	8d055c3948eb0b9cdb48a2166cfebd41f53afeb5bb4939be80db8ffa20ce76f8	0
6.16	05aaff4604ffd56234bd96b374289f12373214f98e0cef06e183f4984f72808c	0
6.17	554f0d0bc4a5a07cc4394e1733f5820026e4fb074e7e85603fc063a32a197bdd	0
6.18	9696bd844ea1e6a56122dd1a48d58bc6648f53b61ddbf0441d501324c2e553ff	0
6.19	0c9e204738a717b90e68ce1c2035e1613daa59048170e6393f0b6d7064074c76	1
6.20	113554d1ef3d5d07dba0418c8fac0a19507d07b90f09c98109b50dd0914f7574	0
6.21	9ba65df49d8ac985c6ea114e409ceb375788325f9221c193e572b22385079156	1
6.22	787188ffa5cca48212ed291e62cb03e11c1f8279df07feb1d2b0e02e0e4aa9e4	0
6.23	a04bb3c4aa3395d7b3ccc857f0d7bf5f13c8993433949572543fd2cb9251cfc0	0
6.24	cdd6ca5bc702eb2170fb75df9be23948d482cc73e26a50ace048d9922f919403	0
6.25	543a40076155a91373d95141ef6054a3594ba59ebcd62abfb3ec95652a5d49d5	0
6.26	52bde96ca074c6f7386d4c3e7df172193bae21deb076f4874ad7c5589d3ca873	0
6.27	2719c950d5928aad7e1b1bfa050496ef8120f8163a9734615e6489152b806432	0
6.28	fe057e3a63714da2a43dc296ae6561d427ad53d7a62ed94e886b80fde0d7d87d	0
6.29	98c86909b6afca09a6385b56865228f1a10dc40c22da59ae2c199be45eaa820a	0
6.30	2154837f6f74640859c95467cd912f15a150f02b2e2bfffacf76dd4670f8ee8e	0
6.31	f86b8fce2246217ac78b763c9f85238dcec53af5f783621490dbbb82ec6d220d	0
6.32	d2faa47ff7e93907fc936837f7a17faf42ce243d8ac50f05175f360de3f755ba	0
6.33	49fec638063c03ca3c2cdf7153b2fe0f82216ce2eb2471f5af3ff2cefb25ecc7	0
6.34	5dc22d44e52f911413ce6caab0e8b2c7069719af7c4b205896b206cf961c551b	0
6.35	828452f8c14b2127f3149f41db802617543f74865096442154d439f149627734	0
6.36	ec9d797e2da69fd6e963b533e640dead3da81fc265024310a848014ab87d5ca4	0
6.37	a24db33c6bbd2ed3ae6ef81ce056e80e91cf7b61dffcc19b9931bbfc501d0a7d	0
6.38	c752348778d4eacee0ce1d65dd187631c7c59d0411df8bd730498ae82bea2d04	0
6.39	0de4f10657ab606e92f83a6f147662d5275a9eca768eb8d5f37d221d357009b7	0
6.40	6ae8fad299ecfd3abb9e7b4656ea73f756f0cf6708da10b4c3056765922267dc	0
6.41	9812591ed145ec0a3e588c54e7fb3323dcb66f508155efc24d27f5f4f5bc46ed	0
6.42	2ae3bf44443907a33684ccfc32cd3b10047e933304d62f5d34aa358384641ee5	0
6.43	d00e6d86e34a52c1b622e696cec60107313e9615ac77cca2b63430db455185f2	0
6.44	dfe75bbf018c53ceeeae2c9427846351915e018159ec182f15c48fdc429716e0	0
6.45	ffacc3f223a631d02c86359d3a2c0fd6ec7ed5adf8ae13e39976a8c967d0f4d9	0
6.46	c96582acd1524721833ed3b5d92058334da52a8785ae2e326da47d503359d9fb	0
6.47	839ea341bbe71b21b773c5f6e7139167d087103a150fa7d7fd6a77399028a6f7	0
6.48	b38c080a752f7b45599f721538d96cdc6d89f410a483ca177fa1126dd375e24e	0
6.49	b4602361945515b06c563dc953bd695a17ac88b44fedacb6923da451e582748c	0
6.50	0e23a01b99810d1ddf941ccb0b4688ecda04ee2eaadd133acfb0d77043e8f01b	1
6.51	0520ff55d66197e232bcd1294bc39f731056dedbe7318a77ff5ab4d0755076cc	0
6.52	f711d6b304fc7b0364d6cf98268ed6b83f94cef65244c16cc045345c9330186a	0
6.53	7abc826dd651918b135b0b98a08e2d88445e36e1408351ce4e6a848e951dd5a9	0
6.54	d4778d4fe2adad40a1464c21303a5512a53f04aacbdcafb7430925eb65fc32f4	0
6.55	8bc949ca9b867d10539df91cb9837476b709c5cab62cd2915bf33a1f6f796fcf	1
6.56	3df4758ba9234d5874e891bff88a18c6d6d75e2d8e5715e20788d90d6292e600	0
6.57	1232c9cda470cebc2d71cca11917b7bfa262d0d8f193317a4c853b7a6011b920	0
6.58	ba8cc7dc0aed124e7e4d39eb60d660409c7ba42fbc932663cc5892171e48d232	0
6.59	d49ed239a7a2953247818048d78c4219d7f34a468b05dbf7fa30acff119e84a8	0
6.60	80bd5e057e907e84343bd7c07850c6dd4d1985154606d8a4fcabddadf0eaa6f6	0
6.61	11e510ffcb252e86fd3a4a7ce7e5c7e5f0d86b04e9ddc83aad9888d763866fe6	1
7.0	562c0aea7dd26248fadf18895ece51677ae4fdf7a773f6763cf5507a623dd991	0
7.1	90968934eab5806c2efa4d9a917638db9aac4fbd22a908bd26f6c1f67ae2854b	0
7.2	0815ae168aafa9c847fbc28c71be65330cbab3236e303858148cbfa29278c414	0
7.3	24102240ad9dd55d603c1163266344338b4ac9efe0e9f3ea058d3c2cd68f50b3	1
7.4	7467011bf62f39908c6dcea32208701e44c6adebefaebd4a5fa594a7ef7489eb	0
7.5	912f9f61a26f67cbffe3bf6d1c6ae93ceca2e9ff4b133a23b490064f9e05d72c	1
7.6	370fdce02d99a4c2d1862b5a5633e2dbdda14fd976eff099101c830b255b5dd1	1
7.7	945422661429360cf8987dfb09516d04b00317d03822a1991682dbbfb980fe3c	1
7.8	c589a236338c77387703c33a76b3a26bc71b1352ee5a5c493f5f6c672dc2330c	0
7.9	a84003d16a8b298563799d57955aee3d301bdc69c6ec5c0dfdba61277de5c8e4	1
7.10	d4e24c88c52affc0a471763bf12f6e0f2f5629e20abf2de1f7d28e3a2693d425	0
7.11	72ffe184b128283cf95f4000c0666057fbd8bf0d62f4f9facda9fce382dd67f3	0
7.12	756dbed3c46eaae8a19e2184ac1667072576bb333a1af0f3719beeddd69c2604	0
7.13	badc68457854dcb1498d3d58e90759386598982d01ee99aeb7e6d6958ee2b6dc	0
7.14	5ee09615ade8a0ce3d74bc83180098d81f454e3675b6de07a5ecdc32b4a122d1	1
7.15	3aa0d3c7acafbf1364cd024e2276a881e55bcced961f9ad10cbeacf195a32645	0
7.16	1cd75813e18339253f81d93e8e1b74e667e732f7c17368b4ff61116b12d0eabd	0
7.17	0bff6ccc5fe2b89e8c17e54c7d6f26bcd078b907d32f7f7931bba05dfbf2bfb5	0
7.18	303c28f24a96493f796c789786d012397b5d545c14b3eca15fcc991210e9a4dd	0
7.19	7a5979bbc873e5941937730f2ae8e9176544e9533c5c4eb5a3166fe0890c260e	0
7.20	12c2988655198ac19c215b3c7ba58f83c2134abada2636cd95825c903443a514	0
7.21	4af8fcd26bf33229e8c77ced49de3185b1f6e030cdb0363675bb48317e4c9c31	0
7.22	c40df78a77e97ced91426ce22ed184874dbc046b4747da2d75944cc05912bcc5	1
7.23	0509bdb4b3dd0c9987f5578500840ceedc95228259a244d5ab41998ec8073ffb	1
7.24	768a11124bafe6c68e3e1154df0d63b0bf6d7ccc980ff7857a293f9aaaa1a5f0	0
7.25	ad5d8420fb330d6afd6807a5566a49be34981e7c9bdf35c7e4c760e7202d19a2	0
7.26	3fcf381160bc707521486336f497ef407b09208b271a4b1da03e4cbb5e742fcb	1
7.27	cd581f710877f599a7bc2703e66d6691b728a8e6a8188049121cfe900e38f14c	1
7.28	06d05f13aefcf596f7469883d5b4febd918219902d13eb977ba567c775e42abe	0
7.29	362be5e6bdefc837ee089cb9f88a4648251513444d97907c08ff09b1022c51ad	1
7.30	95af95c5266ff6a607281701974ab15a8421bfe88cf4e075228fdcd4d6154c0a	1
7.31	254d1cd4695897ddb89fa4166ef83065b14841f59d007fd6bd57127671d6f09a	0
7.32	ec6a2520f42557ea309a5818f403be04ed5cd08b41d21966298b9803baeaee22	1
7.33	ea4490c0e836c62952f2a6bdb4fc85693f5da271444874d23879dbf80ae4b5fd	0
7.34	f645a9f9a6e4a80ca7b1ce20149b52c205dd9f650c3fe9dfbea431da0ceb3e34	1
7.35	a02bd2f393e93f9717d51beb6bf5d1c54836d65ae6beda12a1c3797ea5a37e0d	0
7.36	877142967ee8c9ed1a021be93eb33ddbf715d739d50eac2f0b35385a9f4a4848	0
7.37	cc1212a14d909985e6779d6b80d08b718f98588d544b5328481114a04fcc54ba	1
7.38	63ce3db5fb4afca05bdf832ba6ef14b5136e4b3d406b89acdb37c4dbd3683d76	1
7.39	25ddd1ac17f02542e647a77530a402c3dbac9ea4b69aef139ce0de932bed2061	0
7.40	1fcf00b805f545a5e56cfdefea8e02ce2b3f5bc4e62f78d00ca1e6fd45e0e8f7	0
7.41	4a56c92b6befa1979b074498e54bf42e2a005580ba32d2d45fbbe915ade11306	0
7.42	b92c760e9c7e0948acdc27e6b43dbbad49a4da355795005094796a09428ca2ec	0
7.43	118a2fa982e14668bc27d6a11afbc0d0c879120f83e321cb2a5987f20cf36cf5	0
7.44	1438e6831c685c1184c5e4c545e04ca20d515617aac51be6a56f00a5ffb07b14	1
7.45	b42d1a25af14cde9c7037516d67d988ebd4d5a81ddfa6befa8e99493ada59bf4	0
7.46	4251b3b6594d3ac46da22c96ef920ef472b175036ea72e44911428eca3ff7c40	1
7.47	8f6009214ef8164764252d4c6cbb5b028fd5f3ba4679b8a0d39dfbbdf883109e	0
7.48	faaa33fbc2792096947c327771e2094998100b089a27b17b7260bd0430799b84	0
7.49	63a7c5475b30041aeeae712004751006620b0f0e8feb79ef88cd28626f85be2d	0
7.50	d2cc42af11be6a4436a0daa5b6ece10bbebafff56e103d5bda81e6fba2f2383d	0
7.51	c6717a1f4dfd68dae04edd7f7723a2c53b9a8c0b7d14c3116430e6ec36866298	0
7.52	324ff3d3bfa26c08e7d260c5a1c5e2d66d929127389246b57a4d14332e8ecdbf	0
7.53	b1d570a089d7d4f5a9eba815d2c4dd77378751311af8d7cca9a7fcbce11e03d2	0
7.54	1563b73648c943e530d94f1bc4a06d30545659260f3ad559e10833f1003e42d5	0
7.55	0da4c53d769cf7b673c0a7ff77fadb51803b1dbe4f402122fb1c419fe529dcd4	0
7.56	8bff5a064eff16b367fae6339ac7454027d4865bb5abf5bbbd9fd21f45c2f837	0
7.57	c30c642d401af2c5a45f2603ceefe819c494e0560d32cc3d647928e5954479ef	0
7.58	9d57747448449aaac094384d472a8b480345cec98f4deb696e246f5fdba80ee3	0
7.59	c30c642d401af2c5a45f2603ceefe819c494e0560d32cc3d647928e5954479ef	0
7.60	ca13b60fa9422952339084e9a4880d25b1ca04dda266b3f2daa30e6c3229585c	0
7.61	1a1203c9b01b5e051126585f4e83813e6f3d61bb4a706d2b2077cb9d632d0267	0
7.62	cdc93311cecae56c06acf82fa89f332582b3debfe8d4c8ad26b62fbca5eb10e2	0
7.63	a3cc0d53a54bf8a2093d03ae72faf1e911231efed9ca186c0a19127042b7700c	0
7.64	969a08503a51b77c09bf7f7d729cea79a6e4b0e7ac69bfcb94f784b56301c81b	0
7.65	a9dd4e076a621cbf47900ebc3dc289c3cfd1823a943b640ddd31bd383199f4c0	0
7.66	f9e3016606cbef05f31ac00028861d9a51ff603d3820a5de5a45744669d9604d	0
7.67	f72f7f4b9786d1c8951d9720148fc54f55a253c54f15c51032d95a560dfd8bef	0
7.68	499f097cf704535e383997289bfd4269ae0a156e9ae43e7dd32cc95a113d5457	0
7.69	88d55d6ca29924c18f3caf579eaf10b07a3a3e27f5eb778fa0c16f91d1fce6a2	0
7.70	a9dd4e076a621cbf47900ebc3dc289c3cfd1823a943b640ddd31bd383199f4c0	0
7.71	0f03cd4727fea19a4ee7b5e8046ba56b5185bcf9687d322a495a1c78db9d0faa	0
7.72	2899d9e962eb033629e4695eb2f0a1799a2274c4bac73fb7abce04dd68ae8adf	0
7.73	11697a976879fc761f115cf80ac6c52dedf07fa20cd39827dc180d4f3662ba68	1
7.74	6cc8b276f254627b97e8ba3835472b1a9e86368b36832a99a6dff8a9d1846e4d	0
7.75	15c91dd6041cf8e1deb80fc1998b99de14b594b3adc155e33fb9f75bc6bae045	0
7.76	d43fe41275e8f4e3de6b2467cb4454a24834047ab6cbadfadfc0856cc42e1763	0
7.77	24d62ab85a819bd19e3b155fcbfb6df52d64e45536f02b9942940151ca47bbd8	0
7.78	a8579877b04d2090d07ed04c20bd7947c3db1dcb6e08113ba126857e41125e94	0
7.79	393ca2f62d50ba8266ff3f56e0293cfcc97bb3cb2b7873d93ef1aa8807352c4e	1
7.80	0b13efb830e5e76493651dfb240e1b485425a481b3485d126034ec7a81e4f716	0
7.81	47f1fc3830d03f0dec0e343ceeb92c0bc9ef3a8588c26bff5cfdf9b4fbbf11a3	0
7.82	1cdc432364a745ed8ee5f7d2b8e0d59f79342bdbed3a2eb04a46930be863aaba	0
7.83	65648ec2ba0f64703e2e28dbee72abf6b94a8232ef08f7b54566a0de5c2bc4c2	0
7.84	b7f5155f8c70520f31dc9f91bca77ae4d710bf3a4380b1edf8635a0d31adf78e	0
7.85	b4138ba7967c856c46e047a0694c3a204dbe6a5f3f3df554837bdad9588dafcb	1
7.86	fe05d7ddf6dad3a27bf3b1965b2be83b111ad34054bb9890c813aef992292e07	1
7.87	1f9d8f9ab0e3e524eaa8739921784e4e96587c7e95d613c8b3dbf425ef923bee	0
7.88	7701b83e6deef31c0cee7bef7177d2b77e97f1f6c06994173ab6940166f7ea3d	1
8.0	7eacc6bc30ab7470401b4b61cebe1126cd1c0e1a7693ea4ac56c322471df73ae	0
8.1	678d42f37996a5d91836996307696b057fe236c7476b77fc024dcad08e12d455	0
8.2	47c10b7fb53c09683b5d44bbe9c220e9139a39a6f368e62ee207e683c9a090c7	0
8.3	e24fec75fdb923991a2c4b3c11e5403519c675c9c378f0a411baa0464adec8e6	0
8.4	9e0207d0876137ea78ed5317498c5fbac58e9ac369072315dd2fa276a3d7af61	0
8.5	44c5c56c0e3e761c11a00c3ad6e624d99d60646e26ce7d5a2586ac2a2310c246	0
8.6	468c7df07e66a5293fd3c7468c2c844a1761bf414567d43b68e938ed8de9ecb1	0
8.7	bea72785eb2e757f9fa08826eedca6e65323d2c72cadba172aa498ee33141190	0
8.8	babf2f132439592560fde6f3c21e65c6ec87ba9c11705c14f4e4dd5401da6221	1
8.9	93b21c8c5b5d5a7221f34ed1110e0f2523fbe5c6068c7da4ceb777fa86a32ae7	0
8.10	6601c28d11df9305aad30beae934f498181c15253f3dce9d42391804cb875bd9	1
8.11	e092901b9d7b44c70447e04f4c230d323bea4c08e2e47568756fde248eea669e	0
8.12	fb36e6bf993f11455c31474b03f558511e99c7db7fca385d18ddfe05d08626b8	0
8.13	72319a4c3c9684e93af34fc4a8fa4b66671b3f49f2c1ebb2e6b7740741514da4	0
8.14	ba9d0ec8fef20a9fd151bc990232126e007adef1c67ee9fbcb6ec9b699700a07	0
8.15	ff41c83d0f0f6d5315fea1db83bb71654cca2dbb36d6bfbc8565677a765f71ca	0
8.16	a29abc50300acf69f5504e036270d231fa7688f02fe495cbfde6f01d8e4c00f7	0
8.17	43650084c441264790ed588cbd7f3ada81522fad7eab07643b28d61ad341c93c	1
8.18	aea1b8153b2cb40eafed114a930114a7655d475b01e97bf14a9a309adf4c9dad	0
8.19	612b5d81c7e10bad8bea1a31fef4b0e70eccb035e3c7b9ad60adca4fea377aab	0
8.20	a6f3d532f8d4df2bcbc574d09f31b58e0915a613cc6cd18df5036574ea5d1125	0
8.21	0a96410e8db4f8130f75e6e6100233d82f1d7d699a595e3f9b5ba05759f934a8	0
8.22	fb8f0534e6fad57cf43f03e6317c34b48b4d52f3a995f405d0938c045d6fdde8	0
8.23	03919101d4bb40dc0f5cf4ff4904465ec4c89c69cb181fa05e4d2d24b7aaf6e2	0
8.24	b9946c22d99713e00f23d8916aa7e11e706814c896a0e09334854bad07d65faa	0
8.25	904ef2c22638e72be5e43266f82f3084297da3c27a679c1ffd207337c7e644ac	0
8.26	6672cc328ae8d4f828ce21286c76f0acabab767a4fe1eb52340e76ec5e9a12db	0
8.27	69e8d2e295ef616e853594a4b9416797e86e7c63eef549cbf6bbee84529c192f	0
8.28	f64c98d3744c156c31e2811d73b59f474d5a77db6da7981c4256f8d90b8a19bd	0
8.29	76cbca765dd36666e28faff6cfb1b9779490664c9215bf7d8d2dd2131ea4995a	0
8.30	e299fcd4a8d211dd8e1df8b958a5506958610dfb6fd8fd3bc0212261736d39db	0
8.31	2c7cbb9c7da4d08580273dcdf20140bcce9a45d968a256e0046d22772b1a03f3	0
8.32	3592c0b1211e9a1289e5fd4345a9e6b8061960d9268c0ec9914b2fc6156ccb0e	0
8.33	d0cb57de02671b8f5465affb72530ece57ef3ad8d357b7a2be155e189527c232	0
8.34	0a4dec1ce7630366aeb7717649055936481ce22e4812be95ff3e1d91cc60a9ff	0
8.35	054d7eacf703d5a0ea1a2d95df0022527c93993962c599c5e7ebdf3dd756e54e	0
8.36	2bea9179ab728454a0b8ca488a844de56482a5340b7db6c5656728cbe00e6c6f	0
8.37	65e2b70439eeae8aca0301727173640694a66111845b89e409e70f9690d4be0e	0
8.38	50fb4a240250b742cf59915244cc10c008404666b9d9bad89a4fce6844783450	0
8.39	33f0fda5738afdbf57b269dd61fb252c6108344b11e14d8f9af70e3e84b6cb34	0
8.40	af8ee6be8fd99f40c675acb79017d55af2fef66fe9a26c81c3c2ee582f5d8ca5	0
8.41	069a2eac1dfdcea46bbfebfa1594ccb6393f38b11f67ea4513002cd420cbe6ef	0
8.42	872acdaadcba6a6f9be5e1ba3e232aec0d1ad349a9230715589f9aa3e88d27cb	0
8.43	542517b2a2c897b68a9be91113fd2fe0261b5a8880e3716eab7170cfc3010227	0
8.44	1c8f81f825f22c3288e5a6a81a23bdbc3006f7af097b12d885946899f9af198c	0
8.45	b4430b135733e6d28c4d481ec1c859ab2af25f6c070e23cff1b2a3b2e1b06585	0
8.46	63e711721cb04486034794175a8fa487c98dde8e3cfffdeb1eedae16250ddc9b	0
8.47	546627a09c83171d1d6d9a4fb40e4fe31a8ba269ba110241b6ec1b2ba9a71fb9	0
8.48	9a4766b9f3b2d30220e4ba90314aa84bb5d5bb72949956e18945618fd2f716d1	0
8.49	ca0bde34c0567d49ef29bde0358acd80c2cae7dd3f25cf3430d591056a9a7b89	0
8.50	8dbdc7227c94ea555ba20d4612994f5403e8bdfaf9aba66919fad3166dbc5d9f	0
8.51	5337e5edcc3467ec709cef26188f1d8d6539288ffe115759c8870ed063ca9e9f	0
8.52	24efe6acf67abdb2700eda4f8fcc33a1bb35597fd56266bdfe1f9f024072fa94	0
8.53	59065d000a0f41d35dd58dd0c3054dfb356b9231e48892bf78260d20fa68c0fd	0
8.54	6df724110ff6c0bff2d490e2f0c15240e8f99f2646f83d5b91564e7dd479c9c0	0
8.55	2133cd942cbdab5cf4e2bb0ddac2f299730d7d2763e816aea18b807a78aee9e8	0
8.56	aa8035391bc6b41e0985a416bc1f94af1644a0b7676d2294450b481f6df625e1	0
8.57	f531486d1160ac01504e68ce6e61b5d51ac23bd4287774b59fe7a414a4fbbb7c	0
8.58	1657270cfbc54bbde56785680a1943d0ebf1b836ed2b6eaf4fe9a3e0e807ed5d	0
8.59	84d36855086f3fd5e5aac23075d54c742a1c9eeffc14ac42dad212743b306983	0
8.60	62e2f8f1bf30eeff3d05b9c5e7d83b3afee5f31b10be40df30a6f7253f9f84ba	0
8.61	de86c91239ecbb95953461737e5deeaca4329873f9419b5bb4d1451408cbdd49	0
8.62	657effe1da1f36ec11de993f95208b90dc2f0c6e0ee4b04771b13a55e7680968	0
8.63	fdda4f50014edc55a202b60938b2285b690ea8f41171b5b6edf4c016d118a22e	1
8.64	31f2e1c6ec7877e7e323dd9e063a483ffefcc77b49660038a434d6edfd3d7c53	0
8.65	f0f815adf863a445ca33b938792f3ff37dfa441ed339866de366ddba0c7d64f6	0
8.66	60a7ad92c790908f44ff871cf5a2c5c0fb8ab717c72dcfb3077936b717aadace	0
8.67	8a75cc9a8ebaab8e3d9478e7ebaedb2ffea9389e157fade54003c52d44c35af5	1
8.68	cd1f81b87e1e5df3668a6f00ff76a7178e820baa6eb743c863a714f378463b26	0
8.69	f490f60c93e88ea8067a50f6ce42429218c0cd59fb654e0e0f411b6f7579253b	1
8.70	44ef2a7533776727ee799f83d1a5f95d82520b47a67f421c6c6b7e882d474294	0
8.71	b1fe32d98943a32da827dbaf2a3c039a48260c5b71e2fa04b4783540f3f6629f	0
8.72	e1c576fa537284404d5103e96f7308487c8980fb48134a4d9c7115fcdc801917	0
8.73	e1b625e16d3190ae44d89289775777e879ddd739eca695465111578ae12c0887	0
8.74	dad055b3e1e841413cd5dbeadb045596071cb928ce2cd73aa5ae18c2f89b557d	0
8.75	1a54cf2c73bbd4aeb230324a05e7ef717f97d62e01a5b6d845d7a753cde1b0b0	1
8.76	d0bf0a7ecfc79568d5d7f491470818bd2b7f0fa36de36db577b5b7d9faa5ab19	0
8.77	f802319b0dc3658465c71c444ff628a2eda32d021e05c4f217a64cdc792b96a2	0
8.78	e7f245c9d3387996dc3c36976c4555324d22ae258b1991a60bfee24c71120762	0
8.79	9f1a3c1426d70b9d964bd22eb4ec63f781b2395e00c41b7a4a83a37814454075	0
8.80	5c717d48f4c35338e06e4df74b09504dd6e49f1e3fd6521d8681bd9178b5c7e6	0
8.81	0044a069e40875467c64673f406e7dcdfd7572618ecb95701ebc6e56f7cb06e7	0
8.82	d06f0ac8953b985c602d211bc8fb6daf90f4cfed6c149daf91b0390026eb5dfa	0
8.83	7461ccf20aa2d8e01a5f888b0dc4afe0869965a9a807ac679b33bc882897d82c	1
8.84	f27b2e5b1982ae77b3e13575dda795e548ea25a569f9de3f3846b8ad3619980c	0
8.85	948d00cfe210a08d3d7012bfd5219d96fe73847c77bcdeaf211c0661e357ef3b	0
8.86	f3f603efc4b9c0859e9918e3b186175b0c7b2d37acc12a8395fcf0e1644b65f5	0
8.87	8c5c51d4dd8a1ff9226f3a00b2cf187f2c23aa7091bf80aab1f7e03384734542	0
8.88	f24ae265b14d013bb1640442ce4de3be8647dcb1703bde30385f50ac43cef353	0
8.89	1427f7602ee03db6a2dd57dc345ff462d0952d2c88069557efb11dc390d7b32f	0
8.90	914ddab91021a438d28fd5f2140669471039d024617c2a5329d8eaf7d59fa1cb	0
8.91	70532d37d30b849eebc2bc7eb71ffe16bf4a855ecc7688344f8f24b419755fd9	0
8.92	7ef94aa15fb5a0aaec5a8fe2e6ce4d36bc79ecbcc4fb069ff36461d727af73a6	1
8.93	64b05720ae518c221e7d2424d081fed900f49fa03da24c621f9f57f5181e32b0	0
8.94	7825ba8c5da1f906066324913ca8b80228972dc28b78f16b10fba20381e6495c	0
8.95	16fa3f9c6e1a2fc739da8305df404adca278a06af0fce18ed07bf3b5f3675818	0
8.96	a3fff1997ccb5880f915784056b3d545e9a2b906c70ae8af3f4bbeb690ed6b6e	0
8.97	e2c7571da881a12a7f3446bbb9c7711946b91d7be580fdc1e83bd7363570b66c	0
8.98	50f13778e4bdfa5bfa47879d330501c2da399805c04c29e30e3d2cd2b40f80a6	0
8.99	45f6d02aff3018594f39c5234aebb683ad7ad07e1276b18b823d0b7d064dcd2a	0
8.100	4878fd45ad5b0ba59e5b0cd3a96ae4d0ae2340e77c435f59a3ea0d1883b43498	0
8.101	964d8bbf9d16523e091350a95ffc2535d35e67addbe04c9e75b172220fe93b85	1
8.102	9cb71087bd4b38122f49755e39a8d03a4e43f2de4ae98b89df9468b69172a7ec	0
8.103	5126535c2a64483673069035ff52b4f75c73c78b247a4587f5f9295d3684c82c	0
8.104	e66d5188c2696dce67283c4a64d2e1a7072852a65ea5538b002b77d075568519	0
8.105	d84eac4fa3ea3e93fd709deb87f70cfa4d10d214b1a276e6a0680c1dabc05bf7	0
8.106	dd326bf442dee9c179ad2c0b51227f54e4a6e4ecedde4aa3b51773a79248df7b	1
8.107	684796588074c966ab21aaca839d35a4ce09fa06c12022b50c959fb3ffa3ecd6	0
8.108	ae395cd4f78fdefe2d8ccaf2773709b8f805b1f84a8a5f6c41d7858f66131bb6	0
8.109	85857cf760a6ba8a2176e2f98e76bd1a99a972393bbe41336029fedf6fb62522	0
8.110	78c9962600011a0ec23261184d52ed7d966211c6639e7af0ef1d105eda0668b0	1
8.111	9d09a8671081d9ab2601477b6aa6cf9ec9660d9f82f502259bd28ee4e74381c3	1
8.112	2084c7d3adacc49b573826c0e578ea8979311b48384d64adcfd28dd068113de5	1
8.113	fe27712144edb7090a425d51824913d60bff958bc8f59c88e7cd9830fd2e6597	0
8.114	01c2fa7c815bb15809bf6504ecbfdfe7e18ee0669b3261d3f64f11cf2edf1ceb	1
8.115	f8e80df75d8328f91be948d07576618e8fcf4749b0bf6a899d1b0b4585bdfeb2	0
8.116	815e5a4357230bd7c7a940b3411c0593cb94fb8f7bf3b97ff585ad550daffe59	0
8.117	48bd08433db2a523b3192d192f5a12be1ab5fb87cda70c6d35f70a4ec93dc307	0
8.118	5c985ccb9b6beeabb4a05b818f61d2d44a327313298ec73cbce20743e2542149	1
8.119	164e2d296bd6f61d73bdc49902841182b5dab81eda28620a638dee5d3e55a046	0
8.120	7f9427b939081fe3d7ead464fbcf42f22e7c58af93a56edfb83883b40630be86	1
8.121	b5248786ea29a37e44328e11d085ccd4830da8f1d8c6fef6311ce490b16ff134	1
8.122	d5fe6c5dc9aeffd9754eb6d4e79203cdb9f0aaf1a45ed5e71b1d80f4fb55d4ec	0
8.123	93398f14848770ddebde24f1d2c4b3e3c4a0cbc39864e363abcc965c50afd54e	1
8.124	4236e3fbad1cfa91fca95c8f1b5022696245e17197d03db63ca9c6c93fe5c69c	1
8.125	1f6755caff58a5342abcffd0ff7db61ea67178477dcce4e499f265655401e5de	1
8.126	0a48db3318b11d648fe378325046c97eb0a1d3e712cddd59173e26b7fba4a4df	0
8.127	1480c871567741b4902de14b73ae925dfaaedc09e596b62c00e6507ce7d46f9f	1
8.128	9e8ff8207866b6f172d4002cff740fc2fd45cdc55a7e49aaed1c20c0b5ec7ce3	0
8.129	2924ab92bbeac0e7b20400d037493879d13e48a2223af1a3a4aae2a12268bfcd	1
8.130	07141ff1d88e15d916c67d63de8def4ea7f71fee97903f907b201aa17c5a25bc	1
8.131	0dca933b3a11f5f84a3c95c8dfd8caf4cf549c0492b568111286ce3670305641	1
8.132	3212d246b8f679f8149104ad49cd989416060a548cf8bccb95901fe94661941c	1
8.133	22d7bc783c5c6465341491c27a8197d4b9cc01ce9b9e57ea73fe31b6601777e0	1
8.134	206f62126cee5eecc1ea38ed8f06850b01b81413324c4a34b3323887e78652a7	0
8.135	a24a66a766e3175c23ada13d4743c2996503f461f750816440434f93aefbb9b5	0
8.136	ada6b363a4222c82a683c417bc711c555f2de1f39c12f8f4cd708f1a691d03b8	0
8.137	a8431942ff54bb0fb9569714da5a126a46f277372ad723f925db3928ae82dcd9	1
8.138	19872e38df47cf1eb7df393c3f65f43cb0196175dd3a428527af9940dd00b227	0
8.139	747d7ec0a775a77108a27b0d7501f2b123ab33812b02d5a0d66dd551cc3c0dc4	0
8.140	d6271a990ca0d6ec14f222594dbc30d62bfe19530fb170b82a8b2d3060482627	0
8.141	9204d400bb8a38697f0df582791563e6e93e12bc3a4e413868bef3797f6dfbdb	0
8.142	1799e693d83ed485f427fcbfc84af7ade0fa7c716e466c1a286902455bdd4a62	0
8.143	0971dcd4d423ce22564d39baf4287412d5da28db127d28f08ff98bfc1d8bb934	1
8.144	eafe161a4a1a81c1227debdde70b5c9de11acd19a7d4917ce1f5042b23a4a26a	0
8.145	c9b8d0f29b2ea99ee6108637ef0830412878fbf1e67431e57353daeb1cc70739	0
8.146	80583753346ef4cc7b89fd0972e234994f89441a096754516fca7fbd25cd040b	1
8.147	327e74ab9e7b688ca3d807f6d3df169f62937b02f9ba2ec11abcb79aff7099a0	0
8.148	6de71d025c202257177b0c1746caf48758a4a350e53b78d9b61556d8927b52a6	0
8.149	cffdf3183c69835ddf19967b94b7bb777441bea3e2ac71515bcda8459d8b37a2	1
8.150	2e7dd9d1649dd9cd001dec79eb5b6eb31628fac39904f9e2a477bbeb19d3e653	1
8.151	f7f04336de3e4eca8d3564e5becdb202ffe07a43946274b280434e51e7fc13a2	0
8.152	7af303661889db5d4211a608002046ef97a6a48c65233611a0309a38ee1422ae	1
8.153	b1921c6b6fc7f546c758966c9eaf272964bcbfe5803581df7a3fd7dda6fbfaae	1
8.154	6aa3c0332822ee92720046b9ad8f07ca780878c76ebe63be877b8e3e02cf7eb8	0
8.155	f20173ac033fe2578fc8c63921ecd67db3c6c4b259c87e54266bfd9a3cd2c51c	1
8.156	d04808d6103dce2e1bdc7c94a2f5f6a80db98366240027bb000feb8b89b89846	0
8.157	a3370bc1920e3bcf8a0969e14982c1acac03d7922212e75f5fffc7f483ae60e7	0
8.158	cf87b23d0f70cff8f9ce62b411ad616fd9be0b93edeba67c70f647e5a4b848e1	0
8.159	ab447874e64c3a7ce8f6a7947f9864bc18bfbf4e7fc56b0ecd83a9a3aa551514	0
8.160	cf87b23d0f70cff8f9ce62b411ad616fd9be0b93edeba67c70f647e5a4b848e1	0
8.161	a78fd748904cd4a98ce96a2e16f103240e300b07285753d6831b2e0627960a77	0
8.162	65da62a86bc6372eb8e8adea24c952ae94bbc15f45ec5ce723f8bf61998e6250	0
8.163	9dcabd4bbe6acd139a993935c4ccb85ef770ed129e3ab47b014be0c0b58ce707	0
8.164	51757c6e9b84f5c587d53b8de83a4d098e3635e97a60447840113ce03b13c1b1	0
8.165	97fff1477973bef2c1d1b5f59223275a7654b26a55a9895faaaa3d725d612f9b	0
8.166	abedeb971fada8843600a05dd7f801c0e9fa47df8229f68db571119be2e55cff	1
8.167	1c7bc8ecdbd1d91c27b242fd645d790dd54fcba9b623c10c86279d47893b861b	1
8.168	0978a86fb6d657546614674f3f7464d15d7a5eb6107d79c1a19519a64226dda3	1
8.169	4eda4a2dd271134f5e23fb607e6285a13b3e8dd63ef88c9dcbc05bcd891217b7	1
8.170	11d77d7d32048a5ded5ae663a233d8f2472c098281413c7fdc6186c002747200	1
8.171	a2f9e42e16f0cc555a4e763a6b15eb6e4c05611e28c8d5a4749faf2d992bdc74	1
8.172	7b66986fd41c2af752b41e00fc8f3ff9fb0e8e9d2f893fdfe91ed73a5fad813e	0
8.173	f4db505ff64f9453b08fde719d08207fdc229614e2d0be0d1b5cbdab9bf3de42	0
9.0	da66f86bee8969796b895803a6cc1403ef629cb4199d295e0c0fabc48df3adad	0
9.1	bf64983e8db7615fb4bae6cead1a4199ffdce584e5d2cac69e801a62b26cbce6	0
9.2	007dd695bb9f372907deb43d11b78460451be37270721839411745ee105a8480	0
9.3	3894bd0f3a5b1e1519d142562c9894d9c86431c6c918ac0e4b2b9f34417d47fc	1
9.4	c0d9f643bd43c4fdfc7dadfb9cb060215be1bc01463dc61ecc4c4d3b9c878167	0
9.5	c7d115c07244f3a9595626bb7d1b0f14d556e5e6606a1ff37a049d6b92f4f693	1
9.6	fb8d4d3cebf2f673e71f4df1302fbaa83a268f0e3666cd8b15d83035d8906cb6	0
9.7	1252370891f3d29aa05ff41df0c9c615d1845cf7a78dbf176e3a8d264629a27e	0
9.8	2357b56e9defa20cdced35b13e0a72e9edfe5170f3a9dbb079ea8845b6f6edf5	0
9.9	c918d0be7066c6966b9911dfa6bfde8dd0af8fcc401f356225d0fca379c16165	0
9.10	d43507dbf27b7ef341827ef4f2f669259111445f3b1a23c9d25e833bdbddc413	1
9.11	e2847d9774b25ddb235d5ef105b667eeaa56fff71157a6e77e03b22e2eccd6a0	0
9.12	496217d6f07c79663662f8f6ed2ecb592e71661305687c0b452f493b384d4e88	0
9.13	15ae8583049cc102cbad1bc055d99ffd737e457c7b816db1404a79e6a056b880	1
9.14	03bae51a272d2b875027348b972d14dd3589819589706278f4b3575d33b54e3f	0
9.15	1661185215900f995cf93f4eb630183bf5fe4631e102803ad8d91881fe6bae33	0
9.16	55acd292fa532e232823300153abe0f5ec6655f775d6039471648675a25ed797	1
9.17	31281e385558d94251cdfce89525bcd09af05996273fd2bcb5f52fd1a8f7b14e	1
9.18	377eace59471bda4b95b86f98c996e95533fa2d522e32c8a7def7de04f9a2684	1
9.19	73f0bd338d19d52b31988a45a11108a01e9124e070c3ddc4bd5f17dba33c6b23	0
9.20	9920e1742661a70cc3446b1d9285f402865c7e8ea74fa72178d7c398cc791bfa	1
9.21	d84bd673ca096f326b9e43eba0cd8fc0c52d2bd1c5e7836c829e253c3902a550	0
9.22	4c3704a5d16aba62df9f86b2d00ad8e875b84f3dc4c8e0c6d19bffaf41bd00f0	0
9.23	02a07458d0b605f7336158fc82f8bf1406440b2193d629bbd2a94fe65d470ae1	1
9.24	aa68100b1330516e8541a93f77b70cc5f5c7382a76d9a41bc2eddcb3d92723b0	0
9.25	e1d2471f1104c68405fea88797643832213825f8cba941bf640cbe2aa20549a3	1
9.26	bc63d8c5f8ed23bb819d9913223930b45a6c50914cd8adf5f8d5404197ab3253	0
9.27	b4314be12de4b2fc19d9ad9f0b189d8ef75cf60485766171f191f4465209c9e0	0
9.28	3597b3bf332e1c1999614f08d75aeb4956bbae3c18bcdc096da593985d98b362	0
9.29	3833ad5b6f0af6a84e11f66f8c9b56d4c08fd6764a005ebb5582e9051799b33e	0
9.30	1a7629cae72aa28034cd9f02e979bf294e71d6dce38120213332a22c94798117	0
9.31	3dbb9968a69c9f66db4633ed32596e395ce6e6a58a087a92c9d9f620d8728b9b	1
9.32	427a4ee83b906facff1aca32c2f2007a7ab5d857c48b960759f689dc2d0c2e1d	1
9.33	6454b56280d9acaf96636848eb965d367c1fa13c5418b5482bf021d5bd7a3b72	1
9.34	ee7cdabaad1f3177b32de21dbb281b93f2d58e6029e6e3894c4d5a8b7afafb1f	0
9.35	25b2ada131376cd4d67a5d68d8840935891818cbf662f4f7afef15d07ec703f5	1
9.36	41fa2a7fddac9b73fa9d08752d72081a5b3ac473e4cd2dbc1dfde63fe4499157	0
9.37	a000b9555567d6361fd291a3fbed8da0ee9d2e88dfdaf70cdd05450fd850b102	0
9.38	a5d200902574a7378a3834762781c9bb73c255c2e2a9970c45f59822b485bf0b	0
9.39	da9411829a905e453bc04350d4afed6bd8e750c1515fd8f954eaba9064813fb1	0
9.40	a937ea14e0302f3c032ac074615abdb4c842270e476b60a7d1bab94727f7ad8b	0
9.41	77d67dff2b5f16f3adf7aefad5d811c680ba858f0cbe536b8812491a523db03a	0
9.42	ac67bf68e86e32d871dba0b1d1a2025be723326355d9c55e0549e6aabebb766c	0
9.43	74c90595a4c9f72661f2941970a46350bb372d1475df62ae85e656e9dea1d401	0
9.44	4a3b03f8c8e3540c5ddaa0c53f79d46d7b814b79e0d183c6d0242a164c0531bc	0
9.45	896f402d45d6b008d9a1dfd3cf7467a2ab372a79a5a85518a798e5a6fb99b151	0
9.46	f6ff6a0e9000fa1c0d3478728c29676e3eab19aa2d2eb524a4ab36a6378a9ff2	0
9.47	6ffd0ce519f17f9718cc718f2556b306d5b3384e2117186b773f1a9c78810407	0
9.48	98013f95d6259fc94bb4b13fff0305409bc9f2483f49e56f849e035d764cc7b7	0
9.49	79d516ea4cef538cfa7e12b237e08f73c9156406bded030e36e98cbcb3a70953	0
9.50	b6d6c563ff95d83045597a8263f59bb2ac16df1763cac4bf3b5751ee096aa2a4	1
9.51	0d3913f4fa22700bbf1cfa6670c9c134b2e9aa6f62072b844ad25745d519dcc3	0
9.52	1eb380b629ab92025a9e13469e057818e169d9a4f6a7d3599cbf3eeb461244a4	0
9.53	43042df76f36d34fdffc9ac9d318bf4e63d8c21e30f345c1b0610b0f322705d2	0
9.54	3d2cba481c95e274d2c8581195f80bf9163c013a74a73530cb97ca73d87c15c2	0
9.55	fbb586d64f3f234108342a160461e8d2fc39c35345211edef88a8d9025ee04b7	0
9.56	f522d97ee95694f48d7f4b7c231a7c480917847e2476a1581bdd364cb8117199	1
9.57	1133a8b360113704fb49d9db9d3597bbd162b1109cb572b2f5f9be84552efb75	0
9.58	49d8e16e15f1c765b77cdd3ab2037e318976cbec628b8ae8673fdfa0988ed57a	0
9.59	77be18416dd14e44533d33167c2e644648a3fd9b81b8d8efd4a37324eed35d51	0
9.60	9e7e6025218a58afd39fc78a0eb99039988914d2a0c43dc7153c80bf6b94ec58	0
9.61	f3d29c175600a208026c102413c630213a2916128c5a5ea84cac243070d6b560	0
9.62	270ce28462ba2e7a26289ce1e8a1edbf1c68dc1190b8418dfbde8ff7331cfde8	0
9.63	43fd86bb065b1c8f0fdee63604c5275586266e942be15398fc0d73d8b5f95cef	0
9.64	f40d8e338b2a61de011d46c712e9bf8f8f530175f3ea077107b31637e5f7c3d3	0
9.65	661d118c51ad5594660bb855c605725bcf228b33262708e88cf4cbb40e7311be	0
9.66	c84649367b9177b6ed2e043d8ff1bed9f2357563940c6b56ddc8814a646630d5	0
9.67	ae958932ba5f021a3a0adb491bdbd041df1df24a1fa96ff7eb6f30031b5f118c	0
9.68	24f6787493aa643ae91f7832b4ea726b7e8f5f3ec42fe0b102bc3e26bd5d10d6	0
10.0	7b4dba8e6d5fdb2f086606f617585c57ae4ca72d5995463be5201aa69f70b319	1
10.1	2e013c6712a8910e89f27d990357c97c9e57fc499e2d5f91ba65a71cccc92785	0
10.2	83e886b250527254c149f5931dfd62ad14732c550bfe3c3fc576b9f0246c5367	0
10.3	e1b14a41662ac45d3a442358389bf88e91413ddab0347b31f98147729ca7e403	0
10.4	a977ffec4b70fade3f490787c1b54123b05d2ba318b8c2b4bb349cf2917e8feb	0
10.5	2111ca189c5ce8f325d2914b18e0f06935aa3fc2215d3b748cf6ac41a7aeb7c0	0
10.6	3d9e2e22cbf6cd06c51188cc7b76be7956a5b4f14edf919bf77bac58870a4e76	1
10.7	38848336d1c6749cabfd1d5f52fe57d7a1692faaf4270dd12fe9bc94fbcd5fb6	0
10.8	de2ef7017e51de62daac2bd2a5abe7b2446a9de5a41e82fdbc31ae1d9f9ce264	0
10.9	6e054ce947886099dd31bbf03c26a547375d436ac80a06b9bd06efef9bb7002c	0
10.10	37eb13799cbbb8d4c5b0e3cdf2b9d07aa12c81967e3ff60fa4e0fccfcad2250a	1
10.11	8fb2adfa0b5633bae265c823cc0926b9b547b205f40d3ecd9616740fc30fec71	0
10.12	17c598e5919b72198f026dd56ee1308eb41e4b03c3dd0a73030e4cccae9ca233	1
10.13	d403bd56ccc28b0262334169f13c1c39249bab330f1234ef28ee6e911afd2578	1
10.14	8ad1e2bc18a907516e6ae1b80b73aa757e27580f2141da605910f1a0534188d9	1
10.15	2a04274decf7bbf7991832fe7ea79a1e52f22d1ffe01cae8cd09490f89bd23d1	0
10.16	314fe44b6e8023d46ce796b1427352b9f01030b159576b12772193fc05e7f017	0
10.17	8a5336a591641f3bc2344b295e2568dba80d520e8f689908458bbefce216db40	1
10.18	627f8dd54e95b988ae842569ba29e86d754578777a5151bcae33296be454fdc2	1
10.19	6979fcb5cb54af9bb6b1b5a3c999b2890cbd1ea5d416a747bf3c4f662ad6cc14	1
10.20	51aaaf9873c0dfdbcc26be55e96f39ad4751bf1e4d765ef96504758c03a7a302	1
10.21	ae77652f4ca6644ee04bd5242fcc296f970d20954e1d1fc275969e18e896b185	1
10.22	e01594cc5cc66dd8cfe53845dd0ef92be29e5f74ccfd4acd63d855debb383405	0
10.23	f21f868ed4d2b61b461a298078fcea9abd8404491798dbfdcf7f7e9fe69c9a32	0
10.24	2000bb742caeb46d9f040377463600e862554715365e3f19286462844241afe4	0
10.25	6d6d48e6a37542475f5b1d9ccd4df23150ef345411c25ea39a81740f5f561a4d	0
10.26	b8d33d587449800a423118d6e2b928de30a79dbaf435f6cd056aa25c56c4aedd	0
10.27	02f1f424ee08800b701565cd64738d018309792866b4a8b63b915b51e034b313	0
10.28	862010ecde030f31ac2203518e5af2baf9ff786213d85094f35a13b154344355	0
10.29	1dc9c2c9ce96e2eb8a26f3a807613843349be088dbca6efa39b4017001880dab	0
10.30	a4a0f95b7fced406d91f280d8a847dbd002d3095ed45f3ecf4e763c038ab58a0	0
10.31	80587202049e6ad12c1d469e85c8870ff858cb702aaaef4a2e25caa0d65398f1	0
10.32	01a49d3e850d3339e8fdfbe868a7e334c237c2ec11738e254c3710a89c8f882a	0
10.33	d57ac373b5af8750c8eaa21033a1f24b13215dcf010b3a0980a0ba568bbd5dd9	1
10.34	8815fc026a30b2812a2f61788196dd6ae8d9929fec15a4f760a64ac75bd63a1c	0
10.35	8da715522289b500881e8f582f0bcc5c57e285ce04c499a788e657a6b4803895	0
10.36	4c36420357fe36ffcdf1e6024624e4688d0189d48a578a039b8c23a49fba9a44	0
10.37	b4aacaf20e8136f64de886f8158938ee1d1d8412c24429d356457327a4f385f8	0
10.38	8c6e5e4b4f41d46ec22fefe0b66d7efa83c84fcb4242bb88710c443fa6b573ab	0
10.39	e3ec95f634550f97826b84934e7f213432fc95c62f0913af96d6b3bd93299b84	0
10.40	505ee191b57e19ec39b00afeece5c2e25d2e0ba857285d3f6e4c4e342c9fad53	0
10.41	cf87b23d0f70cff8f9ce62b411ad616fd9be0b93edeba67c70f647e5a4b848e1	0
10.42	9eebf44eebc7cb12a3bc395270bd9066a8a00e04a62e29c80832a04a1d7cf656	0
10.43	a9dd4e076a621cbf47900ebc3dc289c3cfd1823a943b640ddd31bd383199f4c0	0
10.44	a7cf0e3ebc6d15503ddc3d945b66d681c009ad17dd782ad8c8e04e8a6cfb1a43	0
10.45	de8f9f33441a462cc604e3dc1d167ad4f476e7df8e55e5543307e1fd797e97d1	0
10.46	91d6c58ed31d6ebfad8d04897c05a85713793ee82126fef2fbb86c742ce4d9e6	0
10.47	38a702786c9e7105f83f4bf9fb3efc022cf1195ed85fd43359f4b4d97be8caee	0
10.48	6aff7f22ad5bd077dcc6b3b2d23f347cbf1b21aa011f75e11a66be170d0caaed	1
10.49	370c84d52bd10ab3391bd7e8da8a2111061062aef47b495d655f4cc4c565f9c6	0
10.50	98c86909b6afca09a6385b56865228f1a10dc40c22da59ae2c199be45eaa820a	0
10.51	cf87b23d0f70cff8f9ce62b411ad616fd9be0b93edeba67c70f647e5a4b848e1	0
10.52	a3a4037655c6e2d98d5e599f6d5b08a64a0c1d256c126d5268ef40a82ed22616	0
10.53	316171589ec81ce8bfa902599d72369c64d46cc0a9e466fe16100f5b5c3e24ef	1
10.54	abd1cd64a73c2d4afd520bb1e8612efb341247bae49dbedc9a103eb8d71ae974	0
10.55	87639cc5ddd583be03e4a55d9124bc3904333dd3e45713bdde9aee026368f269	0
10.56	50baac0035805b881527fd0d040605b5775b85f70d2a0ee5b444338e3fade6ed	0
10.57	f49ffb80c927b6864522b883883c481dbffc65ccc71e0f35465714b701096b92	0
10.58	d0312088cd8c06528f886581843fe9b8c358bfd5c440a1fcd2c1c41ab8dc0edb	0
10.59	db197957ed52e2a6bea0351d9aa2d91bf655064b8d85ec347ca770f80b80517a	1
10.60	2623d7e6fa783c14ae88e0c3bed42fac797a2f6ca2b015f54de697d8354124f6	0
10.61	b7ea9085ef1131cbd6fb4954f768ce392c9ea687908862786cd3742d12ca0a8b	1
10.62	1927efd05f6c4c9ec30aa088b05b21ad93f2404b049f75f40f75b166b6aafe56	0
10.63	9448a1d9eb15352abee832ddb50454df8381108e6732c3fd5d88906f38593616	1
10.64	bc753281f6ca1aacbc710967a8e9e961c9f0b16c967278a120681607f0765db7	0
10.65	de1daf1a91320d2a7a1b25bb53104e0ae71dbda7b8522a3850867a8dd7c657b9	0
10.66	ef8add9fdb82dfd37eb10a654ded3a00ada6d0078a1e35faff327d7e4a922ac3	0
10.67	146f5fa458a61bf498029cbe7f9a471d020828048dce25dc6039bec931167ef2	0
10.68	499ada238917bc45b95f30c2b9abef1e97a9e5c8240a5d8da4ae99a157451571	1
10.69	90372f68a68a3256d6c338324d25905b003331eebcfed95037ae591e841c3971	1
10.70	0b9368983505df8483d5e03b1304804cb6be00c171b2a443275dc32ff3d5c79f	0
10.71	2eb258e1ca58770328128765334e1a100be3a81c85401b007f2a7e7f38c5ddd2	0
10.72	eb658cb6d2ca885a31c47a4587145fb12610ddd1328bdaea1ec85d1366ef61cb	0
10.73	a2afd50aa1af1ab7dd1a5851f2b44b9fbdbbb7bb5cd7ce2363158d9d444f1b0c	1
10.74	dc27a3ec907ec0a56ddabd74f7c0bf2aca9e999b455d86b5f2b26a79cf65fa4c	0
10.75	b53d15307be1f16588dde3d449d604d25425bb643bc427b86b8ecf41cbe9eb1d	1
10.76	a46673985347c1a99e0650bbcf8770611098d375cc2a852c630ae565bb189e7e	1
10.77	5f8995ad9bd179a72e1ab37e57d62cc6953ecdf12edc85c2d34a674a5ef0e333	0
10.78	06ae159e58b8f53889afdff6670ed2fb85755a91633ef6e8cb3051815529b393	0
10.79	fab9f1a8b525a367405f4e4e87118653fc520265244c6f16f27f54bc2f8bd2d6	0
10.80	1deae7d4fcb8f59089c6c745b61b97847d8a64a65457bbeaa518dfa848d00925	1
10.81	3f671bc7b1e2673554a54a3df6a2c07370a18f28e220953115613e074e6c4740	0
10.82	072932135b5288debcbd84e42af1826fb0df1d28fecaa5d3966b652325d180e5	0
10.83	b11d8d892830b2a389f2fcaa3addcc856bfb4b635746cbb96c8dae53bd48da01	0
10.84	e09b5b0974c2a64520aba0550d92990e61f90a7959687f6e58fed11acbbe837d	0
10.85	eb3a4dad5968b28bc3ad25ded1ffd1978a5f7143c77bba934d9b606279a6326d	0
10.86	e09b5b0974c2a64520aba0550d92990e61f90a7959687f6e58fed11acbbe837d	0
10.87	00632fc9201b53077d358da3139bf3f64a4d5517d11ea8f294571ea412c62d71	1
10.88	2b18fb04016b1ca5e65a477c8125f28c6f5e582ca40e717598c808cbf5da946d	1
10.89	e34c4f9541c26f00b644aa997daa090cd59d6750c155c223bacc5b66c912df7a	0
10.90	6b966487e20bb35b556d22e8491861a026296e190ce69ca0486175d9b86ef1d2	1
10.91	25621764222beba83cfc65be23636dda0c721af20f5d9ddcbf9b599e1c3de873	1
10.92	81d39d23e130694c5b7be4d9e6d8391ac3fb2b7799ec3814f99ce705c8903d76	1
10.93	ee10007acaa571a0ee2bde44c26d35e2712ab12b4bec9f8f4eb033b4a636e06e	0
10.94	a97aa1613fc174a85d25d4dedcbfae26fc051fad9b65901c759573ca66dec5d2	1
10.95	00de2b60cea2dbe6d20a4deaa5d60fa0bed9b86fb11adfa80095757aef28c141	1
10.96	1d1dfe570e3e36e131583041a188956760058d28f1a3b46eb2db52cbec141c11	0
10.97	af936b43acb7d14612412517f7a43398727eee3dea21cf134a625f60c60e10a4	0
10.98	27f11ea1064a3dff6953626f18e6286a134e126f21ec71d4588a3e0f93a2f0fc	0
10.99	6958d0ce5714683fe6927a4831839988e6a9c18fc01208f73b404a7d7c9573ad	0
10.100	9973a666d0fdb5028fcd7b70e1ba859e9646227887c60368adbce4df24f20032	1
10.101	01c7d953e4a80e0d5c5245abd29bfa085be45d4683552601bc38feb1218405b0	0
10.102	33be646436ac37e3b4a3b41477b88c86a0a7c58c9156a2f0473f2318ab755f22	0
10.103	5c7a50b83c2a51e5ce912392797cd6e25ed508b15b4f2a6a8ec77e39bf470439	0
10.104	3677692784efbc8d3fc9a0b5d53daafc390c6476f633b041283911a1f2de8ee5	0
10.105	0e5a8d7bb5e1f1633c8927ea8df4bae31f6abad919cf087fa618e5f79daafb83	0
10.106	83ee496d34dcdb91b96056d9505be5a3a45ef644f7c9e11e097a4690bb1c9bfd	1
10.107	fcbee74cbf19c07704a8ddaf524d818eb7fbf2636d2078f6ac562cd14e4e846c	1
10.108	14366c830e2cb5023564b7cc7ac01f64a081203280b6193fa69b6d38431f5f52	0
10.109	15ec39ddc9d3437307db9cdb3ce40ca4eeefacdf5fbf7f5e00af4c0202e4c47f	0
10.110	46cd21a6a18da31a4e0f2a065820790221b29546bf68981afa5428f1c9bf5db2	0
10.111	c146ea417d7dafe54477e314db398b635ee4933da599b21576b8ff87d109d64e	0
10.112	297b148fdadba55bcc697fc890159db085240585b32d786d5c286f420bf55bf2	0
10.113	01a277ecae63009b3105375a43cd801cc5b86bbdc204fb803f16f73be2dd20a6	0
10.114	64606c947d2fb73600a6499ca331b7deb2c0f8b1319e4979ad0c600b4f7f74cf	0
10.115	bbf36337d788fe6b0ca0e5693c19f3740833fb78db1b90ebba11b64ce83d95e1	0
10.116	2d0064d0f71ee0e542fc0b9a0f99d4dec9cfcdc651ab172e654436b8cbfcc87f	1
10.117	69929d89fafe664ca41375929a1e5e55ec2bbbeb89f79b5f135fe880cfa0b22e	1
10.118	e7153e7b2c750412e1f423a8aadffce43db497fdbdedfbd69bc86055e9dd11bf	1
10.119	2a18d1d5e61d0c6336b7e76aa92dd29ea1b6853c377fe463a65ca0a06cfda40d	1
10.120	d2113880952765f7c9204c2d5ac3352eaa40b2ce343805de34c2346a95ef97ed	1
10.121	0ad29854ac0fed9161c3dea21470902303d16c5a3569adf0e021df9cf278f16e	0
11.0	5685072b7cd84493257b7df67c155a87fc4cdd49292fbbd24629a929f8e17a05	0
11.1	4ff0be2ee6e170f4c743da714954a3d4fcbefab3c794e14446c7952931a67590	1
11.2	a0bdfb453dfb2dea9119c88ada6a3ecb5edb8f9ab4daba2461d5da06cfdfe689	0
11.3	cc1161b310c8e4e36caaa00f8eed6f1f4e425890e7d0c38bdba948927957ab73	1
11.4	00a98598acdc283d24573e49f31b6dda7c8c7993c9eab4347bd7736b68646dcb	1
11.5	0f961e1995579bfe7481801f59fd358644f76787a5e8cb48cdf95813de054f68	1
11.6	6f40405ccd1192381257c6a5731db6ba3b1097a3d55f45731d98bd20c267a59d	0
11.7	354f962325f53db0f303a882e900dc266a8b8aed02114ddf99c9a4d62365d687	0
11.8	1930b8c06dc5e6ffe44fbbfe42cceb40f9efa4069ea2f2dd95a90824952a9c13	1
11.9	c79b2064af211d6a7ec13e40c9e5ad0bbdd7dc620ce2a9734f2c045d7d83ffec	1
11.10	7027ead5ce4a37e50d7f68b66cb610707f06bc8ba82d7a656437a72b8cf3d6ae	1
11.11	0677b8a99fc74ee29385a88ecfe726234d621bebe306777e6f5bbd42e071eea4	1
11.12	c24fdf13fe51a45571bdd18ed62fcebdecb1e0d96b002e63a0c2940c61477740	0
11.13	57d0c3f28a562fee0c8f732249e4257c572d946ed88510454f7c6358c525ea98	1
11.14	f73b067bce70b47dea8cd69d8a10bb4fe0d4c9c0bbcdc1185d3306cff1c5336d	0
11.15	8b59c415d7942c21d475539eaff01a475614e937bf513e0279f872a26e3d2f01	1
11.16	a92cd162c5a09596b3146c8dd2225da854394ce174e663283be452bcd868f8a6	0
11.17	5f9e1fee8cbfaad9491c9797dd4f3bf94c454621a03cee39a2b1f757ff8f02ee	1
11.18	96f3b21ff2528977c56c5c014138723189955f95ac741e9ae60c717fd61aa440	0
11.19	00ac76e6c053c9107cd37b7682dd696edac04ae01dc1c0905477a349a03a6e8e	1
11.20	290739d65c8e209beb9113f2fc689fcbca9b5aee5340741782f39cd38c5bd987	1
11.21	0ff5ddc10fb7683c0c470027b60bbf4470f91efc5746461dbbf27abf4034ce06	1
11.22	b351a94e54b1fbe568632f9d4c4f355103acf01b29ba8aefc4d3b65b10ea6858	0
11.23	7d42291a89fe0368dfceeb6dcdb1bd5c55c9525f5cae95707e8fc269b83727f5	1
11.24	4492f0a0f3bb2a549cc45e7f6c0f7c40d3614d821cc4efa7cc3c9f6d5cd1d2b3	0
11.25	753bb6b473809bb6045b648b02d58645925326f0333952e1a692d4d18ac7334e	1
11.26	b96fd184bfb5b9796fa412ada8ee584ee57488e6552d541dde62190cfc262306	1
11.27	955a0e3be4d34d7dac49f9ef443784cd50ea676b0cf4e6a17b1fa19aa518149a	1
11.28	a09451cfa6852a24664f47a4aa4c6f11d9f0978b3bb65711ac2201d76e2266c6	1
11.29	8720f6bd102353e24bc74e7fa3054ceaa39c2e3af87796ab80b440e401d2590d	1
11.30	ce946fbbd60c1e542bd14a9c636166042ca5748d885f176f106f237ff9bba216	0
11.31	3da517983a2109d65054f657209f2983cb959519c534cddf584388d0cbd1d9a4	1
11.32	aa628f09f1d2e4b487072e065ad0a50f5899252cd9c2447b254a991023b7432d	0
11.33	be6ef7de552a7a3a8ce99a778050a71b30c5e5ae155d966fc320d4e546c5496c	0
11.34	7487c062fb7650248b2be949541113ae07395414b77b91f86d109bd1b9311975	0
11.35	96ab91729533c51295b0f4bc51300d3eb083de4354640e3bba817a41abd17478	1
11.36	b180807129b8aab0cec94cf7661dedae162ecf2cf8a704a969129158fe7ac550	0
11.37	fb31fd71cb49290150eb0e62f76b79701ad887ff414d8eeb8e4e533fac8801ff	0
11.38	24282e03cd750160d453c9980deac1b20acf44fff3366f12d83110300f0cedc3	0
11.39	fd4c34904fd5583f76a024c7683ba0b219ec42b0329ce1f77c8b59594144206c	0
11.40	095a4348bba105577469da7f204d7e2568ed289358d2eb396c9793203fda1fdd	1
11.41	60857a7cb4948d577d7acefb1ae5da7520d0eb6799983fbda4c53cfd6b1fd043	0
11.42	88cbcd947b8bed8a5ce1e766f7b102db5988fd91bc259d3812c5bd0ef63cfd01	1
11.43	e30614f6d2de1b98bab4ad1aaf866d40079b4ea220db0f3ea8ba8687c786a3b1	1
11.44	757b391f07fb16e9601fd917cb4a5529c7df06cbbce1c3fe832cba46240b78e3	1
11.45	197da65156ab3dd9e39c16d011ea9131f8c9bb7fbcb886eff8e8b12027b070b8	1
11.46	c79aa99042a50e6c58f8e61703c2891b5f61706b210e8c47fc33f6fc1194ac0c	0
11.47	daed850e33309c5338742f9af438666f71529181570e3c5751f91cbbf1f181df	1
11.48	209a50154750e87d48944552895f8abc6f18b8b5f593ab9c47c8ba69d8a4e0d1	1
11.49	bfde90d7838b559ef17c180beba554c33d653fe37081781ef8a8552d6e80d3c7	1
11.50	b7ae2059c79e5e493ade9c5412ae997b33853fb300870fbfa8297643971e3685	0
11.51	6ba35aab8bdda256f7744b98dfcd7a835a1f9e651866c087a04e98995f1860ef	1
11.52	418c6b373200799dd155bac2cd8c6f6675f1b4214393f7797fea12a69c690a7b	1
11.53	e772322216f2a8a86220c5fc9a2398f6ce601ed39e99e91f326b6c00302ec7a8	1
11.54	3c3906858d47d99baf1a9ddcae178f895c1585671460ee1490700cce9ecfbc04	0
11.55	8c21b563be68b0aa89b3b8995444f6c5a072afa6fe3b4e3425c123c052635b39	1
11.56	b8e3bb5339b722fbaa2a43856769d211eb930f63ec3d34d2b7c6293546ec491c	0
11.57	6090c9e2e41ed753690351fc75765fbf8b2e807cc38edbdb53bd3c046f016ace	1
11.58	cb8a7fd5cd533f6489be50da349105669f9da81da906b75833ca78695a3491a2	0
11.59	663123800620dc261506b758ff953d0cbb134ef400525f90966d6f69d4c13cab	1
11.60	ab579c2cab8bedb6d4d3546be0b669a0a274f6fa72f6a9681ebda8d058869e77	1
11.61	301cabda16ab82064f40396aded693b51a6ad8a93254bf2043495459bda9496c	1
11.62	e05bb148ba9a21d95f990afdc10cb90983d7c1a8c191483332b8cf58f8e508db	1
11.63	759b9c3259ce309df80a8a1cf056f8e7da4e77647596b106bea7d85639b741c5	1
11.64	2693b8e11363df76e96e0936ed7301326c413c8c2a953594ed367b8a36db8158	1
11.65	29ad989bbb654a9214bdd952603a0961583a1506ee763c25cc9f1cbaf67c3951	1
11.66	0b676f42586a8a931f82b24686d1037f0ce5af370a3b736cc0e324c84a32aba8	1
11.67	41b8809ad6d5f80fecbe4d9e1fae884d645ec78e68b1e44e7e3fb73831827e80	1
11.68	76415eba33934957b2f44ddc87456dc2e9ce37d7551d9f858cb94cccf0a12b77	1
11.69	ba52c545560ae5320cd2699ecca9439197d3c9978f732cd1394e4bf6e04d0ece	1
11.70	f6ae8b2f209a6fa51aa74aee743dea6d13a238e04508f8d4942c1b8b64622a8a	1
11.71	5f601a380146f644f1b75d2b3a435a8c7754d99b5aba7d61997fdce934ba9bfe	1
11.72	a5bd5f4a5693a0896f25ea6864d6036c75b003e66f53bc1f4fe3220a8fa19134	0
11.73	6151e3b31a3f1efda6490fff1c17c688d0fe814f43c853e6df5535ec5ce5514b	1
11.74	2c473db87cec009d913e86b83bd2c5cf86730c41f52971ad77b00046cf37339d	1
11.75	59e746ff8cee99caf7961c72bb34270e93e0fef8ca42aeef8d41c20e6cb8ffdd	0
11.76	50690195ca4b8538b70959eca1c0e0e71e392790f0d1935eb9f276bd284d60ac	1
11.77	d82b08c3768b644becc16f62979bc8e7507d8d12bbba4feb658c51a98d268c6f	1
12.0	1d9161228818171f0d442c4c3ef6532897bd9cc58190b59f13cd03e7039e0048	0
12.1	88f640e1489c8f28fe5ac285350376d4d88ff23384d74320d1cc540dcd3bb31b	0
12.2	69eca4cd8bf89d62770251ed79c0ab367af6514e8a68fd1e031867f5f450787b	0
12.3	e79a0b5f9725b56bd8ada6ba89b5c53bdc25948eab87bf9c352d50fd6998c1ae	0
12.4	cbba97a4130bee532f1f06764b844311410355113aa531c57dbc917507293b71	0
12.5	f46ff00da2cef1811bac3f364f929f8b11c403f9fa4ac8e59941796ebf5c6068	0
12.6	1611eed5e8814fdea8ce5f4b3e13e2c62b53d7dace878de7e01dc2d54d245212	0
12.7	1d5bb066c2e97df4acd5ab8e77a5dcc4fc832b720da06043646402876f535675	0
12.8	031d01c5e863dd2ca3fe5126be8233f4d53fc5e0dabe666a9c068c2c6b492975	0
12.9	f0a32919218c6e4b6cf47071c715d6714d9195affea9bf65ad2b0bf07cfd8fb9	0
12.10	418681beaed36411760e7f5eda34f82b8ed52d7d8a5234cc50b06b2b5f5c9c79	1
12.11	a7d6ffe77e5a7744ce63759376d52b9af26592a4afba6ba3e008c564884020f9	0
12.12	6b9dd38b08c9f7a7836faee15728f3a2d8baff0935168c6ad4b9407fc07c408d	0
12.13	b4f6510281826cad35d5fa831d5b6d2423fd1161634487fe9fbae2f58a1842b3	0
12.14	18ee076199a807c1c9651972c175d66e5871b967d2fe012febf05f3a7e6fe085	1
12.15	21284f506eb9211bd72046f4432f3c1c3457c1415423106913558f3b786ed407	0
12.16	ba31ed2c14e2a719eeaf47c72bc3fd885d935b9e067cf60c99e411d390c234ee	1
12.17	1c007faf9155bde29cd15d9805c2cd1d130d3843d82851a7473169760a518363	0
12.18	d5939bbaa66757b4869fd37efb8b0669d3aa298db7d6d5f1724db66d3bfc1bf8	0
12.19	d9f41afc474cde95bad8b3b697fdda4f90bf51b27407b7f27c5fbe25c9d7d274	1
12.20	817c98ac18f0271cc5bd0daf5121c5722039863737a28a92bdfbf5369c143565	1
12.21	7232b5f7bc8eec54722372a4c04f79d05ab32072225fed1163c02f8f2fb2f671	0
12.22	1a755d426b5f3bf04b4a1f656e5a0591e57c4927f67bb376284ed96245800ad1	0
12.23	6101cea6f13e7156c4a9d14a1a86c57f289638c27c76fa83fec617c5117101ce	0
12.24	ac6d74685ed4c76b9615749f302d42ca6e3d03e8fd16d217a60abc8f5e98aa32	1
12.25	4cbd139bd6f55c9829b042bf480c22362a726f53016684055c7b111319f448ba	1
12.26	eedd30ad2261f4a3ac7864edd96c3f9ed2e376d7e5ab96e5e3bb0dfaa99ee1df	0
12.27	4e83ac6d4c6ceb47681db471dd36105152fa07deceb9542c8886fccfc276c906	1
12.28	1c204a81a530279f032cae86ab6092192b8854e6c8f236abca3459d19d36cf15	0
12.29	5c44adb6e7fd7a5d6457b18c2fe410420e6e8356e135092af7043bc9aa57ffff	1
12.30	003b4979c2da90d0fda17d7334abc195fab9911826ecf99447338763c62d380b	0
12.31	4b7c2dbbe0faf457d5525189934d654cd6dfa573708e8bc98a8360c9272dcd24	0
12.32	b2de7f7762e70d0363a662d62ab0f423262543ce18039fbd0c05896b90a12c29	0
12.33	918daef5656627b4808e8daca6714ca50a9bbb1e705533cf0393798e71bf406c	0
12.34	31773b4b96e571b4bdeec7daf6c25d68a3d77fe3ddf20f5cc707d2776111f999	1
12.35	739b5094474ae4e1eadaf8072fae774b7b5104417eab15a20b386ff1677e03b4	0
12.36	bf8b816fc1080f0355049f87b2254f17001f89f108ed0438c55283064bcffe5e	1
12.37	b034e69c5c62a44fe07b83369bd7dc11b9d3d87a890ba5aa853c264c67066132	0
12.38	3107bdc69827a8ff9d5f688e06939df782dec3414b2b3dc63c621a51df36c61e	0
12.39	9a3aef800477a79ecc4b47b11fdcee751c5e46439315ff57eb3931f6f272d5ac	0
12.40	3e8cebcb5e8243fe89d350d22d7fd7d4b55845c9a4fb7bb64a207015d1567f88	0
12.41	593c86be745dce5dd11951837c6a17193fde79836cead39caaf49dc67ea864d7	0
12.42	51cfe4718355b2e96e1506cb489b174fa35d2fd00e8db77035f4b950fa09134d	0
12.43	15c9ba457469f87e2a47e255bd7b239ab0638aa5c298a53d0cae20e56ad91165	0
12.44	4a3ea04a112381433c1919da8062cb39c955420959f802f3d3c663280e2999c8	0
12.45	b42e15f663ea899bc821dd762bff56f51645aa5a9747761180054d9e239e50d0	0
12.46	13ae2c8bdd37d97b7d691973b35eb67da9e4aec6c8702ef5bd38b001f2238414	1
12.47	7bb3d0de777eac5d6d1106413891d5634d469c9bee2af01b28d5f40d1c44c446	1
12.48	0c23eea48c51fe2f00ae02b5a45d0fd12d1d8c88438660e7723ad25aab796dee	0
12.49	f223467c28fb72885342f3496594ccd54043f4b45b95e6f195675c969efb5fb0	1
12.50	bce883906accd42695f7b89c44edbe8ff46051479f9f23f13669caa124ae0985	0
12.51	019d26ccf75fecb095741f6e41799ba9387996b3515312e7e61f93d0116dc3bd	1
12.52	ec3b24e98c9c09d9be859bdd1b619ab2f67b8f7f4c6815a3609f74b299f6e976	0
12.53	bf7e007f1d049d30db7e288bf520b703b8b4b4cae6580dac4a6ff4835ed179b7	0
12.54	b58a4b255f8f4e3f5c755e52996c9df586c47857aa9567ffa1955ac265be9638	0
12.55	ca2e8cbe895c9ca206ea5d9d314d02407844c8ed3bdc62734fe24ce50a59edce	1
12.56	89fe209f9d49cded4e0efa56ab9b35a727c0fa3ccb0af05e3e94379b6c83d447	0
12.57	2bd9b12580f8518d76c30236ce654cf5dbaa4424dfdbd16ba8b4016b0fd1da7c	1
12.58	fa92d449278f1a52317599b56377695254b138901e69cc36c43745ebd545e382	0
12.59	c7671e07b6e3e474ff3742c26eca31e081e6c48ee151df92c6798977248dbaae	0
12.60	1d15c20717ae4b8eef3a6c28b455367e9e1be0513b576b182969a76830ccbe17	0
12.61	335076fa17f14d01057c4a7d4c27f65963537eb20d16b33ac861844177d2e1d5	0
12.62	fd57665fa3bacae012a608ba1e1de459d31f6dfc7dc09ed9f439b03711ca82a2	1
12.63	763027d20c9ba591e0ece8788d81678132de8072637a70c59c9e491f8cde46c0	0
12.64	80cf40aeb9076e2f05e0f6c6034be861ebb3c953adac25e0260092bdb9d48ac6	0
12.65	fd4c7f5deb03c17545a57652824c139788aca0465541f8afe682fea1337bee49	0
12.66	38897b702e5b8251770ce0a14a89980336348acb4d9ad439c001c0727bf38dda	0
12.67	324999a94810c8bbc03bf3130e3b7d5e7551a729abe445355eb7273939b39d11	0
12.68	480b36a0a0f617fd757f8461e651387b366406dd9fe51080f31a622f92d77db8	0
12.69	52b6cb3da83838bfa2151c8893d50e232a94a2d8b90873fa6ed8b70e1128edab	1
12.70	c2fa4a0c8d9ac5f8881b22ded23f786b41f5ad687319db948c311336b0d57a1d	0
12.71	3660a2414cfdd28b6cd9aa93c7cb6d8dd1063d7f36b4d638b4837e8d94f851f7	1
12.72	7d7fc438ce0fa2be14a2f15e98edc84b7a69d12ef350819b262720b80bbb3878	0
12.73	e119af0ccf8aa8b9d5672494d009c513813811c09c1998dd4bff85e9df4ff8e4	0
12.74	062c3eb2d9681747e44f03ee249f23b5376cef0f9d2ff0e1c3c8a7bee7c961c5	1
12.75	5bd764425185d75ea8a87c61b87150d76df35d286afe5b4d68f4e338f4ae4587	0
12.76	ce2f160ac950d92e7ad95ddc3c999934e012cd72668cf851f83a1b314976104e	0
12.77	5c7a50b83c2a51e5ce912392797cd6e25ed508b15b4f2a6a8ec77e39bf470439	0
12.78	0a9dbb266127ceda19fbc6b5d5e3295a8ccff4c4434e01a344789c5331aef919	1
12.79	b70087e9cc90fb11ea9d4982fbf7da895b254a8839d5621af2d0be6cfa6a00ee	1
12.80	4359fcc84c8c07aed51e5abb483fbc38c791a2c1362eff9ac085603cf522416f	0
12.81	0cbb24a19a359960a8678ce730fad428f4befb4e074e378f353ee1edff326908	0
12.82	e4b17e778042608467a732571df30d04167792cbbc8b79c6847a3594135504cf	0
12.83	449dca7ef62235a2a52aa553b8869e22a91f14670d49b9335e3edb5f11a211dd	0
12.84	a5c56d2c138c35512269ff105bb996b7347aa2eb9bc724bffda0f91fbaf4e84e	0
12.85	e124410fd7da28405823d0ff3914b21d7294e62bf18faa1464e33e9e1e64ff45	1
12.86	043a6c42c617a86bb8332ab0714b14a960949429be34ee843d2d672db0dc7793	0
12.87	f135c6c35b7bc701350d4b04040b3738a8f05f9c302134c7f9268d241854286f	0
12.88	e38a0e4c83308efa20f8515da9e88693779e29e557b902f048763e1d6da2a896	1
12.89	72c8e9d1b887d6583e55d956e3e64d08f6e9eea7bf517c54ad15feb817690aa2	1
12.90	731b544aa0fa563ecd07c7a0565e2ab85efda83b5886a2b2282ed9a24cb9599e	0
12.91	233509d3c2df171c5635dbe3bf0f8f542ae69a45870647620509d1b0bc04a237	0
12.92	42f5f273d2cab6ecf54e30d3cac37fc25881df662414620d82af3be043da8ba5	1
12.93	be10f265c4d7dc903e960eb93bfecc911429368cf1eba3710cdccc8c766cec03	1
12.94	827677fc421bbc43fb76dbd48cf3295ad373172a310734c9e36ed444d9a45913	1
12.95	101c1fad2a88e53c13e5cfcac88b3be34f7c026a23c931cfa8a25ffd23fb3d3d	1
12.96	d889dc6df26679bbd9f70653c653fa430527e390554ebbdd3291ac2213713d7a	0
12.97	f3bc8305d38eca9dfd7df03f3df51c8ece41e64c0ca5596821d27facd998e7f6	0
12.98	647b25264b326d5b1fa1eb20d36e084ea1f384fe8f4bdd6bc6e4fc281a3520ed	0
12.99	ee7c95ecf4f2d5c7eba89269262dcdc346f7614025289bb74c07fa8f2883ab81	0
12.100	a19ba1b18cffcd729087a7e9d8eb8c9190969ae60a2dbeda69ed82515ebcfced	1
12.101	9cd6b0aec28974d7bac0576db2734211847ef3aad588bb02cae27bfccd992d38	0
12.102	10df1482026957b02ef5528cfd721a2df0a07afc6605453f4c50be029dfdbf89	1
12.103	b28ae1fc94f8826cbcffb93b4befa1dd78eb4e8e02b174abad552309fa3958b2	0
12.104	24c2dd44a7f2b629b8abde709ef6c47e0e0776c9572699ac66c53a58231f0cb2	1
12.105	c6454d40968507e9780d077000b3c15885ac5c5ce0ba267180bbaf47ac9f56d5	1
12.106	bc7bffae55bceb763cca7974f22066da7d87f9a368f62ae794d810a466d02ca1	1
12.107	43e478b7d2697422fc44895d954a96fd3827a7c090ce426c55b526585cf51c17	1
12.108	5ab0f140e28005719573ccc19981ee65cc7fa1e83afdee4cc622f7f257b12766	1
12.109	e01169fad88810ee746131d921125d795751c62176ca2b42290da1818f2acd26	1
12.110	fb14e9e3fb3aa57ac3b474e7a8b29c0b74e77469adc304628fe34efbf6652e0e	1
12.111	7682d453043aae7e1aa5369238e4cd8b941e17dcc40c34f8ff71a05f7ae39732	1
12.112	7541de96371a179eaeed8c92cfc17c81a8ec4b01644b647a3d646f3d79247f11	0
12.113	be88eebf28dc5de396036b310fa046380017fca96756d07e19209fb00aa2b578	1
12.114	baf52b73a58b6915aa527224eaa06042f0f34c0c29ae455704135ade3a250868	1
12.115	960520fe85d9c92354f9a34dd30c31fbf400a5766c1c2fa6214cfdb3dff15c97	0
13.0	412157d39c153bbad88e5fd2f64ed693b69e2cc8ed5440b7125e224a5b317887	0
13.1	b7759e4d202b282fac74505af04e1457402cfd8bbdc1e7c387714a2026f75780	1
13.2	3802d942d302624b08d1d4204269d28b2a0760082e82f8380a360ba079a76821	0
13.3	fd76e177ad161516aa3f8a6f7d48560d36be66993af45cd1f20aa76dff601c90	0
13.4	3d2b06d3a5b32939ca41dac739df0f50602f7422adc3f3bd777ab438cce78ae8	0
13.5	24097b67073076f4085ba5bdfffe4427eea4dd0f0c7a9f588118b57fcb30f672	1
13.6	1a78bfb0533164689cba7aef3e8f58421759f90c33437df5f11ff12c96db5a98	0
13.7	9556398562b836aa51febf880689943d01880dd15d28a4e4c62d4266d120a972	1
13.8	dfde8e005e78529d55003fa6169a322d3c778c42b8800a37a9a6eb07e1fe256f	0
13.9	66d0e98d4e0ca64f87159c51020925ad0374eb1d638b0737201b4545776bdca2	1
13.10	84f040b56f678cb1c4961201bed10ec4912dbd83bb34e1c4109b7877e5c09c2f	0
13.11	523ca7e5cc7c6cdf4740a9c28b444ecf098adeead5e94579de4bf770b5110da0	1
13.12	e377fe1caf1f71e771874cf606141d101721b635e2dc6feae478570eb660f7d6	0
13.13	5222d185f8f752b8f511e5e4d73065f0c1d537c9327108b5afdd424696b43edf	1
13.14	c4b6a778855197f47c93972c7cf94ba959a72f1c477b5217a2e480a9c8c22da1	0
13.15	9e8552eddd381d7392057b2d0e0832b2c7a253a531c74b400721282cc0030c1c	1
13.16	4ca1337a8fb597a9f2b571cb3d51a73144fe5c604c628678bac786a2a436c856	0
13.17	e85f1ccabc7c833387115c5310c2429583c2363b7cef88973fa69213e1a407e1	0
13.18	03c408b7ae1582e4a22831a04b0a732325b2aa4a1a75d759834cc7f16f1b1137	0
13.19	057fbac81327103f80c5e84ecf42a808a1cb33c14b3ff4bd9ffc5accc8723d79	0
13.20	e592ccb156529ff62057a81bf722dd8bb30d1e8c7830f288d0045c74b55b26c1	1
13.21	906af02642a02fd945708f00e775d76fac302847fffee715fd94ad2a4593478b	0
13.22	6d09cc2f25c5d53897fb47c028cf96d20951485dafbced47a526f12c5296f1b4	0
13.23	c3ba8a496389e448a78c030cc2ea166fdb5d66ee39f52cb669d9993c7aff0704	1
13.24	3586d3b55f26121150f8127f7777d8a6a8d07aa90431429c2db0bebf7d7a59ec	1
13.25	09a5286bb39b7dbb168f525177e242a4b9e56edeb4d703a65aa2644d86a94d2e	0
13.26	57a508d1f0ceec329d02cf92c6b495682eb17a7d2f0b9bb667139c1f7980c67d	1
13.27	793f87b1c66fc2a481d75161f661bfcedd867882e6a683e102351f22b6c245d2	1
13.28	a7e76b3dde190592a7f65e12057f15090f35c904a4c42e69d2100f16327dc939	0
13.29	588b729ecf0b4ac77aa261ce383d2519b5183a47ee49877a446a4d939363b772	0
13.30	bd8b189c90a0bf9de785ecd07b77988b141e261d99168461aea005ad24838327	1
13.31	5fcabdda67dac5bf232c7f6939fb12fec936bbdbd5f5af02550d7a9c759c968f	0
13.32	315022c61b832e90d562705e8c7759569bb99a244ba9eca8c5334c3dcd5dd993	0
13.33	a3cc0d53a54bf8a2093d03ae72faf1e911231efed9ca186c0a19127042b7700c	0
13.34	a0d3bd2e25ea6c6195683a512e9f6b1ed3129562c31e42c369cea79431e052c7	0
13.35	c5c84e64257ae2c1feded6b37a8fca23dabf572826e889a8ff8ec148e699ac56	1
13.36	e4c67edde4957cb77ce2d0bb214433da967d6fdb50486bf7423f4e6e51c2eab8	0
13.37	08bc40bedc691fc3dbba96d74f965ed8176b4de8e958581ea2b1f6a73cdd8046	0
13.38	4f2c9fc51928be9a919222fdd44d1e4213b4586f3adb540d5fd21f448b766fa9	1
13.39	9971b0fb758dcae41090d83fe7c06803c3412a22a1db4556a8d0f47b913459eb	0
13.40	a748e79dabe8c1a9daf99c76aef27d2a102b5b8def5bb3e2aba3250b5b142ff3	1
13.41	34cc8c1eaf924f55740d993ba0fdc277ded4cd26765cc16cd63244d318296d8f	0
13.42	cb308b0461924f0093623ebb9201b741c3cc4478640032b6b79bd86fd8886d57	1
13.43	837ce84a7ef415a299c6aaa8a904394e7c6abb48944747b72cce36943462617b	0
13.44	9a16256018bd13d51d8b28a49a8db63ff5714fea63cc7737ab497746c5406622	1
13.45	4bd148daf12040d7d5ee8797edd3ad89a7de15b7b3cb587b12f3f8a401fd8502	1
13.46	f195b418362a44a018830e0de22c03fcbd0c201415591d71ce697d724999da64	0
13.47	a79ed0e8df5a801b15c1ab87e2ba8063c527d4bbb758a7893fa4263931961f4d	0
13.48	51948bad3289a10e02bbaf24005668d2b82502a995fda2b257f1357d2760833a	1
13.49	d1dd12c5d669131f1fee3e480166d8dbcd3a2219785b001e501557fa25dd0da9	0
13.50	335ba8e4c774cef3c642485489ab8ceb692e56b414b273c36a6c196c1fe08b33	1
13.51	56d5c3a70f06096fccb3185141fe3bdddc467a909a25fbe3f6e58911f2a4097f	0
13.52	806570323506300fa00ec19dae30587580429ce7417b880a08975b1e7b41c26d	1
13.53	05845114f7d65f04e30db8d7b52dea18e17e9a6aa95655edcf5ac44d6df06314	0
13.54	3b733559e13360df4be666965e313ace39e4b0d7ee495ef09579751e647764ed	1
13.55	c2fbf3dbf94166ef83db053910c1c4d6124a80abe10e1be7cb6ff39de53f8712	0
13.56	ca1071784bb4db84a46c1774af1fda849b6121aa6aa40a24b40f02757e23a9e4	1
13.57	85e18cd4ae81788d7bb69771bb926e5bf8eb1a5772a10ae04ce8c70a6ccb3454	0
13.58	f7981d1c6e0c6181808533de70eadb20ff4bb29f8b2efa6959025cac981e1455	0
13.59	3f95c8f0575a432438f0a52a0c79eaa3fab1c2122a2644113d352cb50d13ce29	1
13.60	8cd1c2076aa5e9d6c06a3b88bf89ae2577cb4c97f95d2a4881f41510d69d70d6	0
13.61	dc7a0416d30394066f31142db98adfab130549f7e85d3eabd064a0bd4e2d49ea	0
13.62	cf87b23d0f70cff8f9ce62b411ad616fd9be0b93edeba67c70f647e5a4b848e1	0
13.63	291674509624ba731cff947570705ac9bfe636e891cd1d60c1b9fc97cf3daf7c	1
13.64	cd6f8d1587ac86762ffb7060f1fc758fb49716b0c175fff73f0b6e6494a666f7	1
13.65	ac2cb8e6f12a931d1f5e99483371fd3dc861c1cd379f2bd9189c714d5685189d	1
13.66	21d4d18e095c8d0f3793ad1af362360be0b0d83cde4eab5d5642c67c7197a5e5	0
13.67	1d5a7f5cc9937d1af69041b9495dc16fa517911a0d4ae642ce32749d73edacba	0
13.68	4d556f4cbcaa8e43dbeb8e051aef35c323ef3419c5bf4014994d5451eda3151c	0
13.69	ffcfb6ad73d7e120b4ddc7e968b7f4c30a973829ab38a173ff613b17cbafd953	1
13.70	0791eab05f6110eb7b6c95f49c64278d0e7e83f2370cbb273b4f3e67e47b3b5a	1
13.71	8ad1110358b125859e1e5eda6bdb94d2d6ea49802fecaf7aa85ac6564f7243d9	0
13.72	503dc7315883b051dbe751a4a4fc161357c4a27aa73f2e3adebc18623b53a5ac	1
13.73	e5bdaed2856cb3275ac2c56e20a3e72b8f5a9f8a4f2c2cc1b4b8c81056fd82fa	0
13.74	cc75f9904f03213051e8d9e7684f715ebb5bb40a940a578615451967df6da927	0
13.75	f21be00378696c97c5396fc59375173ec051220b5fc419c906f39e16cd6a23f9	0
13.76	dbe3a65b166aacf2b63188c9c7384263b808a9981d6b7c534abc59ec73f7e67f	1
13.77	f1f8aab56ee6a83d7022dd2eb192f458f860b9f842134277a8770a221d50c4db	0
13.78	980fe49467254f3049e550c248f798148c1436e9b29db6a3bfc3ba4fca2d1291	0
13.79	b3e49cc48e2504f3679ee8b6278bbb75adebd5c1dab2da7532716dcc4d1d76b7	0
13.80	e2370172c8df6ad81a6e1aafaf4ce5012855a3f46ee4b860ee5f4610b4feae34	0
13.81	84c98f2f0f04693357b1340e3fcedbc5f55d1e081307777b7c7f892b903af11e	0
13.82	88b4f3b392d7d2a05a1c6ae32c7f511b7fbac94e3f7326093f6754e3d334f4ae	0
13.83	806f68fb665b8b9ee2cc5123de804d9c457526eccbc7d2e395d0a635282e83f3	1
13.84	c6668ed877037e48d15d4f4e3819b8ed3b301c516fde7efed83a642f4060f903	0
13.85	c800a51e5be4546760403f01952f5edcbf67b8bc57a38887a2b9dbe13227d97d	1
13.86	d67e5365d333546e4f657302aee588b84d97362d7f4fe5b06166cda90e16c045	0
13.87	db1daa4bbe1f0bc8e762b16bb10a02814765dcbe37cb7d7ba873422d64a8f105	1
13.88	9dfd3a2c35655f346967679deda2d89c872f89591d75a0dbb0d11923e7ffaaa9	1
13.89	3e90ccdf100b98f40ddaeda92bf7c0334dedcde419981a7c44400c723fe881e7	0
13.90	daec08df59a67898c0c6642f112c5ec14e46f4d358a3ec5487530c6576bb7e31	1
13.91	9074c455ee9b476e0dec76d81f0d4b719d6bf390498f4a77dd79dda5a758c8a2	1
13.92	f2d982754e838469198be2c74c1f8312843f88ec717c289e5c1693dc1146fcda	0
13.93	4260d0344264e2e67d2f83aa616f77960bf26a85ccc7702b3c6c66150b173190	1
13.94	ad24f40eb6e13b23a43a550ceed200fd2acb4235c7019dbb20b23d84078a32b6	0
13.95	3c81f706c06890eac632e649863c1ded948ac86f1c091d3b92a1fa4a3d426722	1
13.96	301a78e7ae9723a434b6cb4fb64f4a43c75b8269554ce0a004666c490a419b1c	1
13.97	8963f3de9878e5cecf3fc9b6a28ae071de23816efa157dd02a4d2abff329279d	0
13.98	f3e8e879b39c5b6d992d89ca558f8cb4f004df6a917e10106809419f80d707be	1
13.99	8c5dd3337bb386403282ae3fc12a3ad24ca14d53dcf6c1161573f9a633979e63	0
13.100	753b61afbfce837dcee619703cb2e87a26bee4cb8eb34700f4ba90bbd70f4c74	1
13.101	caa7ae80861e87e7d61d7dbb83aa247e7581638782bb2f9de20c39e59be7e1aa	1
13.102	3c0f56c1d54de0991b10c09b70c765104f42f72330309570d5f72eb1e81f9cfd	0
13.103	26a3caf80fdbc6e515f9ba20e7d445899309bfa8286834495cd0d7ea6000b89f	0
13.104	d96b65a6e5f869e540a21e5aba27d856d47463605754f5d69ffb24009278b037	1
13.105	50f8d1cc34b9e582b9366e4c7008f3284b8079de9417f77054bc678a3b5cb008	0
13.106	c48be54a4aff9582d58b35412c28711fb47fad27eb0ba71e9d45cd02294e2c47	0
13.107	c326111beec6a0185a19b8d70ba1f7dfdacf94de0a94044d9fe5b46e2b959e45	1
13.108	440ff768fa50a6e915f382d538046686366e414542c7cd4b57c3453c310bed47	1
13.109	f75572bc05bddfa7257bfeb3e39aaad59333de78f37f3031da64a4750cfa42e8	0
13.110	07f6bc0c94909ec72c619ba7183f4371c04c820ab7475f82c4b1608ced338553	0
13.111	478f330243d09968aca6aab0d6f10d2e039951efef295489fab400c394d946ee	0
13.112	cc107473e1d2d15ed1e970c40dc08275c39f9848761a8011007ddbf1d6736629	1
13.113	5c98a494f61d2737f600e6ba049d44519a9459ceb4d10af4771cbf8c3a6a2b6b	0
13.114	2a20eea4d698f5af4d1c86d917a0d7072c698304662b92a9a295839d6105c175	0
13.115	5ddd4b7543a549e1b2e0f46ee016ca0dc14c58ae6eb6dbed36753c6f7131e327	0
13.116	9059b3f6df13d84b55c48893c0f10ba7f892755382d11fb5da898fae1edc00c8	1
13.117	543c88cda9c00c01b4794395f22b7372dc78d0f42a80089c11df411bbf7d394b	0
13.118	5df966d055dbac7d1890f55b33f37c315d5dfc32c4ef58bbe7dd47e9c36f482b	1
13.119	3be4647a30d8759b4a35d9631d9e973a90cada658fde64045bd38dcc07cd130c	0
13.120	28fc59c66c8448fa7e195a4f92511470ff7751eb1e64f10d79aee5b4a03877bb	0
13.121	04464d4b5869d5b9dd56ad08863efb75de662b675f3b2a004b4a0086cfdad18a	0
13.122	4c1fd5a696eb76870f0dea60bdbdf4e9957cafe74f8b9f575f0f226d89bb6282	0
13.123	417d54129c391dc25884657beefcb9e8a5b4bac86d83d669cca2e39cd43c1e41	1
13.124	1c9ae256180fc1a32e993050864ffbab257dde12db15f4e94719fe7f0347aa54	1
13.125	beb98db658f61213e6550c8613ef15dd1fe871debc7cd1535ad63e705004ccce	1
13.126	e46c07cd535c46bc790fe3e3e36426dcc7fcbeda5ca8534f9a0afe229cfd22ba	0
13.127	a5667f3443e5517cecab52d4744281586f6449ca52c0100408cf4ef2aab45ad4	1
13.128	64bf58abc2c2b57cc6c51f2b82a8e79a9bc93d4c33d0e520535d9a5dde34a2df	1
13.129	6b93b3fbe58b89f52556a69ac6dfb92ff067e8d2c2f290410bb24c1fab38cc2f	0
13.130	1190b8dcf67cdc512a672f1dc5b36dd048b31c9ec8c5e0071c66975a0288291c	0
13.131	fc08fa5b0ae9f0ffd3dd2262cd5026e703295e3fe6a85d87fd0afff62631ed75	1
13.132	a06fcf42f6466d9178edfccb0cb3bc4bb0d40c78258d071f83567fb8f6952083	0
13.133	259d37415cd4f2d4e8dd77b518864619856ef083aff0d2eb90aeb95ac8f8b14f	1
13.134	331dfdad826b1b8788272ebffe2b475eef5f4458ee63a6c2665533d727edf7bb	1
13.135	09c5756287d79a3d30769576a8c8aff83ff8497bf48662361a630b4459a87146	1
13.136	882b17b9ee5594adf723ba29b4aebd9a2623e495aa4b908967b507ea7822e6a2	1
13.137	45d4594dd5b632617e259128edf642f6ead0c4a5ef645847da3fae7ec6d2bf77	1
13.138	cf87b23d0f70cff8f9ce62b411ad616fd9be0b93edeba67c70f647e5a4b848e1	0
13.139	2f73bff7ef42fa9c49034bc95ecaed65837cccdcc2741d5e7479a12cc83f664e	0
13.140	cf87b23d0f70cff8f9ce62b411ad616fd9be0b93edeba67c70f647e5a4b848e1	0
13.141	cad0f0b68b704e0dd85bf4cbe792e3f5847b41536da6c777e8665800aa41b4ac	0
13.142	cf87b23d0f70cff8f9ce62b411ad616fd9be0b93edeba67c70f647e5a4b848e1	0
13.143	59865e402a4193acd77ff5aae885d65f848b0f8515671a7d3b173d693493eeed	1
13.144	f72ee360fc1c661775ed6bc247cb3c6ff9f8115282318af94b82971773f05db8	1
13.145	590b112eea298dcf42b360e0b3894955994c40d0990c2f785af87e6b2c502ae4	1
13.146	8c5819afa292bc16c661ccaa4a6d5d659b3b2b6979a3aedae4381202fc47c15a	0
13.147	870f7d563c2743b478df8d9911898aa6257b01cdf33157e1edd147a6efd9dd4e	0
13.148	2750c5e87abe27699f1644c72366c8021004f4f746105f506d4f99b5500a80e1	1
13.149	e7ddb64c598cf0f63b91f51602a552ea06efaf3003d6c1e3a8b6f4b097e2ac80	0
13.150	d4943559a5b9fbf17badecb5da5d5429a04a1085a9734ea4ebb61ad78a7a7266	1
13.151	a3d4c4027bd032e51ecbeb7c7d8d120dad3e85c1eccd59c238819a613cb85240	1
13.152	37cec177b428cccede2b14b72b94dff25d2db5954b2b87425dbfb6e60fcdbeb2	0
13.153	cb1f7c2ee6b1483668faadac655fb9daba77a862165078f07dc730f48d57e805	1
13.154	8eb0cee7195b4b3259a910fb2ab03694f56548d35a4fe682df82007da41deb92	1
13.155	e18152ebd78d88b111dc4387d7b25765e73b87a6eaa5e4258401dddc6a76e22c	1
13.156	af34f24900108e58aba4ebd6ac8df41a55dd7c219d0d66cf05bf101bf7ca135d	0
13.157	4a6494c35e771bc58a27e2a30e10bf23a2a0dfc98c14a2b31a69fe11f3fea0ff	1
13.158	5af774574b488a8c4d1a8f32dd07cb8c1712b8e0fa8162c9865e8432352c9a4d	1
13.159	8d8fd87394b0405071163c0469d9253a1f26b021642335a124105298217d0731	0
13.160	b661f93bb9365f893f0076a48a0274c48e7bc5d54cb36443c7224e9623e16705	0
13.161	ad3174ee9f14be362aa6a11556d7eb086b0104a41256a876bfd429b127697204	0
13.162	59d550df4d370fb0126c78d87a5cbc54eb807ba05acb03071f278bc7a8f73c25	0
13.163	7d36ff17245ea1247f8d020a5c55a87be7d7b10d97b6acb2e2942bb48ca52207	0
13.164	ed7faa77e9d236f871901984ad9c882893142c5596f59f5a9c2dec0c9e401b41	1
13.165	5292fe6f4c3451e8312aa2040923cfb2c8de256d9ad3f6319561963fa76ff578	1
13.166	fa092c019e225652e0b72e0c80446883c7742ea4a4017163c265533cee7422d5	0
13.167	89bf525741cac7cb5d2bf120da2c9e97c701ada6aea2b4dc4d28ecc074af3a97	0
13.168	019e4af186ce8d4260a14a4dfc685993f89ec8935d898b845d66821ff152e64a	0
13.169	d19e7e576b70949d01364974088dd3ebd6918ed0f145a385d9dc8d6f13b0c70c	1
13.170	5cbbb9ff6d9ece19671e0f35bacc445d2bd4b8f1b0b02b788277e7780cc21016	1
13.171	cf87b23d0f70cff8f9ce62b411ad616fd9be0b93edeba67c70f647e5a4b848e1	0
13.172	4a17744d41cc0be33f7aba6cf5c5d20797d3f85917debd3dc190c34d5a96d7ab	1
13.173	6cae9c01e129de361a4baed7d28d7277ae4b28cd442348028cb60000a814590a	0
13.174	d04acda066793a6f62d245d3995f703cac88e2e5a2d43069362bc8e13d64101d	1
13.175	4e6023d145246c672cc1e9fbf64d01ed1bfbf0fa989980108bf6da05c75d7cee	1
13.176	630cacc35095760e71ec1b222fe0977acc8deb8891bb026cc68e6ce572f326ba	0
13.177	e4d09486f9232e3a1a25bd5bdb74c062210c9d9f3fb7ee53209cf240adbd1847	0
13.178	cb5717caba3cee629af10065ea6a9ecc10db6fe7afa589a7c9131a88f8c70d02	0
13.179	8a6bf78cd6f01a824fa9f297a29dcf5a23770bc21de491eabcd5c07e4970e107	0
13.180	b033d2ef355c06a74fa262c63f7042f57ce332c0c6f77e2606d30fd083fd78d8	0
13.181	522ce5e4a2bbd85d536eb855d01b687996e4952e5947d14c84286a54ead503fa	0
13.182	ca05e4b3d7b902bd12f1f0b8abd865d2aa6eb7c4ac371b3f4fd503e95c78d414	1
13.183	f1135afb052db55646d18a1dbe3b4031d4aef485771706bf3cbeaf1a3228bb1e	0
13.184	fcda9d2a62950719018fac47d1c339c19dcafab8c8257d5dbcc27ae4bc44781e	0
13.185	ed4614721ff6e9a20427f77ae3a4dc44f75948f15f891d645c4434d6dcb4e64c	0
13.186	169276e04200292b79cb1544f714cb9ee9d62752fb470ce4e3182f3d5d2ccb8c	0
13.187	dec5b24fb36fd3822b6a7d9c74a96dd3498e272b5f5a34062e268d880e540e2c	1
13.188	7a4ecf4fec05d3f0f0129e4ee8992ac616a32c8e63a193ee8475c08404e268d1	0
13.189	255453431e7675acce9a62b8e3778bfb3e1aa5b22f8e330ee4404d6d187a927d	0
13.190	6885ca325548d7729d621fb0678f5626e56f32d5c160f6f3144fe29cd72e0207	0
13.191	e39a0da1af9dd23a5ff490774e72e41c65a468d09257b759f179237770950364	0
13.192	fe064c6e674244acc2b34c1ebcd2f55fb8f74e79ef0b7232e377b9a51878ec67	0
13.193	6d26955ab2ba20587b00ec446771f3ed508daf12fbfc11596de0d226e5e3fc0f	0
13.194	f9f970147a0842cee8d892ac31d1c4d15a69d798d3133089a2dfb49a8801586c	0
13.195	32cf228be379ee48a12bc6bdf5cb88a98ef078ba415144cce19c0d4b95e896c8	0
13.196	c1eb7534005d2f3b45138376f4b8ed08bf414663e87d027536595c93276a47fd	1
13.197	de4c298c1effebe5357995a12a6329c5b9ab9e8e55536198fa60965e12e4fff5	1
13.198	e101f21a632cb2dd5072b59e0cd9f12381cf24192388b14fe4855e4ee48552b9	1
13.199	def5166e05b2af89b77b7051511505eea6679b152dc51c627b8319ff51bfc089	0
13.200	2e37aa9e3f6f25d9d0eaf19d8e7e663092a06515620e2532a8abfa478105e35c	0
13.201	44954ae279616616b9c30ce12641314a22ecfe2829ce4fc5e4325b75ed8c641c	0
13.202	49f2074ef8b147af6f4873811bfb930ee85cb01c9e95cf2474c8fe0e3daad372	1
13.203	2d2888082b5222968ac5294316fac9cb3b5f306a6fad93c7b32326db7b85e5ee	0
13.204	38c64dace00d82fcbe7e91e01ba6c589f43dce5630f762826c0ea911528db2b2	1
13.205	496844f11acf90a8832fb7adeb6dc810608d558f217739a2162d965df8627cd3	0
13.206	b42e4b865eb64f23e78de09339ef8e4fbd319700949b298de363d17ecd6b3c7c	0
13.207	8d8ca53f19966b3830a7c36dfa35df0e9fbf1a82b705ed41b2ae33ade469d33e	0
13.208	e1331fcd088899524ec36a64eddfb04951149f619092a7d63d07c71f52b7db02	1
13.209	ffd2bb15f56991646e539420ea3145c5871486087ab3507c2cc001109a2f6e27	0
14.0	4f519b112b6d9bba77a4fc0dca9e72e1c85e04ae6737850926c8f913628972d7	0
14.1	d4340819c745918861a19b6ebc939edf0addc754e59db3e213022da111d4e00c	0
14.2	316b08a0b4b7dde9877b9aed7962cc407e627e2550a311f4535f774e41cfbcfb	0
14.3	e48161af200abaa8aca580f61d543e920b15077698437c2dd386671d132a3267	1
14.4	5afea9cee279e6b822b74e2df10c5756fa8511b4a59ee5ebd54628210c285bed	1
14.5	90bec318ef12a3454ce121635ef21c371d414900deb769a7d65af84228a42585	1
14.6	be64a2d7cb8d319c336f90d00abb20489548a8dbd915ae02c957b0685c12fcd1	0
14.7	3f9f61fcf334eebd37d28ae93bf1ec82462c37a969ee3cc6b70824a66927cd2d	0
14.8	d16a2ee3d4630f27f47d769d9912f11719a781bd976fa29ff067855af0832ed9	0
14.9	17b0a5646292559559bdf2bd3a1ffca911d60caf1fc1940c5a36808b497290ce	1
14.10	c9c8ed5e8609c51face0ae10eb0e201de39c626cd66a831eaae189cbb6935dd8	0
14.11	ea67e0b143386c30a252eddc15bdec07fe5e0a73a0f0c7427d4b8ce868a839ca	1
14.12	534ab7141147d6648876cd71aa076e98f0763ebfcb04062e45c04b7b0559010f	0
14.13	3c0d63a1752b4e67938772a9ae759003c56713c74d8cc9c379c99ac5d734b93d	1
14.14	b48653c774f42da71f4acd5018e091b8e12991705364df2d2ac12d8bac5d942c	1
14.15	65741876b15d9096169e45c8329d16e795466e56be092609dc4b60ace1076a10	0
14.16	81e1494a0a9560eac650dd95f5e1761414701d15e1d1f8b3dd219f332aab2168	1
14.17	6c4a0ba02c4e01ba47630187be254f771267774e37c2364722bd6ef62ea4f8e8	0
14.18	faeeba1aa55e73e08fe98effb98fe3d1a6cd6c2f01f81d2b92fa524dd32bdb90	0
14.19	a50a8210cfd5c9d0801259dd246279cff4155eb3f033f1cf35396528fadff3c7	0
14.20	c8cbf286cf8deb62c0e2601e5cbf24abbacff95d33141a6e79a29a203b575527	0
14.21	2f3ee633f105c94bcb9e8fd78c69765d05c470b1df6e37bebed356f2b3544515	0
14.22	a014f2c0a807dfee6c68ea0ea088bbaf6cf81c33ad5cfa5abf3af1a9e5664aab	1
14.23	983377565be8eca5e7eab93db9c87a6cbda76a11d43734a5349dc0940d303a2d	1
14.24	43f04eff49211e5b832eb99df87de93389e5b42c35436925371fc2d610bba797	0
14.25	a15940115ee6595ee523c21dabe39cf301eb3c6248a76c05b6c1773c5a100aad	0
14.26	abae9c7d2b2ce76620b6d59ebe9df9f87b883b31e5c0984889fa0e91433e5e98	1
14.27	949c12a3721025947ec0a0de475e390f6ee289d7bab7d57e9e7b9a03f6ec0ebc	0
14.28	2353c7cc6fd72f9739edb95fec4d3a489584454a42f14efd0f669022de3eeabf	0
14.29	4d2737afb1b4fbf494268667c657e520e464f217123e7e2c05edb5de340a91d9	1
14.30	6af6c7d4327c2ea108f2f37d42eb4bb619e731ab92542ae98b247a15ee438394	0
14.31	087713246375a6a8df8a915114f17d860b8ac07c7a2b4f3455a817d6be1c6cb0	1
14.32	e78fd9280a14ed5a4308752270e16ebd0ebaf80715dd05a87973bb1e060dee0f	1
14.33	f4eb68f54ab17f227e493808a7eb98e0d77bdd15644611ae8fb4e2b14639d51e	0
14.34	5b4e8cb5f3232f0f8790ddd29434387ee347e59c19b253a4364b12f52ac59616	0
14.35	cb899a29d399caca3d254cff4c686d0baef4cadcae43e8dc7579fbf8d1ff72d4	0
14.36	a7ffc15ac52b460ba9f82929308d17a388f03d1176b1e8053424cef47df8d7b6	0
14.37	182d087407bc92f9b7a65f17d6f6f5dccebdb928e5f921caaa38a2e684e301fe	0
14.38	40e0db1c9bb1c8d04150f7eac0cb518a10680b89b7dade84120f4395644dae15	1
14.39	16313e20b7f96a0e5326209c2114bd5882647b44070430bb6c9a7c57c5dada7b	1
14.40	545fc6e3c3658bdc442c5d30707f303d3e6cdcc88f842997627532465deb989e	0
14.41	58f81d40819198c387c90fe025f68ebeb23e282d358977a158e0db6113c7a500	0
14.42	9b0a69e67e6f6300aa888b7eb8d8ad2e930601a4669a2170eb4eb99d77e388e5	0
14.43	d0a37429ad28675871fdc44f5587119bd3f1703aa5205fe8b909a72f89ed3f8b	0
14.44	5de914501ed1248cc002b481e4901bb9096354023942e511134c3d0f8955eb30	0
14.45	bef5f2ee2437d77e7bc607a239dc68b2c59fd10b618a9a14821fac70547bf909	0
14.46	150f0371605705b3330e9bb6ee52be1119dbe9e671e8dafef24895b72c45db33	0
14.47	83ab4d61b4b79d59f7d3bbe30aa684a9efe5c033e9243cd89311ba930698b6de	1
14.48	1bec3a98be165b7065827763665ff05653294703666a12b6ac27607fa1c52807	0
14.49	2492f0aa192b12fc9f759756bfafc116c90dad6be14ee4fb1f6edd1a9513ddcc	0
14.50	abe3dc5e53442a846623ba529577d928c9ac00c507e0782d4b3bcb0a4a4173b5	0
14.51	eae8b1f0d1c378a309e3d51843da6dddb704d1a8035abad4089e55b2a5bc3ac4	0
14.52	2dea157196aff9b0e2a5d79ebf84c75229b1162e37d85ffe28e5ea7b3e9ec13e	0
14.53	759ceb2820d8a0912b2c184e325d00d3089a67a557eb60b39894665d066e8495	0
14.54	d072a4ee237c446837c7cce035751417987e7039c38f9008f047f51d6c7ea04c	0
14.55	e8b586085aa7a408a964810b7ea7ade091f2002806e44e0a486d0eead54f285a	1
14.56	47086da0f65e24a780703935fb91f7f9687476580bc21dae6697925a12ebcb08	0
14.57	a4302f78b412f6de878a642229d199005feed0be1804eed951c012470758e9ca	0
14.58	9ca49f79279fb72dd0530b85341d6c84c232fcf11d362c1852acb1c0e232c8ed	0
14.59	b0ffc8628998965ab92400bace52fce6d4c375dc906628e8be9d969f12225722	0
14.60	0dec1b90d3025a784e3f2b6d9c4909328ee15d91a23b05ff55486a16714ef265	0
14.61	ee5c2a159aeecfea3957ccbb384031778f6a0e6b44af64a8d563e394af8849b9	0
14.62	ce8181e7d125f7ffca6f14f3a2c1dac8bf95ff2fec9cc5f1b8de975f51f50c17	0
14.63	7dcb1185d81a83e9b1d8677136d943a5c89f1bc1a52166eb985e1327bff7125e	1
14.64	dc3380c9256022e0074756afe3b836ca8083e65b8cd119fd7eb5f09e6a5e336e	1
14.65	2ee5eab34af6a7776c05192bed958cca5f5b34019e4a518d9cb862fb7c27668c	0
14.66	f4726d1e5929e7887def2ca6438542172873524b7b9bc4166e87198513b4db5b	0
14.67	d0c3f248e203c1aa94504625ea838cd1a281f4545e1bb103fdca8f101ae7c37f	0
14.68	73382d6659dfaa4c4d3e3b39565a993779cda17812656a89748e3694f40548f4	0
14.69	0698f1b7875efcc3fba8a787853422f28214d7673227b7d6900da764c7ae9097	0
14.70	344199476ee780ccb58991ff5ee96ab29fe9f6955352472c6c411b2e4e0895f6	1
14.71	e885a5a3f67813c1d41da939e8b56255e41af8156ffac7e76c0a6928a715d2fe	1
14.72	64f0b8d503c54a298ac8747bbc009326ba2d9731a9e588bb6783c71690d19a9f	0
14.73	fe3c7204b33f7abcb1bea4ac2ca6e3a57490f6bae708fff24ce567a89c6c4da7	1
14.74	f66f43cccc269e07e9aa3e25185d5fb9a36e8bbef64bce2d62a98462e24486ef	0
14.75	2e992eacf1f5b5b1dff94e3fc39cb7dbea13998c19fc6d5487be0ed9bea47b23	0
14.76	fb7daf4fc8d6c628daa150d3281c2c80fd2e4a1cec201a2385550a5ae7d4f17a	1
14.77	5a8bd2733ce615fa0fbc61c42fb1ea4d0c12a74a6e020f47a2d8f92bd3a4102b	0
14.78	9a2ae11031504b81f0e66943e7a94b80a83545a66f60ff82658482bbd8361158	0
14.79	4cb1db8aa7c2d8d88a7d5da26611e730e99ed4fc2db9bb2627450e2f413b48cb	0
14.80	7e3272d5f924ad4e8994869599cca91d6958d8afc29b31fa0c06122884e9b9c5	0
14.81	ad641b7c40eecc6e64d0670433a043bc873158fe2f4241efc66d72d32effdde8	1
14.82	3d6f375a7e02245921c430db074cf6fc15faf0bc08b9cd471cdc78b50cba541b	1
14.83	9b2b0b76b546595a13a91ecb8e06b7acda5edba4584127b2bedd858070b8c6b2	0
14.84	bad6ea106b9881545871bcff5e5a3aa6919c4b52c993b61ca09868ee762d14b6	0
14.85	a536a4b790e88492e9aec2bdcaa0811b32ab884de622cc4025f9c4fcaaf33769	0
14.86	02616497c2dccbffb4036ba7f8b963b3b26185b7cd9e8c65d0310bfaf342f294	0
14.87	287755ca006899c25d7ed97f545e376210310d502944f200136973de73726c98	1
14.88	f86dee36ae8ee8cfd70171280017f9cd566f791a8653f42ed61e746ca8cb0a97	0
14.89	4b8f426bde1271ad4c2269327d06a170689de16db60d9e1d628b23b298cf46b4	0
14.90	55aac2807ec22f5cd35e11141d3ad218123bc3b3e2ef76e32d5baa5b53db3d79	1
14.91	39f37fffd6a5dfa46aacaf0be35a755afa575754677eafe6368d59b7a7fff26d	1
14.92	2c0079fbf13fd146a44e9a7283d7596a1b1a8686d8c32a0753ee2a3897880b9e	1
14.93	5e9ab5ed8066b1904ea8c3808d69647a7963653405c1bca7e7ca7b8e33e83dbd	0
14.94	9555fd5acaf13568bd1702fe91b0f9ee715d00a934e26701b0dca38b8b54f1f0	1
14.95	0d4a1663a587141ffafd5ba09cfb700a0d33a6a483152a661ba566cdeeec7520	0
14.96	465303adcce5473320ce8a9b84f8db3f35a1efc9da7a44e0f1612d8c05c9994b	0
14.97	713548d968b3bf573f7a786c5f6dd7c6b3d1c06dfcf699fc9ce65dd420016132	0
14.98	c27ccd0b250213f4b7fcd7568f9246a616951efb53aa319779007460c945fc77	0
14.99	d8262444d17d1d1783c755295c020cae15072471283ead83bd66fb63e2c88eb7	0
14.100	e13311929ee10cf7da2a5bfba5cb016f24136499bce10cd0ad7f2c576372770b	0
14.101	ca05d09b745e94d7bbdb297b40e0bd706ae843c66a5ec623e46bf96961a4f21b	0
14.102	f565b631bf5e57ff6772c4e02cd12b057d84dc0e3bebf4803ba662cde74f1fd1	0
14.103	74cbc82cd114ad41f91d275c0da165e5c01af9d7f6d6f346eaf245abe14a0a6a	0
14.104	c610b271840c23d9219911b489468e52e36ca6af8321ed02b99154aa4f3bdf0c	0
14.105	96edf52ab863f70f6004c6ecf519716c55038997174f0ef9a8e64a7525d9f1b2	1
14.106	7c083dcccbbe56a43753c11fa73cc931a21683d604d68585a47e4e55ea389414	0
14.107	ab4f9048618c51c910ab4851e6391b940c584044946f75b1fbb67fcf90e05e1e	1
14.108	f063da9220895c3f4dd29418dce2059192880d0d41034a951f07c47bf68bb3a2	0
14.109	4d7c32ce2ea0a022e59d6654a17f997527ce801127d55fc39d30a6a634d7e7f7	1
14.110	ebfb62e78449488e9329f06a837dc8fd4c25e5255f8784bb666a9ebb9fb22cda	0
14.111	f2fe5cd25f82200a17f2da85668a3caeb6a693d515676c6ccbd5861838ba8702	1
14.112	70017d4bd543ab2c5a877d6ba0730e86567fc0a51bce9f27a6281c1711691a05	0
14.113	2ccde12bd25cda6679384e420784356ee2dc58408068c0e206b8e3aca9efb932	1
14.114	428648a2703a3170a7f76879d77997faab3839b4e12245567f6e350f4f348e39	1
14.115	d87b9a4ed2ca989dc0efdcaad1aefba0d00cac8c4c4fced294979178653fab7f	0
14.116	c7207f1b27f3879669bc5f70e4a012d906e729b90d8a1a85f71444ae9f0250d6	0
14.117	3a95d2ed2faf6ccf620a78f1d22e07744bbab1786f871e81a30d0c6e48571b7a	1
14.118	e3d948e0008063e8b8639b5582745c86f16cc77f9c5267292043e8819abc3b5d	1
14.119	6f7c48f913c15fc03ec5d21ed57c5bf8e095a56ada38097b1a5ff26bba0f49eb	0
14.120	2beb96633a56fbcc1729b136cbb60bfe55432f1e285bdcd3d7ea722666d68ea6	1
14.121	25c6912a623b6d7c12cc472486ae2f6e9695ac2ce8ab3ad2bd52d8b1b3d6917d	0
14.122	974ae529dddd9109d68cc7f35ee0aa0b7aa8d2869e0af05f8f42fe0cfe2b592a	0
14.123	acf11847adeeb7e3358ff34f44b66faba9c7c2146dfd2bba2b025fc8f9dfc3cd	0
14.124	39838ef488496f00e4aaf0927358681ae7f79aa7a87ae4cc6054645967283860	1
14.125	a227884d3d28f61f80812f97d1c972ef8d4fa3e48f019b8a18f46e2a9b69fa53	1
14.126	6395ba1e5cc95b17cfa67949d1497033f38f4ddfbfb49fbdb6571f28d68c2f07	0
14.127	11fc92c28519344b46963a3d21f1aca836c69c021e29de57d181a412f1f30b84	1
14.128	3682e6500f73f56ada6226c2036233375bb13dc272bf72c72bd3734aaeecdb2f	0
14.129	8612d84bc440489295554e3ca839e30416bafeda87a4d30fbf29c36e935b830b	0
14.130	33a28203df06435c1e6bc3a9f68167a3a9771e9e321e68f98b74169d687353e2	1
14.131	c342c92ffef8a447067a6d65e84e70bcd920cfa4e90f56c63bde694c9765a801	0
14.132	a6a3a3d825cb9cfd493d39207b6b2c316eee66bb5684ea4336271fd9a39759ac	1
14.133	164292805598dd48ae5313e57f110b0ffaf1860786eebc7b5dea0bdc5ab55661	0
14.134	41d9daac586cb353ad7e808fa0e1d17ad5df62bbe0d2aea3cc5ea85569d10191	1
14.135	9088c1a3cc62c9ba570e452159227a2318b590f1ac0a2ceb64335dd4cf06e860	1
14.136	fa2c6169f7a7e334d1e690234f1af30590653d7c740043089e2dc7c9004103fd	1
14.137	a3cc0d53a54bf8a2093d03ae72faf1e911231efed9ca186c0a19127042b7700c	0
14.138	d133d3061038923520ebd56b3ce69f4b39e2c5f2c91b8fdb113224e79c590fde	1
14.139	90010b3d6d6f565e7ac0c4902b40be1eb442b3db9b8fef8977c11b27f75ee3c2	0
14.140	8d0fef72a1e6104b6e16d2ee15832055a2c00b3d980e31e33abd7712406df5b5	0
14.141	9b47abab84038c861864020cb2d8f4f2c78aa0d3e05e3f3af1b64925ab16a6ec	1
14.142	00114d45c881e7360e69df250f3bbbb85f2fc7e1edcfcb5e8a00d90a90f23c7b	1
14.143	20de26c3b8e598738dde80ec1ba0606efa22802c59946dba460f970c60da2a95	1
14.144	944b3c8a2fb32eddd934b70ee02c1741d02c523189c868f10a0f2823161df658	1
14.145	b24d1b37e3cbe3e72d4874a7a5bb142696d43afe5416b63869f49bc69b88baa4	1
14.146	6e5182c354313467c7cea9069d9769981f5a9a906e7fbc9704477332e098840d	1
14.147	6d2a00496b312bcfa322664458a2140e3d508072699ebb312406a0306ad15cab	0
14.148	008d939cd4a3ff0a87345dffa249686f1e30cdb407b36e9fda7bad287c47c45e	1
14.149	0b2f00700c7d5ab5fb5d122e0550a1bf5d9c8bb28a6c1b831480bd0b0ce35b5e	0
14.150	0e48485407173f834478241c9d58fe01793885283bf12dc94b2527b59950c99a	0
14.151	6a993829b186e1d38bce0c551c2a4933cc3232c6101cf8e20c12fc5970d1c0ec	0
14.152	491c192d2cffc0aafbdde770c6668f015c9a8f669808ab5539bebfb4453b43c0	1
14.153	0be3076c432d7cabdf14c45beefbb94864d5257d9a0e299d014b9fe9a0a370f1	1
15.0	4e0ce63a777c4ea314cdf2e3c2e83244edb8d8c12272a0f7b2a092d113466c7c	0
15.1	2b8a834071288691ce2ec3113b2ab498c205a139cf723017a1adaeee81279e81	0
15.2	ada7670d0deb508b346093ba2cdadea5982a69306aac2dd8dfc1078423e7489a	0
15.3	22147ad769d9f95a3f23a690912fa1f985df2f7b00ffb61527f1dcac495ff87b	1
15.4	54352734675eb60622a4c13ecae4bc670c19921997b4cbbbcbd8815fb4fca9fa	1
15.5	8c615840c6eee69c73b3b921aa339a0aa4f372ce49a179a078de79a4a586fa83	1
15.6	b4fbccffbd009cf1ffe79be0654e40fe5f1b67cefdc4452365c8f4c1b47ee899	0
15.7	0f02714ba7f2fa0472ddd16384cc2f901fecf47bf2cf100b80615c47833e691a	1
15.8	647a217f172cb60867b159ace7a3d0a50b894d1c0b9cb3d00c9886712747be0f	1
15.9	0d37594cf76037baf2946bf433d10d88f767a6265e565e07cc78619bc476effd	1
15.10	99451168bfb063b0c7458ff38279141e346baa072ba52e3d22b226778a14b9de	0
15.11	0dd97adb9176912624fd6f5a0c9cda84237937ac1e1bc75aaa6dda847464529a	1
15.12	95b1a6a27620498f983bade200a54867b7e780e6b8f5605833faf09b38abab4e	1
15.13	13e68ab4937035cdb72aac5bf3119c59523ac1048e34b9e4f88a1ea7c80a6bcb	1
15.14	3771463c6da6872c861aaeebe3462e30c15121a237cb5e5d08f721a99acd9f92	0
15.15	1457047c7de8baf1d1e85cbf772503f9ea6f9b80855dc0ffbf4d632523c5c4ff	1
15.16	43413275ef74865fb01189e99cbca148cb96df3146462bbbc53173fe88c84396	0
15.17	2af51b66fc4fa3b6007d326a3c07d5f00a17c5fa3465974818a6d83b9ac63d1d	1
15.18	e6836267527632948d6858be4553185f195f8975be26d755824878943bf9d855	1
15.19	22c71c12631844995dff801e1e5391b42b84dcf3486d533d75018ea8d8cfcef3	1
15.20	5b95f2173c45e45e6fad1af1547c189e12d3f1a373faee2d7508ce61b18fda85	1
15.21	9ea73d3f6e1f31223859b2e96a222cd1a5b5fb4c679d763abd82a847741a2e04	1
15.22	0f9c10e7b66dfd89b1ff09e4797d0788ed246f45c1432adf2bd54d094fd4764b	1
15.23	d78726b0f10fd87fc70cee736c086d6efd32fdbef5ab5895cdb897c23e458321	1
15.24	87ab2d2aa17f9c753033f1c8f14a902e11e4425efb34a3734a831973eac8c93c	1
15.25	2800d9817df7b6f3e8841d50e1de4a7c4d4eea4e35405550152bcdbca6cbf742	1
15.26	2b17f88e783f3fbe8a91551e8dee84b1a690157d74fa8918b3da9acf320958ba	0
15.27	4ff10b16ea657714eb204bcddf91fcbfd8fe9dfc34bed99a97f2f0c9f888ec22	1
15.28	84e871049d1ffe8114eec728142d3a66d9369c907a024900fe26b34e215fe10c	1
15.29	56aa5691935c6e3554e7be3ad151c1f19867a09c3a251f79da467505817f6de5	0
15.30	d618d49c5a0d38dce2a76896b7ef6e16872e27d1b6789c8bd6af24f70503115f	1
15.31	a59afb578e14a9fb673b39ac18e12ef310d269c682bbd4937b7a869760d8aee5	1
15.32	02838b08ca147c671028f5541b1a063c7da39393f0ac6277c3584b48626a781b	1
15.33	649d2c72ec16cbcbda8a592555d172e05edee0b40e65c41340c69d1740c7a63f	1
15.34	d7d3f190020bf18bcc516f7486abc42a3e394e5423d587f74165e1e5ad181d62	1
15.35	6c0c43d39feac659f9f00fab90bbd97380f4dea119e86f85e1fc12be29ce9c3e	1
15.36	13549226c9175c68dc1e34da898d73c47563cdbaa69de2687fdf178f724e0f04	0
15.37	b5a13d65bf011861ef5d48ff240f43b26360ff0d06da6686f74d9458dbd82271	1
15.38	0f0dc97182249444efb3bcd01cc6dd19909531ce372c0a0ce2d815350f372e32	0
15.39	5cd2feeead5176479f6511d5db798dd532f0369cd69b023291d22218ef7f6381	0
15.40	d31bfc61259e3154e9099784de924711845c22bc50138ef7658184e3ef86d826	1
15.41	5681f2be3c835e1b11558a7185f945da8e30748cbc272b380e4ef17f33ba2814	0
15.42	9705334ca414b894ceb9ce530525d4b7e9d47ec22a7aa4b2b47a2eb06826682d	1
15.43	8368207757836a41b3654185196fe73d917954bcebba99618947f422b4a0f1ad	0
15.44	5c4edfa9a14bc847d33fe15582cce0dbe947506e875c69aa213245f1e5ef9a01	1
15.45	94229f6f96d46460f59d39bd0ba90fced465b84b64e419c5f54be183aa951da4	0
15.46	b6abdbce58ac566235baef26293f62a501e10d4a12369a11e840a18f895123aa	0
15.47	3e5cddc5e667b498c8a3417230490d210f3bf9829176260ac87c42d1c402515d	0
15.48	413ea1805917b48a570298fc486166d1270f11b65eef696818b39205f585f1a6	1
15.49	df4d1755150986a80ddefc6f9281659953c993dce4f5007561d34f0900ba91d2	0
15.50	9c3c233bbc764d6dee918607da972a89abbb5ce47c32ee82d6d934de7406f2e6	1
15.51	87761f25a5793f2c902b5904b74626b417950ba1c2138fcfc90473a1d6b204d0	0
15.52	c1a77d507d0fefe9810224d380ad0db0198d891499a141f8ec1b5cc26a79bc58	1
15.53	95c880c1f0cbf73dcc6fdeadfff6b5361329b2241fe389ece0b9cb4c24c97794	1
15.54	85c8ec1c080287de5f5a030a5fc893bbc7079ab1bcca092663f15b79c28a513f	0
15.55	54655415307fe686aacb248575cc5e9db4ef1bb695512f56c6b4c4152662f56b	1
15.56	1b3dd8cda7de3029f3ff1a509d01cc1441616c669aa7345705cefc3ac94988b1	1
15.57	95b78b36e14a05122bd11ca84ecbadcaa8c285823ee7b0ebece21dd967f64a58	1
15.58	da6a03119747cc5f7e631df98172bd58aac9e2788bae6b6a45f2bfaa8c58a15a	0
15.59	886b1896d90c33dd9b5601a4dd14fe40fcf6c521449bff4801c10f2a28b654a2	0
15.60	396a944472c4e7f69f2f72a441324f4dd9edde395df4541fadc885af24318fcd	0
15.61	0062c9384ec191bb15f4a6413b48cd973fbfbc00f239d2af95a8c9982a6951f7	1
15.62	11f9e8bf3d4d4e320465164f63796afe8fb18adf3289dcd41090d86cf61bfcb9	0
15.63	2cc3d617ce84713d0c31488d02da222ffef928cb51eab13e9c5e43791c398998	0
15.64	1f6a8eec21d516aa7606ea95eae2d59134c4941d46fe8d17981d1666b7899428	0
15.65	56774d040f290797bdadcf733f146a523ba48d293be8aa297b02e09ea327466b	1
15.66	7036be3a6f12e5ef9b83398ca520312d2f1f33b1094a592f254ca39721d025d1	1
15.67	07e62c02ce6f9eb57b08fcb98ac24d886a96f5c3896374d27fe2c2d9c103bc9d	0
15.68	dca4ae15eab0c322141822d65642d7a3867380217cb6c8dad84c56c6da6adc49	0
15.69	e9c67ef4e6360d11fd3a9b11168fe946d23a04dc240eb5e3fb4f570d3b1323e6	0
15.70	a54d82b6cf41a6863fea14347bef719fd702ec903ff76fc77936d87fa34be871	1
15.71	577170a53ffb45c9c8159f97e3b643bfc27cf36dd07531bae53b9d546235b65a	1
15.72	aa6eee5f36efb0455f7b09ab00925bafd6f249714f4259e68c57748dc8706123	0
15.73	8cc3837377629b0806bd40a2647de100ee2d9577679ca516a4948314d262facf	1
15.74	90f52fe46dc41b937ad1befe9af0b893762071bb71f4054b2fdbaad26f8eac40	1
15.75	bd020c67a1c3988c8072f6ca37272caf677eb10298a524f94eaa75c3e5da7e90	1
15.76	7eba730eefee285c294e03c09114f0b5b227060fa9bd7097725782d0d5a10206	0
15.77	8b15b0a82f6958ffd37436b0f0a1781f24b4a34ec1d3151bab83f1f5d19cff39	0
15.78	409f4b22ccbbafe09465f1e58aabfb38b920f633fda772c729d95827ce15ff7f	1
15.79	c9035e69d3217c626ea5ff5fe1222c41e6b2f0a34cee003110bc21d14b490f21	1
15.80	85449a3bbcad3479878d1dbd8b2fe8212fb5519f976ed04939bf3af2c316674d	1
15.81	149adf5926628fcbce09ba901d44cd29a0b410899d2f06a34baad9af02684c65	0
15.82	38603b3c1aef13ad029249b7cd6c5954a73d8207be6fe4fa51b6369e642d8ff9	1
15.83	e4ba1b99fb4425bd177aab4e448b5317d01db560f0d9380688e3033e5377a1be	0
15.84	83cced60a0bad34e1ce2379e721dfddc29f832c808351fbfcd874102a1656816	1
15.85	157ee6a8e57a24ec95ccaf1cd0398922d94b9c18162b0a37f157d42f279f5ab4	1
15.86	ef156a5a4ba834021819b7eec2e4d3c5e272c20a8b58804ba868d136b48513a0	1
15.87	d70025fadc2362f5484e8b4a58615bf68df93d4fb657f4a298f08401309d2403	0
15.88	4bb91472e8100fea97a095fa82c506ef057f6b7deff1243c762fe8450f5541c5	1
16.0	caf7938f77997ef7ead2e214ba04c8fdbf76366cbc675fb9b6c4d0341c99f219	0
16.1	c91f61295c7910a2079ee487461024c70be794d49ef9b787bf30b46d340113e2	0
16.2	c2b8c5f1d7dbe104fe12bd083f11cfad29a068c1e0d6784b437083a66a73dada	1
16.3	12d1182b78a3c74971b38de5d61cc323eadac26ae0ffc8b5fff1364d8d659777	0
16.4	314d17aa1ac256da151bd9d88808e5bdd8ed522a8b334b79878438ea3df213ca	1
16.5	899c793f32394bf5de8f4461f7fef553ec8e7cbd69a2a026935b0c12c30635d9	1
16.6	37b4d3c415af3dfe43170608956756e97e0d3b451d8144e4602fe46386a190f8	0
16.7	7cc878683ef59cbbf007ed905421b6d712046cc816ab4c23c265ae50f2ef28f2	0
16.8	4b4c50d3277247470806eb7e609a9eefb7685688d29d08b216c932cbc1d5ae16	1
16.9	4324cd59101aa321e7e574132dd3383cce47941d927aea5bfa412fa1e42c0a69	1
16.10	78e64ab2af0fcd388473b4c4615c8d723350a8a6106972187248a4968356f1ed	1
16.11	fe362fff2e070a2ba9d3bf417e94c2db631720727df08a2bb1af45b28c384fb8	0
16.12	4f7646ff96d3e7e79afde77b7f2e558ee1be5a3f5a762cf604e8d6bb8480c811	0
16.13	1b30733678a4519d8092e309885ccf11c283b1016660df8de6515ef32f24d764	0
16.14	e9d981826e9ee5cfbf74767702b8850a6346c10506ccc41fb08e55cb948209eb	1
16.15	235391dbc9a487ebc3ae333dddce3cc7b3dc5b3920c145fdaeff089ca01c656a	0
16.16	9d9943217fad0a21a3869bb7f48231d1a970a96ae028e3b41a1eb58e9594526c	0
16.17	8bf46543303eec9a65b02983947a1699da65b70a224fb3457f199e77f239b4ff	0
16.18	f4c5dc8fab6663d6764ec0431a98ab4507fd0ffbb3a0011f64ea745ff3ac7620	0
16.19	cac846f07fe42a5d0f5ea52ff2b198dc09a8c5f29b865afefc0e4afeb106bcb2	1
16.20	d1679dcef12127e464f5f3bc4be2f3653ed4598caee717a1ad0e9a000496b484	1
16.21	32a5158ba7eafdfab341b1b91f90cd0f71b7617479e85e89722ff39f67eca7e8	1
16.22	eb87386de92160e05820bd217e75e88bc8e3b1618a4e2e6d62469228306eaee5	1
16.23	fda204801397f7e57080d7b3d2a4feca8911efb08eea0f07fdc0ccb16903d4a5	0
16.24	7c479c1e7e74c4d299ed25e0b33420b04ea49ac7073c5c2f77e8a8bb04369978	0
16.25	027d2dbac3ac5f7a4485d49e85963b22079f01790419b1f86036fe4b855835ce	0
16.26	ca99297a6e42c701b88264d9352c9037776faca4f51a67fc24a39760e1ed89f8	1
16.27	58f3d780e3a7532bb47a403e43af6c2f6cf9cc089dd990bd69e0e954443f5841	0
16.28	1e41f1bcc529b30c09b2aca59ae2e823ba04b939ee7932b41e8349c5444b96f2	1
16.29	e5a09723077b72c4fcd93d5e78f715837ab5055b23c655882145b7830134b5c0	0
16.30	bf2dd07404b1198035f13b4395f989127c96b9bc4273f1d5ec1f79dfc51c25d3	0
16.31	0df813d14309ec38c1b30f426280e8808b4ed8d294594b28963136ae818c1748	1
16.32	9058b07a0431baddc5f243c13ab86eb64cdddb843f3652178e5af22497c8c394	0
16.33	6ecdfdf3b47a27a84c6bd592c8d5daac3614458a32187fd312764dc2b0f2f00d	0
16.34	cfaaae41fa1b8575eb8c1a1c8068c135d93294e8bf30a27fc6dc48fe2d5abc12	1
16.35	be74a73577b74638b9f6c31980bbbbd49f46f44a683708a6e9bd0735c0a11c05	1
16.36	a3cc0d53a54bf8a2093d03ae72faf1e911231efed9ca186c0a19127042b7700c	0
16.37	db41d7b8d709ad1a12f4c8d2edec0f6e9d29acce7ffb57f86b4230c3d1546f0f	0
16.38	d0f272db3d99c6c65ec42172b47d88cb21782dbf27239ccd273a25b352b421e7	1
16.39	ee549173761294bb950f7ddb818f70aa7bc3fa9260af2d87a4c30fc4a64bffaa	1
16.40	e68d6b306639f707e4c93ec6363580426394e4d70a2e87ec92747dbea7eaa332	1
16.41	ad81b0f0ede97538a8919ec5a4cddc0dc6ae71a38fc18fc86617887fe572e836	0
16.42	73332c58b054c2cf2f8c629f8b8e6d84ffa18f7254e830aec0946f3782c0a886	1
16.43	02a4d9e18cf8a803824d4feaa9726a56a651f5a74510186772d5ea8599f53bfc	1
16.44	53b32b8da00a3952e89161cf91284d471220e4388aaf1f0b5c7131f2721b36b2	0
16.45	66438567be47a6ee6ff6df557d33db773117c1a4fffa2fbb6f64675f35e7fa4d	1
16.46	00bcb9915f307260eef8a41679a3a01fcdf3e44e2ab70b069046f647d4cbe682	1
16.47	8593358462934142f8d723156d851d95800cfa66fd292d5cbd67e13e10581d82	1
16.48	9311bce22d08e3b6241f2f870dbac8bb05de877738bf7219a7a5cfee11a04ab3	0
16.49	8d8614475e24e2f07bd3c2fc20f6de6e76646a4f0db292faee3ae591b3cb71c6	0
16.50	b10d952ced218b88d78bb48c709e0d1f4676e2ba37bb0bad0530bd032be23b33	0
16.51	7761709cd518c085aeb8cc2978c1cd74268d97c166f3d5d325c44bf0a5d2e9e4	1
16.52	d73aacd27dc12b45a143a4d603bc2d6d4064d9679fe8b9a5432c383297f8e80c	0
16.53	35ec666f4c0bd9da3ebb6a5addfffed359578fa06ccbb017e05b7ae488d6199e	0
16.54	daa1a02df173ace8c3ef7cea88263eb5b2edcd06cf83dfb97864099f4ed9580d	1
16.55	7c5fe2f201faeff23aba7eb581091b7a4ee08dccdcdb3faea5cfb26fe01dec2d	0
16.56	ec8884405a63b2ce361d02159dc6d38f62e9c74b430f3a3c84099867b5ac42d9	1
16.57	4490ae0aac7884ca7fcf9e6e7cf4b4ee5686eb6cc9398f781483d95769628a71	0
16.58	0515d4053402256826c87e580f8f3d41c5dc5119cddfb694495fb17d7741777c	1
16.59	f8b61c95701afd52bb4af73fdd9e5da52a26295abd5d5ff0d5b76192ef738880	0
16.60	273ec9f0ff3a0590da9e9ab2c08c332d709752a409603e150f7b68894eef23d8	0
16.61	0f2c26d02c609cf938b10f28bc2d3c5782cc22410dde328fa1ef68a0816d1207	1
16.62	590aeaaf7934760e568205abb9e209fc2395c2568d4fa21d6401f9f750be1858	0
16.63	715dc3a3e75ddbd77323fee328683abf379b936091cb2b79598ca7019016b050	1
16.64	de5144738a3465d5dd520dcbc2131810d8c312d22b1ddf9ec1990451df35a60c	0
16.65	e30ab3590d6bd3e2097d4649b0ee2e7fc975977e5cf923fc24807a808fafc5d4	1
16.66	0f447942b0d959b126040efaf1d6873110a95a13d4b40979942751cc518e0938	1
16.67	795ab77c7db381d16697538b41d5e30bc50b3f2a8cae42356d6652682a4c030e	1
16.68	aabd4f940ed36dc0e846e49630f052551e9423e7e17744d5315180e15522e542	1
16.69	7c5130adef1a4c01fc9cfaf2367fef884bb6ad04b7cf717bc9ebdbd1fac34eea	1
16.70	e465a5739b9f7cfa14f46aa439502c8d045848c8c7a77ff51ffbf25182e69a12	1
16.71	c39cac942d40caecfb77c4c9f7ee910e96facd72d4e3fc18fb8d1e22b1e0c129	1
16.72	51b768d99f492f7bf3a230914fa79ca746abe55bb75505e7bc6f29409b550273	0
16.73	fe597cee2772be92921adcb51dba71ce2c13640eb46561fb89ebbb4248ffd550	1
16.74	c276a5354453c64bd58fed70189a4953ff826f1298ec6866e6c0995c2905f6dd	1
16.75	e37d49535df46a84ecca8711accc68440fd87af348f1419a57ad7195a2ada689	0
16.76	a5b7535606549e7ecc9d37ca9a884a6fa6ce4df8eef0ea15a100fab14d6b129f	1
16.77	47acac5bcfc1edd55ec36e1c4fdeec8a25be4637369dece9f6b843c35de8b7e6	1
16.78	e21b31e8b7cb2869cb87825b74c62eeca2ae47c0e55496d4e442ab3197e001c0	0
16.79	b4e28520782df5f5c7bcbb01d956a56bcdc588958dec64ae9a4c963d01064f60	1
16.80	45e8678a83fe36b516c9144e059cfa143226c663b3257a92c85cf8511a179817	1
16.81	cab3ab9c6576f638a147411a0050401737f00b246468c4aeec38b8b59324ff42	0
16.82	d4b68fc6553c91b87d310dd472811500f8ecab6929cc2732c02ee0c0ea26a61e	1
16.83	b8690ebcf772fa7441d051437b3f1b5c04d99c61e55e3bf80e6166cd43f94397	1
16.84	2a974d96001f54b16a0ae3722e1b50fa062ea47ce7bbdc507221249d56b34444	0
17.0	e8bf3ba878b3b3fbc0a2e46a37af3ed36e202e708b21ddc1a059f3a7cb78b6bd	0
17.1	07421fdae38ee38e5c4b624eeb323386cad7f2e004485d2b3fcf044eee3b0023	0
17.2	69bb34f08a1bc26f6e1f946d367d36cc55e9f6643c8a93f7a0be0fc1471c5318	0
17.3	100d2fbe35133da0c1a03abade8bc52969bb2d4a706b0909b784fdb273d4f64a	0
17.4	4c95e90fba100f21c3d73053fd2f663fa1387094ef6393f53a7cafee27920220	1
17.5	86e1abe260e7662bab056a32c8a6b07bdfbf969e2f02735d7978a50c22333b08	1
17.6	a5ea7d7b52649a9bb1b7c4b624695c87e8892292112d675b5c8fe79d45a63854	0
17.7	fde56bd0bd9cc952e234b2021d4e25bda51d5e97f20f29da7188caee2f625001	1
17.8	e7513cfc0e9d9f96b9b15e8fd36191b582597e54fd765927a07f5799dca59139	1
17.9	019cd41f37e100d59923416afb68011e8310bdb79919c4593bde729933fe8f8b	0
17.10	bf41d6cb2ab34dd6177265ca67473dc5be98d1e624bcc94fd6a47e5ebb9849c9	0
17.11	56b7b79c5262f32644f2e2de6492a8c8886fd495337184246f8f42626e102315	0
17.12	70cfd5dffac28a66dc47b83b24d13629ac74913e4a40b11ebd428e6a3bbf80ae	1
17.13	d4b889b9ac26ed01831f97793fbe10c8b6eb1dbfa5dca8c8a7a3b3514a2d6ba8	0
17.14	3e55f5fc3b0a95506adec35607ffa32acccf9c66a2b92ac5d5f15c1631530fbe	0
17.15	cdd8250655a8fde973a86b017b546b4cafbda4b73692f7578054f72c2be8c78a	0
17.16	ed3f9b06f0f8d8e3925323076c69e66aaa90902ea682a63d3a4ee65f9b8c819a	0
17.17	c98c173bde6b3637e2f0bf78e25d149a321974dc894c90631ed60149fb661915	1
17.18	12eae7a8f16226b038a22250e35cb8b713d2b13a9bc9e8c20df4c064346f6970	0
17.19	c0b224315d994a5706481d5a421abd51fd74077690ab68527c71fd654d9b95a1	1
17.20	23e094915404cf061b66681cf3624335aacc9cf2c22f371c9b3d7f22e3da951f	0
17.21	eda7e3a258d9b56ae7d2a3af3601129dbf0759a1b77c626b363fe59cdb454395	1
17.22	b95fa6deb7c23f1b729bf77ecfc68d6a09d5ad8dafd59c2f699143be6c05b5cb	0
17.23	6494854c10ee162275db27705f54e36d6ceaa3dc6367e156982505ed2f98b334	0
17.24	4e1e3de03c818ac6f961ef156c8c7a1991402647df81c82daa5a040dcc19b562	0
17.25	34d60bccc75b60dd1c12934ce0d0a8cd6d7b0c3a84ab835a796f7c2f9558b533	1
17.26	6b865b45f5dfd80b76ca142cf520a42a981dcd0ba32c50ef565f863964ecfedf	0
17.27	2df62f09512617ea7c580f876d119696959c8074e1a23504ad36f3bff807846a	0
17.28	eccd276aaea8f69895a4d27cd5941ba5a3aa9cf726da96a94d86e34a653ea6c6	0
17.29	4439caefff64d8f737a3c8ea6287f5c6f69f152a203c0cd0d5f26ef32cd4824a	0
17.30	614d3c4869ddb41ab7fe67829c42ede7f40e107ef5f1fc3060d2ab15e0a16878	0
17.31	67a9ecb504ee4414e52f23d7eebddf2c1067ca0a2f1186bd88e18e2c6b1ce7e7	0
17.32	7f7c44ded745f12c196d5b75570b700a3426b7eb1227873014fb900d9eddf271	0
17.33	1c11f9d6c45d0729c3ee1d1e890f12cf25abc4b2b2d7a6c567d2c8951c515650	1
17.34	b5b3de79946489af5d32d4cfd78bfc0ed3e832252b44c74ea5b277fe76f2f3f5	0
17.35	419b80fbab314e9799319c9169575f1afa9f8dfdf169939b17d56aec4e309467	0
17.36	64a120be64e66ce5ed7621fc3e1c20065ea1cedf7785e28d462498907507aeeb	0
17.37	e3c6b00482c9092c266669c5318898ab5d650d08178f7e07b71d931e23e1cbd1	1
17.38	576e37b086221dac9d640992615792b8dac1410d808b149dd81a1eb790f47b1f	0
17.39	cb192611249135222edbd849ccb02853958efcc5e199226799aaba6b5a40d30f	1
17.40	a10a79e1e9545d5080a585bbd799919a13e3b5b2a2851bf0343f98b72988be30	0
17.41	0dc4de1eb167c5bd4b0f618450cd934488e2d6887216c3166f6e61e73bad7974	0
17.42	60987d63f42726106b7c00ea7402a21ba364a3857f4aa798a26f6bbeb66e157c	0
17.43	779f9875a16edeb578e68d23ac79a10863a489e404d0f1229c2ade5b7a636861	0
17.44	60aebc74ffa255ef7e43ce474398e555fb077eb461c5a855268fc47fd695ca8f	0
17.45	dbaac8646f051c08dfdf14624edb2132beb1855e18497dbc13a82184a69b44b1	0
17.46	09503d915bf1b531355b35812ff9dba30fb292cd2290e7a2db0f1443aed47382	0
17.47	76fe0498468c35da8be262b96969137cd073a8eeee63dbe090b88fa97d5baf6c	0
17.48	0bff3de5b1ced95e9d9d32ebb245897a3ec938fe517f40fa17e6dce64e6d208b	1
17.49	eb64d6144c7367933d17dbc6d53ff10183d29a8eca349e21b0464918d81941c8	0
17.50	989bcc583dae1b2197788a564e458e91c988e3dd6233b6df032134fa97ef2317	0
17.51	bb147047047bfc4644ad3a6fa5860ad78aac8815bceccdb07c85656c24dcb333	0
17.52	8d1c85fc377691960162bd82901e9244e092f3f54532ca74d5958e4805b1fdf3	0
17.53	49ea3f82e9f13dad05a1f6181de157c0126ca21349d307e1e523894ab72bac77	0
17.54	c2730e38474a3bcde71b8ac2e51aae8b1bfe072a2a182da514d10cc9f6f6a5cf	0
17.55	7ef87a656f91ece0db298ee4d3c43d2f21ad4b49604b92de98ad6e7dc6465514	0
17.56	b36d83304944e4f4e0e052343dd585e42fefe98c3be026c9ba3c595f69470f5f	1
17.57	b7ae2059c79e5e493ade9c5412ae997b33853fb300870fbfa8297643971e3685	0
17.58	3d972d1abe6685c969cd78e617433af93ef2f5481295eb939623431e2d363c40	0
17.59	d99aece351213cc01ece5d86be9fb47496617816450ecd042d1d54d379ae99ef	0
17.60	f972b61ea2704166dda715597750150e9912417a0e36aba9fc13148001bedca6	0
17.61	a02dd6cbbf49080cb03426a8faf80a671e0b99858b0b53ca17c022daf6c92c9e	0
17.62	b78a85304eb1525adf2800cb125ad0dc98e9e09f8a3658189c46e5e1d5504f1e	0
17.63	0a3e2cff6ed31ee7453c64f7fac327c2d680d32220ae432ca35a426f4d856ca7	0
17.64	41afe50bb1bf2ad643ffb4f9efd139669c106d15ee67a80aaabf3842e2cdd5c3	0
17.65	37e95109678a40f62cabd3206024d9af7b6b22374d60d3559924a9cff19e7130	1
17.66	ff698188cbc14784b574c2a1bf3e1e10c510453db15ccd24673f37f62e7dc677	0
17.67	c49da13ed9e25b52f92b925d48f750237737c7e68a4e008f406da860fc474a6f	1
17.68	699e7911c2f31464278fca22d597bdd4200fc744d98c5b0f4d464b4d32c1f102	0
17.69	088cd21a34cab8678c09a6ee53fab187c8cbce62a0f37704dc0146f264bb3fc4	0
17.70	90a0b2184dfc0909f695a8158164311b8f5d6cd10f1b9799d1b0f56e384f92d9	1
17.71	e1de8c15590482331d2214e1330ab059461373f469bd84e174bff20a0760f2cf	0
17.72	17285c5646ad9152d6f1460f993d13bbb8e1b61e5f00a5b910d56cb80ee403b3	0
17.73	6722decc0153a351c421e2a4b162be1c715b7b446248edf40b0cdeec24d3172b	0
17.74	d868f8ee2fdc461f88881bfd38c727d40955e55923229409c386cc4bb5a8036f	1
17.75	ccf8966c18acf6dbe485cfecd712776202ae4f5edb7743442a0af1884228d224	0
17.76	ed6647a8465c6b08b8d942922d24750b26d290430a083d05c098cf4effb5e898	1
17.77	e53ba551d92705f51cc04ee3ea028265831b7dc8cdfcb5da855272aa6928ab24	0
17.78	79d82f48df427ec2cd1944f058d7c90ea66f50fc1b8d8057f575ecc4c23812dc	0
17.79	cea03b17fdc65688a70fcab4843153b1828f04ece24f24e234dd113a05893989	0
17.80	e15ee10324ec08bf615fca1855d85d4b9d0c06dccae52eead9091237811ec49a	0
17.81	47ac3cefe4f377b74d33fe1c85526c4bcc0b6f0fc055f98ecb163a05f40fd543	0
17.82	488c974c7584f44dcbbcd182a9f51e2ef35d3fc248b2e87d7200d796164da259	0
17.83	a41115f79ff877036b89a480660b8c8236f84eff6f0a2182352f7e35b6bc2642	0
17.84	ccaea3d1a8345a21fb041a99145fc9eec821d12ff794f0d1e2ecd6741233ef6f	0
17.85	bee2956f145ff368e6cfafe3915fbfd2eb3c3a485dd22f9f159a52d4596cd676	0
17.86	2e2fa576c7ddeed5f69b19a5cf536add6a048fc8427c13f63fd0fffcc81db237	1
17.87	4d9acc805685731a46c16f1145bec3b89aa0d6b5e5ebb6827509d15e71843511	0
17.88	73db24cf8d78e20ffa863d3450025076f656626b24412042c172f33df1fea750	0
17.89	b9a0e0282fd8bdf39021efa469553b5c5a3772820a24834eba6ea29e07b3c106	0
17.90	1041f3ac314a0f61866b65685c510501632481a5331333ccdc6e111363988404	0
17.91	008a64edc3bd6339b60c7dc64fc85fcf4143b512e214b54e92e6995e0340af49	0
17.92	bc6f0b553aba6bcfd981045a6a8f03ad979b5d9689a33be8cf053723565a1b82	1
17.93	b0f76c233bb6718d12a374481839bffef71aebe969bb54959e9f72d6279d9011	0
17.94	01399ab6418a24ac3287d3593e5c4f5044acd1a10b372f6812629e5346c0342b	0
17.95	bd1dd05dfaf5bc3c7b535b991808b575bb1c36fa13a7159406b516a791b22618	0
17.96	ed44d6d91589d046d3beff9f26b35597cecc5b368c53ca7bbbddc95a7da96791	1
17.97	3e05d00f10e9f265bccbab61f2abd1038e573d61bd1c987e11ecf862d852ab43	0
17.98	7a3337df05cc43a6ab3154eec0c59305bacf458fe08c81cf8297f377e937fe5c	1
17.99	e0870fba0829dbe93dff6e448213b4c48d534a9a504152cd5749b442ff095e7f	0
17.100	2c9e406fed7529ffd319bc86c082b1c9e144a4040e10d308d36c66b099836692	0
17.101	1eed1c9cd5bafae643cdea51d0e35c9a1d7c679fd4fd49260bd8686aed5bf05d	0
17.102	bc25202bc56f92abd3e025af9dccd8ca68e54250fb4c88949727f6e9f1209eed	0
17.103	0159a11bd62c7f8bebe8ee70b16df92ab16115b7f45351c224deea8ee2c60103	1
17.104	815f3e4d9fa979052638a16e707d3f19b264f699c28c1d019e154ec54cec3fd1	1
17.105	b322fd6ae5c4d9ba1fb766b0b89d188efe2b58b0bead4a7c41e24f457724490f	0
17.106	a7f39c19c7d9c7749efec295be3c3f0f31a8584c355515d1186f38ec28c86d6f	1
17.107	af3c1a0e154067b9a31423aeb42659f95881bbd985adc5be6068a2701e69d436	0
17.108	46e17f609720f0796bcb816bd5a3e67eb964e7dfba85609cd80817a9a17a6ef8	1
17.109	9de67c2562065655034dfe265948c2825cfabe61f0c0c3d622fc8a453845d2fb	0
17.110	5e96fccb290edf6d3f314a34d56ce661555c593eaf50b491e4b0ee448ba14911	1
17.111	54868dfb22a940f0ee3ea92948c83e0fe83d91d41e167c9b509b20e0a37fe810	0
17.112	f7a83dcd57e9a60ddbc60dd11ba5b0ad5c9d943066a3c4f72a6d09c10e63cedf	0
17.113	3d8fa91c8a6a3e3a79c78f7c8b5f6ecf3f78b3d7dce4dfac50c302817a17f061	0
17.114	78518a404a17010557a20e013c1311173e42536731d8290f60f618aab152647e	0
17.115	e9d1397219fd7451577003d449b4c032c4646e3c3f0ed72f21c36b8d1f26f5d8	0
17.116	1bf08ba217b873fb891d9104e832997592b16eeb5a6494db7ab66563afe7d504	0
17.117	1b196c4c81a5b3f24ee423e82aeced760d6346dd52bdf28e1011db6cb726c95f	0
17.118	9322824527ea7e9b2d09f58cb366989f169fe30feffa3285a3add321c0b52b61	0
17.119	cf87b23d0f70cff8f9ce62b411ad616fd9be0b93edeba67c70f647e5a4b848e1	0
17.120	f7812183d5d7f91a76817b5799727e2751bb7a168f6a1de96f002c1a3a41687a	1
17.121	85f47c2b5c3da8df15ba2b61adcd0e72eb2727ba362c7fed9331ce2d3f70cda8	0
17.122	29bdb7a34ee7a5a2da59f4c2212034b50841a6adf52f354b25127ae997057cc2	0
17.123	12f2167f178889c4fe935384950c7534955dc6c587761383e4bbda16ac98a291	0
17.124	946f01ec74d9698cd9d9ca7622cefe8999edf03c8ebebc855534966dae717a76	0
17.125	7e7417457b55e4999f86bf8fa22ea012ca3d78c721fddb6e6d81865206eeefef	1
17.126	78088d33ca087a46295c022290d1894ca00c72acb2aa0eb7276ab4d016685cc3	1
17.127	23d8e55269e15a9cb7a297f7d178dd36782ba714cc0edbd4ccb932be69e733ab	0
17.128	06fa1698f97f23935fdb71979c79d077b260a9b6d1760697839e9b90b3e228e2	0
17.129	fc514f0630211c069954b2f81f6e280f064a475e94099d5e6d9164e8474db709	0
17.130	948c5695269bf861d6005fc3494a4fadd66ab09ffae6f1b91efac04b9e37d75d	1
17.131	2ab8615380de3e14487be4646f0b503b5ff58be16f047306491e59cd9cf236d4	0
17.132	012afee9d46000092b10d0dfb4dd0edc08a00ee3611176d35a4dd4ae83fddc61	0
17.133	fca5813d1e0f43bf5076ba67c3622dab06d0b6635df7a27290dde571588a63a7	0
17.134	cf87b23d0f70cff8f9ce62b411ad616fd9be0b93edeba67c70f647e5a4b848e1	0
17.135	b766a815f9289a0b10f7e753e6e52434c01e9592160f3aad06ae454ac09c5aa2	0
17.136	3ec9744aab8abf9784640d7ae8ad58fd439212a452f62a73fbffa6c606cf44f5	0
18.0	b677b9e96af9a5c4cdf9e5f2d3a4088c9f5b18909f8443837daf7ec49adae04c	1
18.1	f19187c7cf2814ff923bfa5ff82a58ccea6a6fb87d522cdd9e54d68dfa42a417	1
18.2	ad60aff741186126e906e0bb491938c439503989e7b65345343167a7d2d1f81b	1
18.3	d5e9d23079a54dbe45a24082b49f80144183aa041483d92fa0320a1edceae829	0
18.4	790f60aacae6fbc0d9921b2e95052b6c9c23f72c53a1865eda7cf313fa06b75e	1
18.5	9565351f5d04594f90c407f71c95ba42ddc6c29248235cfee32b86966ef323d7	1
18.6	eea512c6b83175d52c25c961b20692973199d7495df89b9e261aa47b804d57dd	0
18.7	213d90a07c6723ae6e9b04d88dfce0e7a804ae6c7a00736e9eb64fbf4d1c277b	0
18.8	78c3081709b24c152c6576835e6dcbaecf714cd1f87ed7ce98be93580818e228	0
18.9	8a484a543777ae696c0b05f5d90f45c4ebce4163ae8c7664804480e915ee7da5	0
18.10	5c9e02f819bc00c8737c566cb44e3a3b47dead8a4de957025e16022ba81c712c	0
18.11	e99629709b06d1a82b3c6767708617272268fc1efa587a5fb64a92736617f7bb	1
18.12	499f097cf704535e383997289bfd4269ae0a156e9ae43e7dd32cc95a113d5457	0
18.13	2568c4325f98a847894b56d948017cc8c9ed4c135ae694c7d8e076bad853ce6b	0
18.14	3ae862a9dcce59e4d123f9e125febcdae5cba2ab8f14eaac8d30dbfff8deb475	0
18.15	f38418c987679ecbcf376f427ffaf370c2057160990f0e467b416ed3eb92d6a0	0
18.16	01501665bd06e5535f776493fca439a0b0cedef9e327d927bf3fb870affe73b4	0
18.17	79df057d3bf3a85177411e1af72446857b6cbafba1ce76cc7db9a722aac7b753	1
18.18	2ab3e745d82b8739a39bf264b3f97c43ccac4417ba00363684f961831a70a6b5	0
18.19	d6e78ae1001ec440fef10571a73d4ed9b21dba6499bbf5e111097e0f7df7ab82	0
18.20	515c2b1179efae467d54d6ac044a01dea06fc95b7c8169864f2ca67e8449dc32	1
18.21	4b928a55ab54d569b56bf6c5b34c527543e1a8537309fbd62f89672728afe346	1
18.22	f81870adb5994e93e15baf30c2b464b6012f26b32189413af75fda63eb921cce	1
18.23	2ab83b10163857df4e6e3792810e301001646ff42a055b25c790959f2d1d2093	1
18.24	1c1ec08f83cb7f83d881859b71cedf91f08759d7e53ce3cdae9ba0771c4931b0	0
18.25	94e6be72da0521d58e609d1d7c83d1dc2ca56c04fb5261d0aec1fcc91ffbeecf	0
18.26	fa8fd646cd9234701e8d60531fcd6b1d1e711c119e193afb37b478ac8a3b50f4	0
18.27	5c619b12ba05f6faa10332968efc5b32c7e0f3d517dac0d3335d234348e7671d	1
18.28	b2345cfff22e52d347ed78816e963e48895590d82ae00cf76b63c7b94b78b0e1	0
18.29	dbd68a09dbbe2aa2094a4f5f74d4e195671b9c011bf307892565fc05b59dcd77	0
18.30	bfb9401e86c67027e1daab603131acf93df27aee7524179d6fcd21d8794d68a7	0
18.31	cbfcbbdd726e94f234d319e895a5a30b406d84102c6cf5260688ed0edd0b14dc	0
18.32	60eb2d00596efb1bb05e34e0594f0db381436a8fc0943cabd02a8063f4160578	0
18.33	3537cbfcbe2a65262dff33cc061e271b7effbd139ae96d7eade5f03953478676	0
18.34	14d726f2a14705f0a00e8e93ec18da89481abbce69fbb2e451f9f33404b4e330	0
18.35	233a4af3df16ebf7ad6a4062b814e3b3e1652908cc36c93b87c2cfc0f9453cd6	0
18.36	adbebb0d3373d92c3949b908f2db8c5c885bc19da57c5a29b1b32081fe1eb6b4	0
18.37	bc5e3b5e27321861375320a4c7af8c7be5b4097d25bb05a96bb9676a070b2000	0
18.38	700aa3f1ac450e3fa890ddb5c369f0bd3d95907e816e090970cb92d88b5a3e02	0
18.39	957038ea0262ed32ca7c45791f87618f942cc670fccac9927cd85baad2f502d2	0
18.40	787188ffa5cca48212ed291e62cb03e11c1f8279df07feb1d2b0e02e0e4aa9e4	0
18.41	5712b79ed4eeccee37da1dd60c8cb64350016f10e513d188ca6d0258a613c365	0
18.42	9225a7d6801dc75b91ec7deecce6f70ccd3ed90b21529fe28cfe5cb8557808c2	1
18.43	8dc9e61d3227c02744e90c7c972d244969bb1f0449dd48bef651e13052007b8a	0
18.44	5635790fee58f26e8bef62b641e54b41667aaa57a416d72be9382cfd24b8d229	0
18.45	633c8a71a58e1eb65de7eb7982b1dafee378d8dea42e3a4b542daa9a4f7306cb	0
18.46	ea096eb867044beb2adcd173e881ce7fb480eb2262a1ec0cd2d6449f38be6181	0
18.47	36dc404716c3b89fff56add8f1c41a0ac3e2222b30be0d6a24818e276177088e	0
18.48	c3900c7c2e11644ecc7c934c2b3e7793a1589f743e36d01ef03a2ace0996a72e	0
18.49	75e91260e23d747fbfcdc86f63fffb668cbffb3683b039917e6f4c039edb1d07	0
18.50	499f097cf704535e383997289bfd4269ae0a156e9ae43e7dd32cc95a113d5457	0
18.51	3f4e687fc1c8308222386e6f404c1ec4cf3a693fffdff73da257525490d38c3f	0
18.52	00e2e02e4fc042911c4ba37af2b6853751400e7cfd66f405ea9a9b7f1005be47	0
18.53	80b38a2473fa3ecc22b1dd14837f3fd8cdec0ddf3e9a7dbb9b510f0806a15095	0
18.54	fde4ba35796b77dbf1e5ac146bb5d38ef0a19954883cfa37a0666dacab2acf40	0
18.55	69d2355fa221162a106f5cd9cabd45072828a6aa2edc5d0058a3a4e1ea3f9046	0
18.56	9dbfc4e9d2941f2491a2b9c66ea7e221bcc747f38762d5280520a1f6634e52c4	0
18.57	7f9e7fdb25dae2326b3b5f4354451d58c6737814d18a39538308c48d9f24d5db	0
18.58	787188ffa5cca48212ed291e62cb03e11c1f8279df07feb1d2b0e02e0e4aa9e4	0
18.59	0adce30355a2e73fd3836d4e0adc27584d370436675dd1e499f14588db60cbb2	0
18.60	5ad8fbbd727f059731f42d6f50e267fbc7ae5b5ddfafb92a61e55aa19c6b3934	0
18.61	7b366eadd6425112adb4791d0ea8b00253f8a335e07036167238747ebacb4923	0
18.62	ba6f672390afe06810bac3d857c9f00550070cbb83b2344512cf8a1a1a2d3226	0
18.63	5d6680e2b563890e24e650882f6d8288a19bf1b6c1bb7042f3a7487746b3662d	1
18.64	ba621ffdd7ca0a7179190c9c07f16ba71357f6f3da74b7d352af32a90e80dbad	1
18.65	677c65a5e9bd5c9de0a876f94faa80cc84e7507bab27d6fe92b4be9ec69d910a	1
18.66	e5adc82a50a40b365bcc4dd793595dd995abcf980eb27bcd79006a93263f0274	1
18.67	9f378b62900b62486b46350b4251fafb1f4f7f61bd180c5be5d2d8706ea5713c	0
18.68	cd7d83e0c430c8a2d5ca6fec3d2832a6b09be059f0589d4545844981b2349c82	1
18.69	3fafcd41070e522652f84b99c3acd8992b9237c88bc0e9c012a242dcada04a06	0
18.70	3860e02261ef78ff33c4d8639f00142d00cd21d0d1313618ba3caddff616fa91	0
18.71	2318927b178f68e3d86e2efc0322d1bac14c6ca2286171616913090d329992c2	0
18.72	410f2a11b61c394f73e628107a1d64b75f06657528bc86b0082334d05b861c93	0
18.73	d23892db9ea0b60e7d30d179701fc4d57f05ffb20983643699705fb946dc5d36	0
18.74	71730cc2c9c13312513e0a408663b33b09b47234f70b362e845b05e471c0ec91	0
18.75	fd70a6f5ceb0add122365aeaabed1bde1f929746814cfaa3f5d93001362af8ca	1
18.76	ef5d9ae23189256023d9d2a20f7f8ba621bf4d98a2112cc5162f40b27e384600	0
18.77	0b386f836343fd754709d4c983b219cfb4ee7d48d9d66a1465315d0b09017e33	0
18.78	a13bd21becdcf0c095f039a6672f43a9bf5026e4da5d8d03c67231611a40db0d	0
18.79	5a4f206da21456bf7e644eba9a09494df61c7a8bde61b7f9ebfe363766628c6d	0
18.80	da211700a632652e9c48b5ef08ef9a222eafc3c65921d6fe91ec5f06343877b6	1
18.81	5fb6db1333de4b39f849f16526e3b1b40e18cfea035a38a265dc1ac76dd59c14	0
18.82	c63f1b3ceac96f815630bd9ae554d1e5c718ee6c4785cb281a6f0f98053c7640	1
18.83	ff6383f586e268d1bd199a0fb7df1b3248f0fe5862396683987990dd1f953a8e	1
18.84	4a5c17a47a05f74ff194d67a9e59eb3609211cf7db44ace533f8b8face3eeea0	0
18.85	c48da4c091493c8c07694332c3b515bc567354719ab464bce948c69775710906	0
18.86	20ab30da406ae7a529bcb60db7db60be1e79f46e2eea8c45072584b754a15753	0
18.87	8009c701ae3101e00205f79f8293ab1056f5526b8eb84b26e6b49458c6bd86a1	0
18.88	ad0bae97d9195e93dcb7fbf26b8b5806ae046b51007893305bb998f5ee261298	0
18.89	16de9f0992ccea954ded2fabef0e2913d15f2728c3d7388e38625d7ce76593b7	0
18.90	c588e1e3b4babd124e880a5a0a97303e1e7d69cdc85c21dc6ab0a0aec102bbf2	1
18.91	787188ffa5cca48212ed291e62cb03e11c1f8279df07feb1d2b0e02e0e4aa9e4	0
18.92	d17f0dc626beeefa0771e5d56097dff08d446e46fbe3f6ecfd854f05c949853f	0
18.93	0b597e2d54dc65066a71f21ae686943ba32fe9eff53f78161c795ec4c64332af	0
18.94	0770171f021b819e15ba0f8bc640372070389a1c15715ed2bdffd552fba3c64a	0
18.95	226bff5c839da7775c4372b8732f53af59071b8a2feb16fa308241fc9cba0850	1
18.96	467fb4e64be7010694f5bdb9875c9f9dcd87bdab741d1a25e5fd10684f78f863	1
18.97	f4aab4d8e2495bc753aad4684145bf8f950cd9014cb42c1886d0c50232f32c5b	0
18.98	85c0c333d02cb8c2a83e5ac32fab5849899442e6b5566810b89ca9e981a31ea8	0
18.99	59a7167eff9ab8c05be4831fce25953644d36e5cd9874fa8241641274c61bda7	1
18.100	b7ff7f0be7172d0fb243aefe733b4cf589f5efdc4ff16b392f977535113784b7	1
18.101	6f83f93ad1081ff690f102f62de31c7bff2d34e47d0e6b38e94691cf7b6f3dc1	0
18.102	11feb3c2d5794398e8e3e2841debf7fe913c18b085ac43aedfc969c32b98dbbb	1
18.103	a5a653f0ecbd4e8990d49e3273611357faefb6dad9227377cf60d3755f1d4e46	0
18.104	6f4e62053a5de4577bf04d58de7cc85df4340566a4eb15b3b0c2fba186937bfc	0
18.105	db88a70656c8e7abc3b66a58b9e7fe3bb68f8e19a84bb3d3d9b5e67d87f7fa71	0
18.106	037d3b271a37250dba1cd269a98a98c2814764e7ea0b4696b5c0694a6c059f6a	0
18.107	d8924ad226807601c1f6901fdba034db1036242c6c05483f1f2a0bf7e2822c58	0
18.108	c4ef55bf31fa7422919697059332f91540d9ea46f75bf671d00348f00cb8da04	0
18.109	89678585702fb7116919234c23bb4ec017efe13217d0dedef7f8546066fbc210	1
18.110	f3ed9c6010bc4c7d8008ef1c9b2dbf3966c0e2e81e9d0b0e00a8006e6e04bfc6	0
18.111	c5b09b195b05dbfb87a625da385d4bfdf7d9f3ca820d21218ec3ba93289000f9	1
18.112	36442c5de4a8ebf057bd666f7924ef03838944bcd9eacea9b8be7fc6ad311c46	0
18.113	645cde58cb65cdddd42dac9286d778eabd2378cee94c363f7dd4d6db01ad18d8	1
18.114	4b3e79f2824d47be318e586fc30fe46b57f3753f64239dcaddc6c0c3acdc65a3	0
18.115	7c2d07fc9e261d45646b30b713a931a573437c374fe205a08bdbbc562fa87a24	0
18.116	4df7c3f480f5d5049903880ffbf647f294d19eff1fdd7cd4426aad7d83de0259	0
18.117	dfdab41d02169fdb05e176d0dbb3d87660aaf073a22584d4c84a2dc756e27489	0
18.118	9186365028b8b4f933264c412682edde9541a9f9a4f674d6f8b82c004f0db0de	0
18.119	413bc27e2e842115b9eb20f3262710078d2b0bb561f792194c7cedfa33f5f255	0
18.120	fd2f84ba7175b029f421819b4e9ff8112dffe49db0afff19a03bbac46af734b3	0
18.121	e1d63ab02016e32ccb3e5695e7da327123d620eb7a1e4814795975d597f31c8b	0
18.122	ef58b76d2ec5a39894663b29939c3ea8e8a2eb6b275f8ac2852315b5ac308727	0
18.123	df19b0418466c6a3ddf6465980a6e439b4466ab4316612db7e44651151b71bfc	0
18.124	fa1d2481c857586a5af24d31215aa6f95c59a1d9d5f53a976dece797abea166b	0
18.125	c1266b3234925f55222b89a2542dc8dfcbb5704b8d6dc757fc74c82766bcb9c2	1
19.0	309a867af3f83cbaaaaf79f8c417950b31929ae0529913574b35acd4904d1e0f	1
19.1	ec56f378c9cc97598244fce4bb8e2042d06e90d45dd7857e9634bab935134fa9	0
19.2	90a0fa0dd17c1ebbbef22107d3a9600b4acfd34390ad3ca7dfb0e4a202b67c2e	0
19.3	6bc52e8d9ef8669599b4273470a3b3619e61ebd751107a840494d9a323e3802b	0
19.4	9869ce28cd5f8851ba2b2cd70cef16967e05f82e77754a687b0aca4336b1f4a4	0
19.5	7f191fc65889978be1030bc2f8a836ab4da2fd27dc518c30f51e94b4afbb5442	0
19.6	24127d7840235cee04d3d41888b5d8ad80093421474153e9a40a45c585be569c	0
19.7	66a5e5a7cdf0737de3f6ed2c1edfe3a1b910d3320668087de420e7f0ad3730b1	0
19.8	e9fccd502d47a5491c4b5678315bbcec9e9dbafe501605f68b7a52587bfabb1a	0
19.9	9fec660f1d191d40f427d85fd26b0e95d79725efcbcc1a5e9b0f0b6d3442d405	0
19.10	b74ca531da342de8fd8c1c75cec466219e8688ee70f00cf1ea4b3227d22d5f49	0
19.11	29660a6aee4ab2dd96de5cd690f94577da15e924737a95132fb815a1a15cf02f	0
19.12	be57fcf6febd5bab3c54ed42355940329642d6639942604be52d9271f87e8e1e	0
19.13	0ab4e7b298e9c3d79eff997a336fef08820e884ddce87a9fd362c8a7aeed5a98	0
19.14	e7277c25ca5635e961973d8ec9df2efc75d08e498651da52eb5483707333760a	1
19.15	f715140482c9e8d1449cd3ee05027d1de0e35288ecc1d8487ee9abfa7a80c3d2	0
19.16	8bf49582f46cf9e1adda786d2d7d1b46aebe683690e6071010772e651fe8c0e6	0
19.17	03ac9aaf683a212ce37f434a29c0f155f5626eb66b2cfddd9410c6226f645ec0	1
19.18	c654f31e74565c75e18b6ac28bd9ac41ee0a5286178fe56b59b5401d814429c2	0
19.19	de9acfd3e2420d559a082af080ee0e2c2454183ce7c0e1560cb971535c3a46a7	0
19.20	937491aa9be66864cb11c7caf5b556db830f77377dd497c10e7dcc5100e4dc75	0
19.21	86ef46a9d716f5187fb3b0698ac1d836e4eccecf81cc7f90b6abd5dc9e5d9df5	0
19.22	a9805f87d60f217349f58fc3aca7d38296654d1497845d691e57332d44a57bed	0
19.23	d61790dc34479cdb080742746077bfc1e03e4212f47066bfe2ca8acf172e4916	0
19.24	4bd03a2428c96e3f98d79e845fca3ea69495cd396b635d0cd3f3e54bf46ec46a	0
19.25	e1e822ba49c2ea026a1cef18a0055cf61fb2779a30c3de820fda07ae2fa7529d	1
19.26	5df5c9edbdee5cb7a4208b0449319305cd648aef134744b88731884be338d972	0
19.27	f76dfdfec94cb3f79ecf2dacb8f3ed903724736a5d6076dc43bebe5511432b9a	0
19.28	86ffe4b636f1fbe211de44b05f14c247ffc12bd1dad3faab380d0fc605159106	0
19.29	854c299c90244df31e2b75b64b4151ec3f95a19c0caa53dd31270ac76df1e863	0
19.30	cf87b23d0f70cff8f9ce62b411ad616fd9be0b93edeba67c70f647e5a4b848e1	0
19.31	35cf6a481892a19fce759071883c864cd700fe982e70228f8fa43a3b679528fc	0
19.32	b97861eabae7ebd25b057bd85efa0907b5f2cf8fda0a07f188e6a1e8243f4c01	0
19.33	c71048f409d1b3b296109b4a4c91463fd255e14d01a7ca5b38ce73b8de637d85	0
19.34	26da7cf0fcf06e1f1c49efb5dcc831ab62115ee44c3c57bd0f2b464a5b07b2f0	0
19.35	302a2d3eccc867abec6434b12c3ffc48181a7874fd3c28c17a022f7f396b9ce2	0
19.36	50345bc6a01f188f1b9366cfc1197f5b975ffd98e5f42b722d277b5cc41a8abf	1
19.37	e6a38cb45481550cdda063e3b0d6cb23ae5f01bdbe0da4db6d9e627b9ec0501f	0
19.38	e6258f6180dbb5ee9479f3d881b9fb50a0340a9dfd2ba8c5cdd0562139cd7a9a	1
19.39	3d521f3f6d05f7611949113e8ccf5381c243a5574769e2dd36b8af224404e7c0	0
19.40	1dd484200f5070eb7a3d3556cf0c63530a168a5ad45d4e0b5d08a265fe353e98	1
19.41	93e9269ddca235c5c4df1807ef5ea6f78f9ed095f8e08181c0f57bb1fd806193	0
19.42	26e6c47f892d2920b67d54663ec3eac9937f76a4160b90299ac8432a5fdecb7c	0
19.43	a7d161773a4a0b27bdb7ee38800f69c4d81713f2751a1e550680b60681d05bce	0
19.44	2727e78a33e35ad50eceba121db24a11e0844466f318cde3a98b9fbb288c6718	0
19.45	a8e544a32388bb3f4e778ac21ab36f5a01e01b653f42528ccbe50c1b5473f33a	0
19.46	92a91cf1e2923d41ab3b368844ec5fe717f00927bd2694bae21e533f3911cfaa	0
19.47	4f6c0349351d1d53b12da549262862f732fa51b63ff9f8edd218a60ead53c688	0
19.48	0c1e3a97647997c40d12fd7009ca2357559828b796314170425971dbf4a475ee	1
19.49	0739d28d7da69571bfce951eb3453af07be7a0e0254fea94d666db3fe6670375	0
19.50	3fc302810103c726b4bf9b9f04fcf95abff5045f3c18b59cbf476a777324c03c	0
19.51	420b935af115b10ee1594729d57918ddd780509461356bb17f026c50f1753f35	0
19.52	95e560ae92e22399b90e323601fa7ec916b2a572bd35b5b008f0cb3293cef454	0
19.53	e6ca83ed70a28d334baa418d442b0f4b4386e978065fcf930f8db81b01bbd476	0
19.54	8e97309d9fd945aae55e061204c8e903d07d54c581e68bb5dbb018e41aed150f	0
19.55	bb9d964f23bb4b612002cf01ddfb2a48a89f2b3d5ac7d3633815e04e65b34d24	0
19.56	a359b9592e119b2178cf63b7c7bf81621bdbc2afa736ac3e75c89dea933d0403	1
19.57	d8e4d4519ef92a83d08f6c35fd46521baab57c4fa07b030e9a7f5c7a35ac746a	0
19.58	6899b391020ececc2f3ed8aa3d396f32ee41f3740ddc198f766e96d4b850e984	1
19.59	588b729ecf0b4ac77aa261ce383d2519b5183a47ee49877a446a4d939363b772	0
19.60	800bbd59b789bc78db53a05f1f85a44287290674a5bb49157bed2386393a7f3f	0
19.61	3909e8c87c16474bb8f51dfe866e3c994af0fe2a9eba4655d852401e88819933	1
19.62	9fe3282c51177b1956bcfcc74f86cd06c13af4c4b53d1d91f2414b109ca16f9c	1
19.63	1b25c515196e3954c19e710e24da25e4983f622bfdd8896870938a7d7b8f151d	0
19.64	cc62773559c8dc97f49063dffc8d589dec1a8fdce020139086c1b4e61bc1ad50	0
19.65	18edc48b263aba0ca81d3ae9310bc8ad187d26772ba40f73f190d1c2af3d1b31	1
19.66	52b7bfa65ea3f7601a6c8ece1434c28f7f4c606ae6db397273ae3c63868d6b8d	0
19.67	07d2e11bcb1fa11b59785e82c40ac3b60f747f38648e7d44a35266727571b3a1	0
19.68	a3b5ba183515812ca126d8275a8030dd0f808372e83674c75b7990bcf47aa743	0
19.69	1105cd1e2a10ff5b05e39be78960b841f254a1505b1f8666ffb95000d4160b0c	0
19.70	1b355a771f7214c6ed79dc604f5c1900deceb6256315b0e4f26d22f532cc1078	0
19.71	cf5e5131a9c0bb3cc31fa8032bb0d70ac0811043776c145415f439cdd0fbad42	1
19.72	83e18853a34b047c1073df494354948f2ecf997df49aa5e3a565540033635f09	0
19.73	4ae17ba86b4447bdd51e5ad97297dc41d5ca0f700838bde4d993ed59de3c0bda	0
19.74	31a48af7b75446de00978b013cd7ad7e3d8d5dd7de68228ea991e82558ae2ddd	1
19.75	9f3d91a18fc0e7d651cf82cab58c35262160f4f226bd75c3034c927bed4ff744	0
19.76	2e7f6834c961c2c67152a69317594dc3a6e8f7d9825af36dc9555c512accb432	1
19.77	9eab7446978c6f1b7d491aa7b13088b266f4f983f84f3728373c9acb8d54ba68	0
19.78	03dc133b136c9ba1a61fd8d5f67373323f7fb54d442214206b056717abf6b436	0
19.79	1c85628bfc7d04c5cad0be5da49d6ac4ba79e0cab0babe8f95c226e225053579	0
19.80	bafff436750f5e925aa8aa7735a12a95d5987d19abf22bd81ae2b60fdf6a9620	0
19.81	1a38fb1bb1c5373cdb560724f6fecd721159f4b9ee7cffca1ca7acaeabdbc7ae	0
19.82	217038008e0205c38bd75911ed58b04dadce0cdba9a0ad33c0359c69139a4dee	1
19.83	0b7b6316d3bad45395499d6d52d1e0f3449ad96deb14a96dfdbc7c7d94d5ce3a	1
19.84	0dda7f06575fe0a7320f5ecba9b78429185dc4dd001c564b23bcf2d75c91ce62	1
19.85	b34a15ee48dfdcbdfba282d655146bb093b77f6be8f50d299d4cb1c837e4c3e1	1
19.86	4c7c0b48c93f061f3b7416947bc468e8a667d7db24e5dd9a0bc0206bdad4a48a	1
19.87	22ac8b9b362c0155459c08cc1eb4c3bad3c03a14b90246b6f97029dbb237f625	1
19.88	48808724a65671cd7b93d01cd50e7e275cc4b0fae288e9e880c45ac251bf1e40	0
19.89	327fd26deee6af270982a0390335b885287b6b739fbae5c1dfe9d50c7defc49f	0
19.90	40c1da6aa3086fc75dd3a071073a51da0b057216594454d801a989f07ca9a891	0
19.91	3b85066e88df35b942454b3d757b5e25dbb67f5b4f9d226b1048b17acc6d4f4a	0
19.92	32b800ea6b8ce2b9d123864992f3ef7106e04497b75025c5b825ff2bbd219b61	0
19.93	830bab086f42e3b44b5cfc83c6063582c3aab16a23d6f66d77f1a8af419f6df0	0
19.94	64856bf130f144ac87dcfcaac013d26f3252f5d25a9933321fac8dc8c0ac194d	1
19.95	dd2ff75c2e4765c11236250956c7a4438d25d575a5a8f7914e3505aa147ed5f7	0
19.96	45695c2e9609a9c5285886175a4f3399ec9bd07b0630bd9ec6e3d2a15016f7bf	0
19.97	ff9f38fdc237faa57092a2be63dc2bf4a8a3d413343991b27506d868f429f58c	0
19.98	dda251fc40adf31417588687dee6beb371351103a7af7b3a4adafee2b9b20924	0
19.99	d26f304a8bbe02822472056986e0307cc9b40c09c6c47c40593401821f4d23ac	0
19.100	5a4f0590d850ec63f7d0c00a4c36249f8a4a59a864469b7c46a839ce5a5c865c	1
19.101	32adab61f6e13d946b814d572ae25a003dd5488459b0d696cb5b78ca66370a07	0
19.102	b2a4e0fa8d95fba01cd8348a230143efa05d225849e35bce08c909c395944916	0
19.103	9e1ed3889a6f29a5de882f6ab83717c3c5e0d964ab92295af04ac4a039583f80	1
19.104	af3c0df95bb51c619e8b7f572173350b93a16350bf7f7b862256e0da45081940	0
19.105	523d2f4dfbea4d6ff43a87cb2d1da28abe8ea3f410855b43b4ab2ddb470654ff	1
19.106	35f214e27e4ccca4159ced4025f0eea9f3eb2cf475b83bb2702f4e80229b906b	1
19.107	6b7c7811ce4d5f19d7ea6c6fc1a91731bc3511c7b32e32aa51436c9cbd119a08	0
19.108	51becf073a1fd9f65c94cb8ebbdee13c19f695ef5beabee3ef95f30001ce438e	0
19.109	1200c5f43eaefcc830bfa921e25668ed555dac804456ac20d296b1e2ad53e689	1
19.110	5b051587b8759dc304751d8ac071a94f449a13331c83a66e3ed49327ef11b470	0
19.111	5e199e10f172ffc1841d4b094b609545611ecf4f978795a0a55ccd728b37dd18	0
19.112	455ff1f2a53293ce7487c45d19e4797b3b4bcc263c339c1041222f5f9036f9af	0
19.113	0aade4e93a04fc81b799c7cc451868ec82a0677f4b5b83b280ee8d1733bc09d2	0
19.114	f4deb8fb73177c1add141a6c0dfad16a38cd0adc2a12dfe98b51c2c66a7587e3	0
19.115	3befcbfc44044cd05dba2071c0142c87546e6447d85954bddb7902f0dfa73255	0
19.116	31461380a9e3c47fc8b607d5f9c6835f307e5fa035ecde9a87ee71246cbfdb2d	1
19.117	5e1399ba9d02706cb4a1a6e5dc79ac1de194bb7f5ccbd6713f8d4f04b249316b	0
19.118	94eab8206798c36a036689a550827c080eb6347fd25dcb13d37ed3c33ab99c68	1
19.119	b48bad06ba8187d2c357b9e090cfa64c2cbd3159fa821aaeba804a1c6bb90403	0
19.120	723db589d32c707fe5b03331f6c74b51a614ddf6339039011ec2668b3ab5d584	1
19.121	b0206ce41dd842475d47b5a1494e6407767db3a2a5859891e37da3d82726e293	1
19.122	46cf58d74d20f4afe029e36da45a37f513b04ce321e9ede9f2f31645d55b521f	0
19.123	3f8653039dac721cdb63030f32dd28d71ae07da8fb383b8cf79c9ec1ebe4ba90	0
19.124	7dcbbd071b22e841f1703e75f0ebfc4cbe54fa713590bf7eb5cffa923e2804f2	0
19.125	260c6020716b9507633433c0534b1054be670253c6d035b437d0dac588805ecf	1
19.126	7b0f0fc7f14872c507cfcd1ff500a36186c02fe0ed46d5b2a654106584b63f05	0
19.127	ec0bca82e4487fae3bc439e49b34322d90fd5483e4e6cce126ba472ab8c37bd0	0
19.128	5bcabdc1beeaf2244a00d0fe8a0cad1c8952a280e2cf5b012ecf87edfe4e15f2	0
19.129	eca51543e594c094785946e1ee34a9573f52b6cce8518a0963ae174c7b98964d	0
19.130	af410f5432d3c7a0d69f4dbd5e17bb3cdb00a53cd3d0a39fc36ea1950a499cfd	0
19.131	c89df3b89bbf86aa91cfd82295f9bf76ced7eb16a24860c695e3b607fbe8127d	0
19.132	72cd487d2e33b49b5b7f6efead089269ec7920d31a8098e8cbc27c3b92dc0c01	0
19.133	55ddc6b4c288e539446bb4a045772001cec30193bbceb99448dee1572d73decf	0
19.134	fe5cb09549b3453f651676527d5ed33f7ef7434a62d580e4b4fc5d644c3c2770	0
19.135	76949f451b8a6ace9fe333155b660791f796bced0adb6bfcca6fafef5c9b72eb	0
19.136	52f766c2a6c2a8136706ad1653d4745c6b166e23fa5462099a75f553ec96e275	0
19.137	0a41f64927fc894b91332656d5a21332762d5ca9c426e093f1244913bf980e42	1
19.138	d37e770358d42c2cb16316a13a7abe20b97a896a8d9d38ddc6151ec25c96edbf	1
19.139	05ecc58c2f862b20e07973f254c9e742d74462a18842bbedc626d8c079959006	1
19.140	45804f08ca796fb41b4877bd13450f718174bd4457fc83d517bb84b594f63108	0
19.141	c29782cb74f5e9fde3d412a2fc9b8894cdf3b402369ae182f2865132d8114012	1
19.142	be101df5bdb3f944320eddc32d1d10f74369ef9d0ed52f9872fc4289200a9949	0
19.143	de16f56f11aea75b7c3cce538058b77865d5dd0550ff374816cfa4de3a7aed2f	0
19.144	527a29a79d006e73371dd2f033d1220118159ae0fe1837fc8151b133e6655954	0
19.145	f9e449227735412b5afefd9503d385c3448389c9a0cc1fa6e84a5b546e314c84	0
19.146	eecf8bdb721b8b3d211f69e2a1d7a91e2d0f7c9f57b4539a74df6cbc94d2afd5	0
19.147	032cc0d48aed6dd29504d4c6d65be07851a7bdaaeadcf755889430f8cf7e18ed	0
19.148	abce37ecd9e07661905b596d546dfdaf17d54a2231ce0992bbd59b61fd3c935f	0
19.149	3e530f5783c8f11c441fd54804580e72e64bf92a48d1c6310d2c7e1eb1d9e94d	1
19.150	6674d12fd778276ef83f0f1618755f45d298725287230922b81bd488fa3cb17d	0
19.151	9c58fe55faf93ac78b59369b548caf154af85043e6987d0c6b25437d33278f7c	0
19.152	a00c34590570eb76b3e5853823d45df5a89fbc9074e939c6b44aa7ae3dac8902	1
19.153	89e36973fa1cc551521977b95c9c21b348fe8dee16a33be074b7d8890c9c0075	0
19.154	4308de388947549ab31d16acfcb5c69c370e1bad590b00cf3fcbea04d153a67e	1
19.155	2af32fb208568451344bc7ca8ef4051e1a4fe466ccfc335b88ab1f56202d24e0	0
19.156	4ca4f3678fb10cd12bfd49c4fb7a8e1e82be607c1833c23dae49bbf157dc414d	1
19.157	e85f8561de2b1e203f3d4935bd8cf6b3fa9deec62f3b81171547729a9c340a54	0
19.158	8baca172c31b9c716a4df5f8ed866f89ddada1be980b4a6c097dc52c4e1be78e	1
19.159	7326fc5b06e656da959d35fbf382c74a29c4b33ae9eb66195b22ce9129c4af13	1
19.160	4e823bea914a9fccdfe2f440822156624d1893516753d9b73aa581369cfb10f1	0
19.161	07827a8d4ab6fe758c73619bfee1d97188208a0d48d06fed0689b74b194dcb1b	0
19.162	cbfb9c90f2f029df9cddd87d1e65cbd738c95ac4c75338daa0f8e9453e9f6d0e	0
19.163	4ed50c6f409684d66625e01997e4e1fd777c6752a998c5dd9afaa9c51b0c5f4e	0
19.164	0fe9743c652ed166692c4a1dfd4679507ce7e6345d560dc06bc9096d5dc23028	0
20.0	5ab0b15dd121831c9453c120ebcc63a44c329609acac6dc1658b2367c8eb9a57	0
20.1	8d3c93fdbd0caa8aa9843824c07ff1c5ab8bb42e2af1f2e370fbe9554eeed59e	1
20.2	313a93c2f23223b1b365234e7ed0304d7a570ee36cfb1195aad6f056a973e1f0	0
20.3	8f3cda6afba3de9eb335a55060eb8c036f066de0bc6dab4b3d60aa2b6c25c99d	0
20.4	365e162dbaf9912dba064676e5c7b4c590540860392d0e39db0b21c29359f471	0
20.5	cf9cfe94a8594d12816a78f8bdbbb441c9e8f7cca5d84e08e94808cb93aee7a2	0
20.6	1901c04ebc32cae3e9c60696a34c8a1e998f980bdfe70444ceabd89f30e6e5b0	1
20.7	b39e9c05f8ab4f60ec915acf82b068bca57e7d8afdb52e56d5147a37e83c2641	1
20.8	5ff57b1ceac89946f4fb1bbb0af85047f74ac9c7bdb7994bfe033f20a808b0b8	0
20.9	22941c4ca524dc143211bb6a4e8de32a59f3b1c33ac19540412017b5be26ddf7	0
20.10	9b646c1a5f07a50610c88ad62704a351f37eb592a3a5c5e30b339a9369355bce	0
20.11	f2504036c9c6183e211de840cc16e48173fe8ad4d32f69a15a310738c5267b89	1
20.12	a72a2df40d7d4b7e5312547f00032c5d4a3184aa6c26770e8fc6f0aeb3856b26	1
20.13	e0e29dc3a2415a1306634dafea1e359c546da28a90071e12291b8209fb4363da	1
20.14	d606db5553a45d642d6a51df41283d0b49ad32e2a865ff36c7881be96965ad30	0
20.15	434126e25b666d3a2cd0897e285f6f2f8b3371f32a532e6a0d544752171b6d4b	0
20.16	5ea587bcb1f397ae4738c81503b7d3dfeb910c1efb4a80e2b5fcb373e8aec5f9	0
20.17	723d6ff6f7930ee9224b4a9e7c128d88b5f5e45d88d707c286e2dbe91d769cd9	0
20.18	2db9a1c332ad1ae59f21af58523cbe34c3c75440bbf27da852c5f52ff867e72d	0
20.19	3ab8b1f504f30faa984ba77f4391fcde8fa5ea491fb844448caf5d60c6e77ead	0
20.20	aeaa91c966860a5a662415bc6f65c87c39145f6acb8cd920dc47feb0b123a141	0
20.21	51ae1a5dbee8829d76ae6847ad72dac2d8f1ed57c184256635cd3115e0fe71ab	1
20.22	f2005ddf161e7f63297dbb04becedb9064618fc6c3f4e335d065d6f53d397a72	0
20.23	0de0b1092f1c76ba045e2158f5d7190fe948b5269948d2f8b3436da6a6bb7565	0
20.24	7ea0baa40380f6137f821a503222919a52baa0a8f817307b12d2dc0302d491c5	0
20.25	b9fa4bfa347d616bb86fd05358e52b8d76bf1fa7f837b338692f8271b0ab520f	1
20.26	b05012a4f456aeecbe5f4ffb261d421b1c214c88dd68fe861e15872b0fca5ae2	1
20.27	6bd89d4524c848dd0752e5ba7d7c6720a9595c26d86874b153cdaa7034d42c6e	0
20.28	c9519e59e0797e93b50e2cb68b802664f1ad27a896b675a6c3fb6c561a7d7d5a	0
20.29	091769ac66a55680e3c72f18dd2769471e1535daac37967094827ed3b43f75c5	0
20.30	3ca79ddb01569a9a333653eeed8772c91f4728712a559f37ed730b298a567ff6	0
20.31	956305ffa823be46777731c1643bd85f8e96e4645a7f0c41da9583f4e95feb29	0
20.32	5775a36f490d1ded20ca2aa6fda2913a65fae27b742cc695cf59bb39c770907c	0
20.33	a66fcf8d3436fd7d995915227a0902684b1dca6899d722f1e5c8e251b9c52cea	0
20.34	f5ec4edff9e9a6ad2fab0170e3fb8f7effb40454e1f98a6554bb6db56566527e	0
20.35	904d4ad8d9f621bce3b53820693f097bccffb8a725052b4c98934d43d4e09ef6	0
20.36	aecf83f0d21fa0f5c63417a3a2fb252bfa45840b4287988dac36e52b21869a1c	0
20.37	6ab2c556a42c81e4580021688aee94cbc7560a0285d80eda8fa44b32ab3cb29a	0
20.38	13b77ef8d493816f0e0b3913a520ab065d02ff2ec6f5b71606ff42432f96725b	0
20.39	b6e020cb1c80f76bafa0351bf808f2788e1e4d37b08b29ec5c84c8854dc031fd	1
20.40	388df070825a8dbe2beffda9aa223503425d6b6802ed50322a99e5b7181f0d14	0
20.41	aedc62e9881d45ea9600cffcc8a63ed998c5b9fe7eb908e425b51cea9cbfc2c0	1
20.42	f1b95019a3eee25cfbdf2e314b7c84bd801baa1f86f38e6f6e51743725ca9767	0
20.43	ebf8b3c05ba7549bd1aae1adf431107d705bf5c2dc30f30ae460a67606cfc320	0
20.44	ac007ba5d6403ea0f4d741e3f91c73e14aa70293c0231c2261b30dfea334a2f8	0
20.45	1de733922e66e58367b750cbf776675eebf8270a1a98bd05a509d3ec81eed32e	0
20.46	fcd756697a35b7315b3e368e17972ddc54de2867d991425b162d88926eeeb5c3	0
20.47	2ece34953ec8bb18094010dcd476b6f509809c93b6e4b65a7f2edb0c7faa7816	0
20.48	67f7b164d0ef6f191afbe77b93c2768adc0288dcdc9a5aa86d30d35063b3f7d5	1
20.49	091e22dc5951bb7a7e5fc53641855750a6a36d8dc173a7d7569d9c17be7fd5b9	0
20.50	f776587f4e63c6530c5491e94292c366ea27201e30c4975d63d91d3395b0de52	0
20.51	61e1fea08f31347b468e03d15d42dd9fd3342d037ab2dd83347bf8bfd474b456	0
20.52	ea9e82157342e9650db2dbbbe50bca72520dc47980134cfb58c0097c2b34b547	0
20.53	f80d92ce442492a3c2a493e6d8f2c995a4e8de8b16952db6fd0e049a352433c2	0
20.54	4e12aa5ac6093ca95c549f999e9e64649a27b5635841ca674c654dcbf9347c67	0
20.55	ed8e27f1bb63821996772c6dc26747cdc6526acd6e76a2b47118e3f7b3b4e38c	1
20.56	5b9175d6a0d8c7ab5dcfbe89d0ce67cf3fbc1b5365e49eb84efd5d821b3fe946	1
20.57	63d594ce2a016d014e028563731e2c93996f1194d27dd5c4f6b9bc944a1ed16c	1
20.58	1a6386fee11a2d95a9703363010ebbe48be1022e08a7214a60a5d306747fa870	1
20.59	8a2aaefca5cb18a906f54cc50eea1e5d3ec4a2f35a077a7cfda4bbd29e271faa	0
20.60	07a7c6585d473d84d30618c5c235a79b420e77ea9c674f8a5c178c7aeefed7b8	1
20.61	41b101cae65292c258bd09093b245b227931debd0009cc07a0b52409db41680b	1
20.62	051b356db4b0c67b47c8a3407dd96c3d9ca834c849b5084e04eb06cc61b1861a	0
20.63	75f12375b63fe06acaabcf34ac53a46ad07bc8c2d97c681471d5e2cd43d54088	0
20.64	c5bab992f397c9640cb4c77cc7f2dc98546d2b0a29dffb6caa74f2dfa56fec2c	0
20.65	a548535649c140c395b356d6256670baa1dafe97a48a648c877deff1ca70b996	0
20.66	552a501809f9d3f0d44f0af2add2ad56d219f3f128a1223d89fa427e6cab5c43	0
20.67	de4123cb37369776a557aa031f11b7c4f9255cc377a59ca68abaafd239aa36ae	0
20.68	65a601b6d1b0ffb6b03d8f7b5196b40a7db5465e41348fb9fa61e139c1589b30	1
21.0	d393ee3d8839ec760a83797077197388dd1e48639d4b2c0a5acfe637f768405f	0
21.1	81fdd51fa68b4fa56619e643bef1becd145bd5aec86e7081a7d4f4639329f995	0
21.2	41cc33de8109ac56e876ca1fdace05d0892805201b6c0f463f4247152eeeaca1	0
21.3	53319caca63ce5a74703a4424203ca103f57717a30464ac62e8c5b6dfcb26dc7	0
21.4	7e76a235899e1d3c135669b6ea6e2d62fafee8dc00db03db3ba1200c7427646c	1
21.5	18638ce314512278e326c2625f52d57ffde417d210d66a58ab7580640a8d1892	0
21.6	fb308b1c5addf2a16228c44258035ec10a5aff590488178497c1a063c2ce1a85	0
21.7	29647c293215fab4efeceaa00c373de301a8996f0794c772a8d03fe109b5cf31	0
21.8	4caa82bb84775162ddbe5dfa6b2f80d63e052148473c2fcfac497b7a69e0d759	0
21.9	3eeb17e16fdd81cc6652edc6fafe46855b751deb1a507ca4d07273cc55642d62	0
21.10	18e2fc940effe444331b14a3349de3dd6ceaf718d4ebffc5b213210b7f960d26	1
21.11	9c06d0f3163b139a2eb21ab71904957bcd54d4c6bd18fd2c81c7102120b32fb9	1
21.12	b12fb5800fe863c4687099d20bf3d8d438e42edbfe36716f5f8cfa595ae48bb4	0
21.13	ba01edeeea1a4cba461ee7028b4dc31e9691341608ca0f4d2a2ca58a60d08ae0	1
21.14	b2f37a2651858d87468af32200fbd8da91cc84753af59cfdf82d1ea0efe85957	0
21.15	0b1d2ce72c40c82bf879a74ffc8a8ebd090b1775af1923c78f157c1a127114be	1
21.16	eb02869f3cb729b7f4430e67369f5dcb8e14ce62f620db928820dcb0c66682f2	1
21.17	a9e05aa9be9e4c480af18a273e3be21d12c3259a6c402d4a30d6616499ad3ed3	1
21.18	05015fd81408e4ee117464c0b0c95ece1c171db53f63490a8b30f4c10b908a2e	0
21.19	c55bf0b03a43e9754fc897087f5718b82258280bab8b58fe427dbf7c14393228	0
21.20	76b70dc91cac51c27cccbd5d2ae445870ce213f33444b8c59a58bb8e70a4776b	1
21.21	cb1adb295f86ceb1058dd8c263b9da08d8884fdf5b711346792cd2df137de87c	0
21.22	2e7abf9a92a43e654c9933e297f9931c1729366eeb521d19658d250d53f3729c	0
21.23	e666a36298972b87ca4f620de372c0438fb4df178088039529368c4260b3bd2b	1
21.24	f7b40009b4fb5f96e2fe9fc5f7f0c52cfba8bb6d2489016bd797c76a898a9434	0
21.25	a78c86aae642c46c6e0e1b5165060d25f8f754b5e2593d217ea63a3c0fca040a	0
21.26	a3105de6618ef0c4d41ec2e9e7f6507875c0485920416dd7d77ba2ae90570bef	0
21.27	f90e550917117abcc2d7e987977dcbb62cafb6921c429624b2fa4fe61b0b85a6	1
21.28	fe59b502ffdfa4dff92ca7f7e810085b6b0a0d095d39cc9d3f8e8f608e16705d	1
21.29	9b24cd54967247411f72325b23ddf2bdee94e43dc0790bedbe5d2f7420c2131b	0
21.30	b2a746c39e03ee5c89f0ceb0ddbe949c0c110a02444f736bb983691ca1a4effa	0
21.31	4179c8354daf4e633c8e1b44f4437a25125ad8e0e6017f996cbe9580eb92303b	1
21.32	dcae80054bcb1604082b9425b38aa54106faa3a3509683df1ed117d350f5e698	1
21.33	14a0e6cc5eee52daa68f95844775397bfab3d8319a8887e7bfd81fcda3686106	1
21.34	1d84c218cceca551525c73117e0ef62f9faf292f2ef7a6dc22e65684cf0e383f	0
21.35	0430a53f5c714c2ca43fc66f21a592c666dc183158297b4c92aa342e412b3adf	1
21.36	7bcfe931adbedd525e963f1660b75b2705052fd588abbac6f191d41ce38530f3	0
21.37	f7ba4a5ca06197da8db7c42f617564e35c54aeb348497da18363ceae6d730a9a	1
21.38	46cd9cfe127d4e6f380cdbdf0fa515c89636e7547d9be400c8ec51b95d384cb6	0
21.39	5d2c990a82aa84cd7f56e183980fb1a3e8fe7701656f45bcfaff04a320acd912	1
21.40	1c27956242f9c2e900b63cf95e222d2c4cd2a264656c8613c45fbf54bbb9542b	0
21.41	8eeeaf15b81c1e1739fe4a43134bcaee5f62d8f0bd09bb1199a30085f34daf88	1
21.42	202998f99747f948408a78427c7322b7d270f3514b0f1b417df43dfd3668fbd8	0
21.43	369e4451519c4ebc2021f89484656dbaadacd5547a40d9756ab3908eba9e6352	1
21.44	6623775330ab1e9d1819486c698d1333e6598e954ae79af6f8423702210fe521	0
21.45	92f520f3b05e4fa779342030ded765b34cf31babb567615b693f3a593ffb1735	0
21.46	0d4f72c3fbb5f067bbcce8e998fb219c7e06bafdd4b9c479f6e8dccb94c029d8	0
21.47	dcd442d9a999200fb9b85fe506d99a2f9ac6f75f8989cfba2f44399d414e7a5d	0
21.48	33694f6701c9902d83f68bb637c2ec8d47ff73a9453dc669af19befb3af758a2	0
21.49	0d76f5ce17ea1f9d10af00ac0ba55b47239a55a3ebcf2279f144a96685d48232	1
21.50	488fb411bf1f49c61e09d0eb4fde90e7f5344cac1cd017979371577a49f9aa8e	0
21.51	fa946c3c9570f38788967807a04b2514dd20bd18cce1df694f1cac71ccbaab2d	0
21.52	92a45dd1e6eb76dcdd7374d0c25c6f27f7d2ee3cd3ca1dbf88646db98e3abced	0
21.53	2d241ce6e2c15d06179313a981a1bb2c1fe28ce087f7890ead35c8bd695e2010	0
21.54	3acc9b050ff73a21356e3639458ee89262747b4d796f83cee094f148ae9a0020	0
21.55	9a6c2e600469192cd628a4dd1a74f4c412f44dddc101e3718d073a618f4b6936	0
21.56	c2843aa67968c08ae7ad2607d783e9b411554e32f30926b9309b313c35c0051f	0
21.57	91aedfaf4f677591bfa1eb1d5acf950e8238281ec31d8589bc766260cf805378	0
21.58	02283d5d2d6dc8267ed14e2969676287e9e5ae16325f384e55194db08ee2e078	0
21.59	806eeda474d668339cb8757b1ffb72cdd1be33d88f8eaad86c6e102b588b30fd	0
21.60	748bd65406dad6b8e882ac011ea339d2e27fb24576380e9b32dd4d5140e6a59f	0
21.61	98f3dc63beb74f70a6b36cb4c963b24aa0452485b810a9a60e0bb00fa689a72c	0
21.62	6d30ef9ff51be2902214493fada443e5e37dc91ddce05ce77cd7c2ed9c48ffbf	0
21.63	a14600b67dfad3ad3bf1dba06e68041f6c3e6e425a132d88f0cbfc42d8ae728a	0
21.64	583531bfa93913b20b7d550ee1a469a07b4751ab565ea9a5a334269d5df8610c	0
21.65	dc543760fd4dae9aa926b3af955b5cebb56d2300e79f3026280b8f6053e73f56	1
21.66	8727ecea2aba8fbd6b31f5c5133d72ae604bf3102e76d12878a865236e4373ac	0
21.67	9e2fe344905802b0fc9147c48b48bea9c0fcb00584b4cc541ed45fc83294581d	0
21.68	c53a41ee3d99a2048bfa1bf2878a529b9ae6238138f890c4fed63c71ec777573	1
21.69	2ae78d0cfee09a01d31cfee259ac885661bcbe87d1ae19a378f1c74cdd4576eb	0
21.70	47f373adb77932cb39c54030d9946086e4fcd9361c5444d18064004dd3e5e2b0	0
21.71	0302e5d6ca0e78d8c97bfed3b9abb559c2b45035dd0308b9dc8b148153f5d3be	0
21.72	a726dc9ade70883011390f411082a4f4f68ad7d8150c2d951bfad25252d8fabe	0
21.73	fcc0500de39b8948bfe1892214d1828e2dc23ae810257bb6aef053489bb7d365	0
21.74	9fff9d861ae3fa8443a8ff4068fff5d234d1ce9af5ed576a76cc67519aef45f7	0
21.75	257cad9812c0aa36ee4dd20571f32231cb787a6039947b0f90212e0ae1f3e7a9	0
21.76	234025d9d50dc6bbc369547cbba306999ca1ac7034c4cf9e0ae00c8aad0ab225	1
21.77	e64566b21981c5080f048c7cbcfbb510632c20cdf3ef0f11a86e83686682878e	0
21.78	9e54cd415b92d8bbc03e5a931728b715ba888b0e46c824c8c4c1eaa2fde05989	0
21.79	ea327341052b03892447f700a1eb910b06ba2ab0691945b9d251c965ad5c6af4	0
21.80	11f7d68fe28f7e04a6373c44e1f55075bd7947305330da2e8ad8a5bef8a97bd0	0
21.81	5416e78643591dd19d1a881bb53c117e8c17f02fe6fe7f5e85766edfbb4db243	0
21.82	9e38a631ccd518e0c0fdf828913faa24aa15eabaf8a3613e17dda75fadaafb40	0
21.83	1b0b13ae1b6a57e18cbbd8aa957e120b05ca1f7d9b2b6579f469236d0abd9fcc	1
21.84	c440ded346bffde43cda117a6319c18a7837e0a90d774246add636bf103804c1	0
21.85	496302b55cb3de7c6857dc6c0a208a332b0eded163a51d0404b6bfd1e92a9dc7	0
21.86	50d52446467267d62645f921e0e655a50cc310142f9f6029fddbc58e2711bab8	0
21.87	1633222ae2ac9a4516469b36f0e486d3b03a341b348981391113ac39b29557da	0
21.88	1b5a0c3646df67530f5a8c4645b6031f64bf1f799fd79b8950c92d6e5263b43a	1
21.89	bf1fbbe939d32c21d86d7cec98f6bbf29f320227bb8c4cabe88ef94059c03315	1
21.90	4d9918aab5b88747258771887dc0597119b881d68e6635d23c825ca5828bd6b9	0
21.91	811d12d758681d1fca27034853b71eee5302165eec5b5044263a8eebbb802b3c	0
21.92	d1f44f3a58b53a1e7295bcaaf36ad57dbaae4681e5aa84e36c290909671d7b9f	0
21.93	a682e725eb2e0764a8d10a75697ce9bf6a3d210b79ee39ba037093faea1bcca6	1
21.94	5e11af23de22a120ce868b2c82d5075367e9c54ec53625a7f11e28995077dcd7	1
21.95	ba249bc8efdb90448795c30ece37b562dbd167cfee91ea610ca134d2f7364a5b	1
21.96	d997135a73e467a97a84c191811e26813090335a0ae952b15f773c285c53a24a	0
21.97	8843533c1384b49c564f0509662c473af0200621d92ae02f55c596f5c1fc3b6b	0
21.98	8b59dbf3e160efdcb121a38b04f2868e638a8b612e30ec4610298bbc8643e2c9	0
21.99	7ed01c2feb322c8cd597150d83eb160e60f71f77688f9454dc8e7f204955ff7a	0
21.100	03c379f0b863c379f9407441ca3e737d7581614e4e6e18144fa9162000cbb0b6	1
21.101	0e9bc02be03e86a16d8f0713da871e684b696966a718cfe38f3c588745419578	1
21.102	6efa80f7fafa8065fc137602afddf0f50da454bb7848242c6d4f4b36cab0e390	0
21.103	0663b6b3719181788f672bfd493cf0abf022f944d706375288d449e3c54038c2	1
21.104	3abf7fe3ca201fff7ecd1063a253a0be79f6f502683c81bb4e9c7d589370855b	0
21.105	bef81eba517f6004413558983b452b57aab099ccb234e7969e631965fa67186f	0
21.106	460ad8f86accb7579da7bb3fab114dfd40f3f803e09bd8d9a2211a359413d1d6	1
21.107	bd8d0eea9ce6bae3cd6438d822e8a64fa9ed6517e0d152c0c97b1608a1bd6321	0
21.108	6dda1f0803521dfa6fbb37c1029eb3ee554cc69e56abff6d4388d3afad7f94db	0
21.109	69053f812aa6e7c0bcd0cf4165eb0f8f231fe381162c21d481b44c0c46b95586	0
21.110	3a5b167222f856238fde5d2b0a1a6e7e135194a68a34d264fca6b8007cd039ce	0
21.111	7e7f408bfaec9bf1343591e0396bbbc1154889ff6e02b4fe09504931f30e43c6	0
21.112	ac90a6ed5afc8546641f131a122a90b6d47b85302d8e609ad4f1bb999247a997	1
21.113	7f8a6779ff0f2b06d42e53f2452cbd85998d1a94f16b601c8824c27ce85d0dc1	0
21.114	b8b9d0ca8926295390dacd884da6ac4f8ca9affffdbce0a2c12fceb77088b071	1
21.115	f3189eed802652c8af877eaaa3903cf5a7c7c72cf1d60b0de802596536c11b9c	0
21.116	60d93d24324448257201704574a51da1a17fafa23c1369948047e7f21ce6f17f	1
21.117	2ace89feabb95a2b76a06c50fe48fcb466ba6f53a2184a31eb474efa13cd00a3	0
21.118	b6621f5fcea573d1b341249d14f7bd92f0f25e6fef05e091942f46125f71ad1a	1
21.119	7c870dbf19de078b61e992a7897e62ef04cf0bb88f76fec6185820b9cd7d2387	0
21.120	775bcd914360ff0d70b3b42bf4f80fe9fa3cea87714cb0ab738083392d043fda	0
21.121	3191705af118d357c8ed19c7607603980982a673532494b2254e476f84c954b9	0
21.122	ebea4fd62a93bef3205b04c95d4b5a1fed7c4c00715a51f12cfce9838be27e9c	1
21.123	c3b6e075e12873d0c5e1e1b17ea21e247078eb31cc015c0c0172d7d4ecd9d187	0
21.124	cf87b23d0f70cff8f9ce62b411ad616fd9be0b93edeba67c70f647e5a4b848e1	0
21.125	62b62d3be92c1ed1bd73ce5f0dff31e49086c5c01252c115cf52c1a3cd53d549	0
21.126	67e2d483466080b98717241bc3def93eedb4c9d36a1d2d6077dbb68a43bdf226	0
21.127	c7e1ec48dc9c5ae8e603c3414ad2e6a92ac1e9af94c196aaf582444778d4f046	0
21.128	8489b7d553db5e3c0eb3ae7260458b858aaa51f0df6e1daaf322b875d7081688	0
21.129	30111259581114b5f85a43afac64c10bc894f24970b0c1deccf8fdbcf52ff12e	0
22.0	d685d609023ddb4a3eb8df973b8ad30ed6b16e2e00a1389c59a1dcb60f143e2c	0
22.1	a7ab714fd2048ddc7cc46ac8bc5629a0c0ca6a07d597aaf2fdd61397b0d81531	0
22.2	6b00beaa33714c1d232d1e7977172a4eb827d759aee3e601233fe7b4a7654b92	1
22.3	907ba2154a03f582bbfee6eeb3e2c6f4d2858ff3a0c2aede852ee2740c138dca	1
22.4	cd83acec62d301b07f0249f426eb77cb0a5e82e0740715e198db8072c58e9da5	0
22.5	0f9b35aad7c1ff9a5e0dc65654bad56535d698d71dbed86ed620f6c01d4d5c11	0
22.6	5ec604475736625349af408e7617cca5cf4607f9391069be20b5be01ec64d997	0
22.7	643358c54dc030a39afc3364c4d3e0df22474c910d6843fbe3e70eab0d03fcd7	0
22.8	eef91606f4dbdfbb1bef494bd5905445adfae075a072d96666002a9ebefc61ee	0
22.9	da93c39f556fca7ede64de58983d6d6138e457cff4d8734282eaa7d501bbdf52	0
22.10	25ddc5a13f108170b9edb446a1992369080d7598409258a63bbd20b65d0da3e7	1
22.11	c589e4845b96854aba8f65c63df8d249584e36a8ff87561c23ed0d1b12e3caeb	1
22.12	459e4c1075cb9d4da593d2a549f5c07b11ec3db80a7385342fef06c66b94617c	0
22.13	8ae0603e196e4daf87de16de2eefe6e2a3da0cde630bb5e6189f8859a396f1c6	0
22.14	56aa5691935c6e3554e7be3ad151c1f19867a09c3a251f79da467505817f6de5	0
22.15	afeb0076010d0deb17f4f4c4ae581cf8f8cf76efc17ea90a2a22d208777daa60	0
22.16	b4b98e6713a7bd04d56dc304f2fc36ecb9bebd02dca88cccb2d59ac4724d828d	1
22.17	29777fae7878c8abd6d7a5ef8b67668daf887a697fc341b528ab6e3cf5fac990	0
22.18	d234a4491e484d0347e075d4980b4599cf1ffcc88bf0ad6c9e4613d31bc4b594	1
22.19	2dc9f21e2dfad7145f367013146232fea44573f4d67464cd51ea8720b4a9e2b4	0
22.20	b6d75a1abf023eebd5458d6574ca908525ebd5bcfd7a0b9b0abe490b3823db0b	1
22.21	2df5683186f442ba210e3f3ff511503c6abd80c7ab7ea86e7e495e35d6a3c9b3	1
22.22	cee5213e37fa1e4e5b38ca4fb67cd4245a906c77faca5560bac41ce59671f842	0
22.23	1ddc560001060021d21f40bf4ad1d2a229f5800a134c2832d041996ece354b9c	0
22.24	8187dc715038d72c8612fcb77e44af1f7ca09b452f3ed0cdb5e14da887c52f15	0
22.25	749d5b71aaf9561670da4f8d90bdf5a27bbc79860131f56ca05dcad2421abaab	0
22.26	c225d4f66b131dbd676b9159c082f5bca0d6c68068859fd48042a2ffc7ae17ec	1
22.27	60cc396dc36a3733ffe58093de5ab966b1540badc1c84cd297febef44f5e8b29	0
22.28	6149a63ca1641ab0efc9e0d4fd0328504c71b09482ec73c81144d09096edef1c	1
22.29	e1f988a1cb69270bffe5454216663cf0bd82678c87dac82729035ad729b94838	0
22.30	f1c6bf2a88aea6b31c5810989cf2452382886d747eaff3952942e924779fa8d9	0
22.31	fd75da30b7b3e089471b6f8a2750728fd81101c7300e4f72f539517cdc3ead2e	0
22.32	249e9e530effe2cb539663b0521912303dc42380228da3b52f0f2e251906436a	0
22.33	47cdc88440bd84089bdb47bce16160ee80b9327a52ea00b8149e436bc547af08	0
22.34	e06f027c3bbd9793d90d8d6c0849ca389a009b066f852d837b8c95881b830ae5	0
22.35	0a284a5d6afcf5cca23c7edca450c6ab0fad127cafdd502178d9bcb7f860cb9e	0
22.36	517fac34f07c2f06e485ba85f8e007ed807f91e443325b7a41947bae9c7b072d	1
22.37	7f64f9449976a10d5462762310a6f8f1ea6b29174deed2e68ee2290be2d0b423	0
22.38	81cb2e04f28ab1c94591e6b3863a205a91517572988a3b59569db60d7c98cba3	0
22.39	2e0f10cd51391df7eac05d89416b8a7040d1790a12e28deef10fcccd2700f8e4	0
22.40	3ea411f683b3be9e35d53e40c6e9f47b567187a1874b764d718003eb758835da	1
22.41	807043f527a2bec6b62fb2e9220b3651400a8def879ba3ebeb489cc6fd246616	0
22.42	6d57892cf5c9867ee20c38014423be1aefdfa2e0504147e53c29736323dd98a4	0
22.43	d18eec9dbb7596545863e4ffa9411ed655da2350ea40fedef8e45974752c6b5f	0
22.44	0f72c279b201bf56c2f717f7d363daaf51e033287c5ceac16193dcfdd9c4113e	0
22.45	a8f43ccbdebc44f31e3b6afb4ad763f2079e9cc10f0f0a0a8a21fbaa72d80d51	0
22.46	e5af4e3b92de76eee19b13709dbf9ff159e645e486eac994ccaeb14df87a4e63	0
22.47	93983f04019300a3870cffd2916b5c7ccd8d2ff7f74dbe10787a0933f12275e6	0
22.48	7b7b60f77373d72ead2b2aeb37ea70bb6f6d6694738b741361c4cadf3b0f66cd	1
22.49	d108639e13e009bb6df3b35aabcd3ed8bcf0b6777f53b3f2951473f8cd3a3c77	0
22.50	46151e94c63e8d2014579feefd4a3fa2dc631827984e3d62334df9b1dadbd43e	0
22.51	7ca85a6dfbe86fdaa01564815f7fca76b6a2d3dcc700c2e714b21bf9352faabb	0
22.52	38a7a512024d0acd7530ce1e6be826e45d6337f1a88db00bd42406230233a0ca	1
22.53	8e03a8ee016bb3b6ff708011ef117dc7367efcc826e34549587952f9f734947d	1
22.54	cf87b23d0f70cff8f9ce62b411ad616fd9be0b93edeba67c70f647e5a4b848e1	0
22.55	eac560581682f2a05d6d17b0ca1181e8b6790aace37d7c986a137bd395ae4d18	0
22.56	6a17151e276aaa9e780cc588704b2f6a84c45101950bc33de313911d697d0175	0
22.57	bc8b63473ddd20b72b030a97c843158a3d20f85a39238eceac7f5c42a00134d5	0
22.58	e5090afee2d0f8418b97459f64b4cf9a7d8ae9aebee733f76509f5128a02afc8	0
22.59	cd2ab862250c094703556308832de3cd63342a6ba0cfd673c8661b75c4bcc46a	0
22.60	8320ee179c3ec4ecbd376ca11505fe71041c9e7d7637c592a443a12d82df906d	0
22.61	ccd1330174497fe7f5324de560816d402381693312878bd5ff46f85b7e7300a6	1
22.62	fca004a545f9b4d39994a0b7c3fc06b22ff4bcc30939a6b9b627c5dcbc580487	0
22.63	81e3e40db806a47d104111f13724679c6b6338e7f2922a65725eb5298497a136	1
22.64	b3f146c27dd7e71bcbd0848971dc01929c0388a0edcc480c198082403e8e961f	0
22.65	804b0ddbf98aa3c16b9b1abd2eaf77da5d537af80ab54ee9f9d3c577aadc7ca0	0
22.66	365c5b3a45fcb56c85ccbf7423e803e1c0dc8cd6ae3487717d77ffd72f6b101a	0
22.67	4bc17178b8cc36b6e4824f120142a1a99d5ca9c22501fb7ce6a0758f545f3603	1
22.68	c9eddec3834507745eca9070b874f9b30371b0d4604b8a659615e0358f6625e1	1
22.69	15d46866f6632d8a0b7694263588d74d63e288b40d07abaa3ead982e6e38c23b	1
22.70	776455d15e1e9ac5371ecac0b180f71e2bda4b11f1c75784fdd1572ab5ef853b	1
22.71	0136310e93c5dc7564f6e41927202533910dbaff5b95d6b62403619a46c92a44	0
22.72	c92f1f91e34571c43c55801a11742eec38c551b2f3677d1ec6e5d7e643b4f78e	1
22.73	70f2780f5d108a75c65a344899dd2af9880dd27cbb083f3ad87cbb595f6fa4d7	0
22.74	64c2124d6b6458b222079f70861543e348d4760795675b27ff25551c5afeec27	0
22.75	8a590d36a639dcd35039e6a1c64017c2e8f8294eef5b543c345e05945d0d00d0	0
22.76	63fd0b58844e753b32e768ee94aba31d57953fa7b557b57429548e1befa7b6ff	0
22.77	356f37bcdb97fe58a8f049e65f366b8042be86c16cb5a19ba2b42a0ad238c0ee	0
22.78	44ec03c0de46fe4ffc3048b09eb8c2b57212e4c0928f343fd1aaca5a363051ed	0
22.79	2a1b94c3d7c75d109d2fc6bd29ae4ac31c65e456c84f5ed54266693a2d3dd094	0
22.80	462f05be5455f995bc8641593bcf861803ec26e734ea89bfd9a7a499f0e4b893	0
22.81	0c926d058087ff0bb1a988737d32888909297fe89ae2c1737f862a6576ee55a8	0
22.82	a2ac488876cc31e067d6e887943c1378ccbc653065a857b8eabfd0aa2fcf5a3b	0
22.83	71583797acc890a7718e61a5ca34a3a85c44ba36ed36e47f7ce823dd730fed63	0
22.84	405942d784a4e52993cd869a08d2cbf2633b52eed49ae13b19226256566a71af	0
22.85	f83c269fd42132f0f3d090e4ff3d2a0fd5543a77e9b1ef13633c1b5584afb79f	0
22.86	449c5ee2211ac91449653ce5999622bdb3701cf5bcf1d7caf24d337197285416	0
22.87	70f6f9c6df446f3ec104a6e2e7fee4d8967301df14f8a7e8f0f51d6285121640	0
22.88	f53f2c2368a009b213ff337ba829d7ed4bff768242c2c1591a0f9da13fe5ece5	0
22.89	8b162976226e33f3bd735c0f9fb792ed8c9c69585e61cfeb0c85c7f36e120085	1
22.90	c971f97c528a5e98115c72cfdd66274609bf283f7d4cc4231682bcdf13edd41b	1
22.91	28b1c79c2242a386248f91d9e96cb2c1de8e9a9138fefa2bda4a81981710e4ae	0
22.92	43413275ef74865fb01189e99cbca148cb96df3146462bbbc53173fe88c84396	0
22.93	314002325f7ea87189bbf9a58cd275bc84727eb5818928f139c00dc29b95f11b	0
22.94	55d6ace65560a01b89d24a3bafc9a04cba0a18307318e408f1b9fccccbbcefc4	0
22.95	99faf58fb46ecea4c914d3c5bfac183203bbdb3e9b07e15575d186d9d980682a	0
22.96	7305ae0e0baa7d286ecc94ce78f3f8f0684abc52cab34ebd7a1247bf85abd5e0	0
22.97	70ca9c7c4918888271f244b53d78a90d9f195adedb85c733cd727762aceddb45	0
22.98	d4f3fa265526bba8059706438f8d429de24dd18acdfea37827da9bfc93237906	0
22.99	9776e344ad21cf56630aa5451d78d6246e3513615b1d144b47a5da06905c99b7	0
22.100	b65e3a02ad83fda907d843ab498b8c9041e7be6772f022677f0294089b37523e	1
22.101	c31e757cd655dd4d4c9259c9f54ed258536bb57ecec860fd041ccecac877dac7	1
22.102	68601b0aa60587ed2d4f8944f13f1ba73735db7df7d05984f08df868fa6b142c	0
22.103	d0d4831942df2a47368e048ddf54f4ec9de9fcbc2b932973cd1c896f00127e3f	0
22.104	e5595828bdf3e58f99bb5b35d2614357ab9fa81b4bec5a3dfb253f49e5d0f2ea	0
22.105	ffb268d6683f0893e1f3ecdf5e77782043d0a5b818ba30523497830394b98d8d	1
22.106	305df4928207c1fa2a8fa6a23a88352af5471dfadcf26d007f5a5d2c9a7cf429	0
22.107	456ec3660e155d3b75b04b5ab1f72fb2c9e089d03629f5250347e08fb59ce5b4	0
22.108	1270baae47f6707ba07b1e51dd96875828603918484710bebdf12cc1e730c37a	1
22.109	8aa2751094326cc7baefa1c5f0943ab20c8a377cad8647d396a9e8bbdf36aeda	0
23.0	e39b743d4d5042a942adeea3768c5b0fd796f5728ea76a190c5bf8d68cd5bd8e	1
23.1	8ac9b79a1c7a9ea50f525651ca2fee915c0abb05f24620a3b344ce6fe04af3d4	0
23.2	81c1a13bdddd2c57f94984dc1455104fedb8a56402fdcae3a9d1223a96bda49f	1
23.3	787188ffa5cca48212ed291e62cb03e11c1f8279df07feb1d2b0e02e0e4aa9e4	0
23.4	5060d23775dbba8d7540a641b5983caebde1465fa4b278f717fa8a1735536450	1
23.5	cabd5c99915cd5b9a61d996d6fbaf053242fd16a8502e2bf05e305a2c4f304df	0
23.6	5442475a29c07e8aa4108dab44c4c0464bb48b4e5f8fa3d72b231faed45439a4	1
23.7	ace8815de08baea03c6af6ea4f47fde6a2f2ed8658144da9bc259762a5de78cd	0
23.8	596802258bf78d4804c055d340d371d7db2a4cb81b00a05619393dd6eb12e24d	0
23.9	bf194c0337560349551d0d75652f7fac8edba85972407c17a811973bf9f5e37c	0
23.10	0889b03cb86e45eb21511e212d31c1854a32e2b3d0b120c6fd80fff63c4718b1	0
23.11	c4f2b2cf93fa8b9e854e16314f21b4403395647c9cb4d7030dedf8132923aadf	0
23.12	250b236d3c36c2e99ebfaf0d78cc3996675f87e07a7c623bbffb9d1ee1acdc47	0
23.13	d1b93610c67ab24c03c8ccf587e7114c72aed1d41fb793a1c6136b1c4b5c70b8	0
23.14	e4b0826aedbeff00a850595784b478ce182eabe2225a8f3cc4075c173ca43f18	1
23.15	21816f031730187f87b475654d289323517dbf57c8b393b2617d8b7b95ebf519	0
23.16	50e7fbdb4dff2e6e0fc6613e3fb44d5ffc981a69972d0c3f7591300925b5a7cf	1
23.17	fbe6fb55942f189e9663b26f6b4d81fc0d1041b2112cd2b6c91a2ea353cb8909	1
23.18	a836910944d23dcd1cc0ea4bbbdfb2ce967cb86d4b469e66ec41e593fc513d41	0
23.19	22ed7a8010c9a165513e2dfffe1ac7c5a4209db2f041f5cbb2dacece1eed96dc	0
23.20	8239137c818be478ea721bec86e9d4eec4ffd7d04d8022d9ecf2fc8de4a5cf57	0
23.21	8b0bde21a7358f4bd551bf557beaaa3bd9f6b3eb6c1c9b04b2bf8d223e0b2274	0
23.22	893a11816ef8620e702315742a13c270c68b70ad0aa26c5b585b52ec05ac0b7b	0
23.23	a15db0f473f83b5d4980953bbef8ffa41415b2e371761d2021ded34c3e0eca58	0
23.24	4113376ae399a4f4f69ac442a209aa7b060eb9be7ff0f1c2162cdbbb7ace258b	0
23.25	593e57327227458f2d6f71eee61977deb948e5c7a743ba745310cca6d4041d92	1
23.26	a21c709aa67dff5c5dc3623afe805f7aa0aa0f8f6c2bcf9ba4f1dcecfbe84456	1
23.27	f4946b0b584875b1f0c98367bce98b2ec97f07ab2c408364a74efe70b081affd	1
23.28	a02f902ec9671f8c4a43a5d3c40912dd4f408c8e1bad8c3a60643751f35ff6f8	0
23.29	f171fd38c04228518c8e53bbcc5ae079b8c857bcc8f1426783e8b35c0bc2929a	0
23.30	f3e01800d4f24a9de4e85cefd8a67d0eaf428ea21f0dd7107827afdc977b801b	0
23.31	52e164199f4bb5442a68b16bfaccd16f8242eccba7df3c9d07b30fb6b74b5d91	0
23.32	e030fa3685e9318feda9e684962187902a1e57969dcf8b5cc45e97ae3f90eb05	1
23.33	1595ab0992ebdde19ff5343f46233543f8c72d8acfc472d42b8a3b213daabe4e	1
23.34	880d82b7baed2cbd8a5f6db8aa960644ec5f7c3e1ababf38da8f4a77c4b5b251	0
23.35	7a37e0b7fac4d73457a9886b6d668b606192648b9b847e717a389c725fa74216	0
23.36	ba5ca4738470168f3a8c6635be7f8caffb5a9a2a900528ec95e04098a528099a	0
23.37	d2baabb06cd505221502ff4e82a68feb2ef01bc0775866c32ed6f2fc0019485a	1
23.38	4a3584c7d78e18b10da2ad0b3d81cb8d8d3f74016ab6b56229e3cdc31fa192ce	0
23.39	ee3b41ee71b71acd3d388dfa6f23dfd89314d8c0dbc637a141072e5937e85f74	0
23.40	9050df481a51a2cd56e7d8fc6459dd96bbdda8c7c81cdff9d29becac47dc3cf3	1
23.41	9240647357dc7a784bceb1327d68eb90158b0218aeeaa6db9e7fbbb502449480	1
23.42	99f610e6349c57aa614451d3b8ebeb3f68826086a044c5da2622159ade9d1ee1	0
23.43	015d76e5e80bbb18bdbb3b8830f3627af3159dafaf7909a1d536175ceeb9f2d3	0
23.44	48e3f83a2e67d1a6bbe44a2afb29dfb3553dea96aad30526af1d2142a01fed8d	1
23.45	2e520b8c14b6d5801ed047db5ccf5f5630fe8062d02ca3eb1430948294c7c4a8	0
23.46	b6f22b0dfab61ba7f49a9268a77b818b790ba713f499a66fbf3af08d7a15ad48	0
23.47	f64954c2fe23b35d1435b3cbe93e0c52e3a477017244144381733938d7c81bbb	1
23.48	512663a6c1a8083c83dc3ff144c61ed72431108de328395d17b48d0bc43fae66	1
23.49	47c163990d391c1f02a661c1fd7adaf351507926a3663db8bad1902608b5d2be	0
23.50	e573e4286bc545c1ea36ca86115c2e12dbdca185b6cfea8d42502e2b0c89c254	0
23.51	d36dad257b94d1820b6c9a3f8df640fcdf9b2f5b2a43c191ba2fad64b27cb611	1
23.52	8308b01d273990485f2ee1b9b4f82be8a4aabcaecf4a6654cc3a09932cb2133d	0
23.53	df8cad1fdbdf0a72683336131657ab0424bf1fdc5f6304a45538f023c8838c71	0
23.54	aa64de443abb1c004939355579e1db41b2aa629b1afb0a972c9729af34cf64ce	0
23.55	68546202bd2cfa3cd93cfce6efb598e0a979725fbf253729c2a47da8dcf9bbe1	1
23.56	3ce9ddb6e926fb69b7b791c66c1af6e387ede9a1a6c114d2d9b68a7c0bcc442f	1
23.57	617d73734f70d05d6d04d2bbde9fa212c6c4249cbfd1bfbb2ef0eb4c91c232b2	0
23.58	fad0822452b83028470c4300251a5180b23e1a766de9d1a4b4abe876a3b1efa7	1
24.0	19f9f8c28c6f11bedd3961ffac99fb8d77800aabc29795c82ba550388a7afac4	0
24.1	95e920f8b51170ca0768149331a06db734f0984160c3be74cb978bdb98937d9f	0
24.2	a59c45bf8d6e20a23fa83298ad0bdcc782d91480f5481b77af405d278fca8930	1
24.3	9f18d2b2694b92b393f355dff57834cd733d69dd60bb5ce9a732f28d9618cc29	0
24.4	cfdb5f7fbdd9f17a26323ad6a11c60e4f6b0a51273c8c60e5e3f4de0eb9f2eaf	0
24.5	8b207b550d62e791ba60b8565d68b5324da43f0ddc074d5642c6fb0ba01a204c	0
24.6	c4f1f0715ed3f28d00ea86e21a1a6a32197913f67207b1e2a48518de404f9756	1
24.7	a903cef6a6e1270102e0a3e3c9b545b9490b884c58074576c7d4976e848a7d21	1
24.8	37e78d5d029e1e4115ae65034608135c57b095f8f157007b2d192c4dc0fcc5ab	1
24.9	945da1de93361c15f81c7b065497f4a4cf83c1ea37f0ff24a1d6fe522732d658	1
24.10	c8456090b4d54ff88e882d70c17252a12677971f9befcbef1c9970923b3fe6f1	1
24.11	a79cfe2dda2f73fc8cff9fd9076b052a11b364416f1ffd019e5adccb3523c612	1
24.12	f31012130a1d5d27a81fcf0f41c75183aa928cb49506680723d70187233c9baa	0
24.13	f10a3c28bf518d3a3754b0b0a5fe72a119efc744a7e27a9e495182284bdda040	1
24.14	3cbd2ceb5130b73f93c8d8834bb5bee0d7ffe83f92990b483e53a88823e138f8	0
24.15	29b350d061e3e63a05a756ef6b90c5ebe647c47223fdd0f96338a92975295756	1
24.16	e4685b525d5f73790d96552039fa56b90170b5f858bc66acb3436f9de280a700	0
24.17	e0ec166a881b3ce5d2db46106502edd612b9d256442be77c8cb3ce94b147703c	0
24.18	418136ed611b50669e7175ebfb4d4cd673cd7fe1d983c0607661b21d7762f69d	0
24.19	0e6eb518fae02c6c7d3600bbf31e9b98db92f8ca5fd231154d669eed48b93644	0
24.20	63b1835abf1cb9e25fe5b5ead4e1c217761fc26abde037560ab04d27a7597193	0
24.21	39e02342a53d822283031f653fe458e99e6fa990887279fb5c0b72ea42d4db61	0
24.22	d1c40618d7f442c87a413fc6cec844b287a926376e9f6e471dd85a5988410128	0
24.23	cf87b23d0f70cff8f9ce62b411ad616fd9be0b93edeba67c70f647e5a4b848e1	0
24.24	418ce2eaf65e19775753efa754f64ff34d8bd4bacfd173d99b2ac6ace41004f5	0
24.25	6d3cd0a5915638de8517795b612898d1d35f212dc67408699fcf7cd3d52299ce	0
24.26	8a29f174144388f0f825f8892422bdb229f831de37d562182f3dd35e0a4c8757	0
24.27	9ddaf7c5e235a7f1e660c5edc1e58bded37fc29c0641237e31a7bb76b4da96b3	1
24.28	837e3de16642bd89e26c73a871ab61ba16afba2bc164d896e2adf2f839ee4132	0
24.29	e1cbd33d7ed8b7f12dec70211df2911f0cd1f06aa43fe32bb2da39b16d4343f6	1
24.30	c48f02e091775dcf45f2604a5d5096f6a552a9f9197378f0524967155c4033c5	0
24.31	cf87b23d0f70cff8f9ce62b411ad616fd9be0b93edeba67c70f647e5a4b848e1	0
24.32	facdb093fe70d6cf8369d3f26a4d2a4242359b0d8be495fc1265e856ce6be635	0
24.33	cecb28e1be802c54666b040fe01769aa4f754c134161d7284d62cbcbe0a6ab26	1
24.34	61a36a2be40f3859f2e1ba1fe616593c8c448eaf97ea34d21fa89970fc225819	0
24.35	b72055b6d3795875648524542c5e9404cb45675b73ae456f366ac6b584eef25a	1
24.36	955d3849f7b38b70a6ccf126bb96b6d2c14b0e46ab3981d65b6a2b30492e2cef	1
24.37	8e2b60bf66a16ac97c7260679a854f87ad4ab2881e31eb91c3cfe3c1ac6e56a8	0
24.38	d62c177bc6a5d3d1bcaf36300bf03e432be4eb87f7e08c8cc1062dc0d24ad4f0	0
24.39	2dd65c08e3f8274b23533834d80a639151973321121c282032acbd2bf47667b0	0
24.40	275dcbc3fdc4204ab78b187541092ba7babbefd6cb92409df84695f799df683f	1
24.41	fdf643980733ca810e32d4e46b527dbd29961219f2d13d04c30c05fe135c443e	0
24.42	1b7cb8134ad50dcab64a001fade49d41a58e51f35c01acb1174829e988b3aac2	0
24.43	4531ba89d21a1d540b04a7e123c38be851dce9f1707d4390fdbab7821621b2c9	0
24.44	402908103ec667c2e84c1d8f85f7373dc638b21e650dd8584ab62dd828cacd30	0
24.45	742e5c1cc802a28f5a26de0c156e14774df563ec7abda116f24852b78bfe28cd	0
24.46	af974c9b749622c02aa8eb763a11f36b11a8f39adb37fee93a7136e4caeb73d8	1
24.47	69c848cea073f7e86ef7c4512e73766018864e9b63a0c88dc52b3badbc11ccba	1
24.48	cff9774a53b795665db9ffea955d5b2929dbb88c64271b7cb1311f9c42915e8d	1
24.49	55b545caf13c8a86d7a0691688ed842bd0c5021fe3f36d817400f63a08605675	0
24.50	0587932c37490d7881b33e9b32a69808d66c8b2661c1ed7d5f0176ec4e9b2665	0
24.51	bb8cb784fee746a87342f3af909d392926b16a2160c559eaf9bef4a9a64e916c	0
24.52	83a1937a2b84b6c97984411bc5eab1a6006611d9a8190f8e5cb268f0df7385d5	0
24.53	27af2abbafe5e6dd0199b7bb0beec7f18d4fda4fdf26edecf6e5eb01a8619773	0
24.54	d5f18c7c7c29bfd284669bde7f09e6183d4fe4f9e72330c234bf6ba7f4b6f67d	1
24.55	7e34524cadffae0cba8f66dcf09220d0225a194bbcfbdb1bf11a7c0a480f53a3	0
24.56	271b7afde37f605c836a4a532859691c7aa513b3c77876746a724f5a430b3729	1
24.57	9d267c463a20e856ea1ac01ad3de3947438cf42af5e7433527ada5a62cc71f15	0
24.58	7dedbd21334b5737835cd33ceda64cf5bd99654813029c2bce2577c97c9e7b37	1
24.59	bddb7f0583506fc7ad2d945cf5f5d494017a4287656db700d63e2d6a363e3c79	0
24.60	603c28a373ad49428db0abd87869572ec19046c4f36a9d10a5f4aa90fabb6481	0
24.61	2fbb3ff06d8b91e38e8602f7bacf189d8a1f0ad134768f5ba3ea875df5026530	1
24.62	7aa68a5fb3c8f58d9caa25a504d09595026ee2322a2ee57872b5f957d8f5d948	0
24.63	23ef2e42647dbe5b498929582adf6138f75b7162b511272ee3b0b8a1646e6415	1
24.64	a9c97c80ba83c01026d3848db3b2542951b70ff507f937d494b61fafa5440440	0
24.65	0ba09fbc66e1353981a07f2b9c5797f53da3bfe002d121d3d46d18dc71cc07f5	0
24.66	91462dea0d20214c0f8ccf69c5e52bfdb63b74f8d82130431b13908ec6aa2a1d	0
24.67	b042f7cfd86587ac489a626c584d6ceeefc7cd5a2e0437dd664de3985bd59200	0
24.68	a65209bcd59d19fedd74cbf17bcebab9aa65f7628de3b0efbb9e5f35dbd4868d	0
24.69	5fbe824c2186fdd76e562cc76d9492a78895f202f128ee237f1a3f7b0803dc1b	0
24.70	59a638e7198460bbf651643e868605d7a2321132271d146359fc26efae7226be	0
24.71	8edc64368ffe123fe8100e93fa7f8632f1c9a1dd5a5979bd66cc218710bc80f6	0
24.72	16e25cbfb89ece05babe7ff5029f569354370d52aedac4d04f9b13ddbeb4b4e3	0
24.73	dfea3e78d17b26dd7814363cfa2241f73938fa08e4ee161634254e5dba1d1062	0
24.74	3a458c831c2aabc8c34cda59c78884edfe817422d7b0aed055eb44322d5cafa4	0
24.75	5b05394d8f03c6d015528cb20cd1746b4966414725769dcf99b3ce93a7be0a49	0
24.76	79641d2b1de2580c5da0652aa8a7e908b0f9117ecb810619e77ffc06201e42c5	1
24.77	d253cd9a33d3b6964ac191e200d034387f8120ae9587643fa80ca04f687d6335	0
24.78	63010be2a4ad424c7c8d75d508a919ba3e86f7c1b7f90a99eaf67b40c72031ee	0
24.79	911e5257113567ce3c2555661d60767e1ed1c01f38fddbba2fbd7d2e6ce13d2b	0
24.80	df44663f7c2c8e443ec2a82ac3a7f971bb03887a0f8faaa6c9186fa49e5d7c6f	0
24.81	a497aae430d08d3be92c283bfdf5723f15406057fc73b3f89710aba7002c07fc	0
24.82	cf87b23d0f70cff8f9ce62b411ad616fd9be0b93edeba67c70f647e5a4b848e1	0
24.83	fd277ae7f493b3dbc6c815b0005fe471b0c9d089bbc8ee5451238671d4abc6da	0
24.84	b9872da21945e38ce1fe9d185305556227a6ee4211a13b40dd88fb60489ec106	0
24.85	83c54edff67ddd98aa85283b4a3b422b802eb0cc4d654538174b8afa18d1f867	0
24.86	fb1f265683cf48a9137b9e9725981ad2c2655487941d74f83a64668d5492ac96	0
24.87	d2b7b0c9044d173c507be395ef6980e3eeb2ea2e65057d97453bb03641c48c0d	0
24.88	622fe46ce2c646b841b9c93f3512175ad7b1a5b6cbf64d4f30035c279eda1e21	0
24.89	1939f93117dc1f59ef4c85ddba0e478d6467c9f5e2e6b85bd403a8d47f7460a3	0
24.90	95c3436a994859ce08e360debbcd408887d7f7857c803b35d8eb32e471d3b339	0
24.91	c66fa8000a36d4caf0cc8e16b92ce99720bcbcfaeff1ec717ccc3d81f007f739	0
24.92	6b97f2ed5de8de7bea22b95205abcd7de94dff1e5f29b24167ffeda838827f5a	1
24.93	b429998cd79dd4bd3d7b461741d16fc00297c698285620b5e69fc351c6931c6e	0
24.94	a062a2334c85f0afe955ef22927324edbd7fbfd7b80bf20cfecfafa5a9fae7bf	0
24.95	d9a538dbf51e39d2a049a60e39a457c0e885090b1080a0d7b518cc965633a412	0
24.96	ce7a0bdc2120e15940f6bab2d813f74ea25e83833b075286b3dbd537468d2cb6	1
24.97	fd110fcf2a1b227763f2c74fff5742bd66fd9fcbe948a72165da92112306ef2b	0
24.98	b3cf7e7d9b14d859ba9c2056666a6217f36f0914014c2a051e4273ca4027121b	0
24.99	a707f9909cb80b675b9a72ebbd5141a233f6781f77622e08ba9a22b56cd4f06a	0
24.100	fdabb70743f32ea176910c2ab25e097faa3b9c0b975dec3bbb153a8af8bbf4d8	1
24.101	4680becc45c30ce1d207632f10b85f41f1017167de28af9032235e6aa54f4261	0
24.102	7c496b9cd65d5b5dcfaa6e0a321d8c78689f30b92ba6c16dd1a8efcda55a8196	0
24.103	63f1c97b6728e13005cf3cfd6a9d948a3f1e98474c823478235ddd3aac8885e5	1
24.104	7bfa4dba26d5e1e7281a77353f8973967d0acf699555ba6190ea5ce8e0573e99	1
24.105	96ecc373a0c99940c0be16ac8f98715b82a97e37b6bec1b8bafdcf96bad1cb9e	1
24.106	52a9c76b5af1ac553732a1eb7c7ec642445b0c7335686e431ccef3289651ff8e	1
24.107	48a3eb057116c23a13f2c8861bc74e81180075dba902074defd223e1a4cf3346	0
24.108	5de0adc6222be268137fa1e2b7269c82c393b4bf758f352437e7cbba337a250a	0
24.109	1f699cff773577d0949178d312124862b43dbeb000da8b429623b01d9f1cb25d	0
24.110	de658fc86095c7ae4afb6eff0a58d269b1b74f82b0eb0ac69b2b760a9c900cd0	0
24.111	eaecd14158c749cc57ecde601252b06df67c42a14804f8b13c9203e201ed4512	0
24.112	baad3bbcc6f47b0770e099161cb99411d3d4215c77df9e371e7eab550852d833	0
24.113	606044c7822639c4d5f4bed8fe794672fe08fb9aa131a4fc20c0026448520a07	0
24.114	aef38c045917136f6ee5ec21dd26a10c40694fb1c38c89dbfafcc6c537c43318	0
24.115	f260ed85ae4309f0b6eabe37a342045e44beb842ec0d04d6ea39656f21ca6895	0
24.116	e1472e3645b40f951cb8adaaadaec575ea50d2b3bf9235cf1bc717559ca30196	0
24.117	642567d39a69a073a6c39906a83bc72a383445e85cf48fe64a528e57a1271e57	1
24.118	5d92046b88d67605f13e629d6e2c9abae68778283983a0a5bf55f80cce9fba82	0
24.119	bed0ce63d369198bd3589f5f4e90789cc020b768a9bebe59cb3cc064a6acb2a7	0
24.120	2bda68068d21abace55185f7cf48cefde384cb722ba5aed831bed166a56f6bc7	0
24.121	18e9da789fde95a662767137ae7da81661b60a837eb2181f901995f195085c1e	1
24.122	9ff1b26fbf0617d91a69f432dabbcd12222a02c7f072b70f23e89a23802f9b8e	0
24.123	cd38a74860dc49ea60e9d76f42ea413a2685869c246d910256fcc76d3efe3fdf	0
24.124	d460d7b69b809eeeddc071a999af30a936bc7b450826ff407bcaaf6a15e9e09c	0
24.125	9a0861cc5492ed6c0627f19fb55e46fd280f05e838790abe6202ad3367f58934	0
24.126	7c06947c296ab285fd17abb8d02553170cdd630d7f0a776bba982681209ab870	0
24.127	e832f658977cbd6484f0fa3b4ca0bbfa5f6d1a999b7aa0df9e9dca63d28696ae	0
24.128	98c2cbe1a218b0134dfd45c3ae7132396d6082a3330d494b212c05dc4c935d94	0
24.129	95e8d02b60d99b5710e424487d0286358fc9e750de4fc770258572f76d37348a	0
24.130	6410d3e9e6d4b99997f0f9227b364ec6ea501eddbd442991040cd6393ae4d444	1
24.131	627c1145ac32767c45f2a9c09078907a43822a80db53d0862e0bc4df385f7a13	1
24.132	9bf8e5703bcf39a70bb1efc32be007165d234288cf74546c89905f3993da017a	1
24.133	406210f0340d0026bf0cb72e94c627b40be02dec4882c757d6e5d075064afde5	0
24.134	b4cf3789893befc40202bba845da5d999806e7ff3e2bbcedce0a6ff112563dfd	0
24.135	8207790539c511bd1a0ed28566355a766d6d1a8c051790d205ea6df8bd659a30	0
24.136	fda686bffe4070c7109a01bd846321392f210dc7d61262d452003f89186622c7	1
24.137	a9986592bbbc687109a154e35fc8881f243398fd57644c0a8f18aab0b63fe82b	0
24.138	93b60e8a6f91ee3c57f8fab21e31c33e74b8c415539e1ccfa81640e6b11980ef	1
24.139	5a8e3591669923ccfdf57e54e0cdfe669fb41407fe38a2cba04cecd9d2813800	0
24.140	b95b1a6d2956833af06255cb02e947afa8279d67d1578fc635dea43c8bfa747b	0
24.141	fe054a6ce54973e09dcc9f30fa719622ea1ff6129119a5da2832cf3df34a311c	1
24.142	d45dc1990ec74f3da9798cc8e99836e4a8cb3a552f28ef87b56ebac95b1766ec	0
24.143	4e56031deb06c42e6ddfcd3cf388a473f327a2a0f76d1f4eb5c36a3c2b82df39	0
24.144	9d1f89c1801cda5deb1da011529682bb6c43f563e1af5ad2c92346d2ecb96814	0
24.145	559344ef014b4a20e0769ffac1da19c249f4182227248abe77babdf9a2e08df6	0
24.146	a5465d6949488c647fc33f867748a4517e7b27aa5b98fbce1331c99f03e1deea	0
24.147	f6bc33150e288ce629c31e404d6fc94f791d02bf20baefe5068f2bd6cf4052e7	1
24.148	db1895c5c106c42bc4fee0f3405ae7b5950a81e9ed9e4891d6595bc28607ed02	0
24.149	33c39be37aa9a09827fa199495c9a2d995dafe2db20a2b10b237b97f20247e59	1
24.150	b6bb0a66811d7305ea262ac4756753bbe7657056b2b49c30e503ffd8361d72db	0
24.151	01ede6c19a127926eacd781132a239b551ac697df63aee454f382da06687c6b4	0
24.152	9f899157cc4541dc5f88f039945a3e3942873f01fb1745834be4896fba67b9ed	1
24.153	63a4188ecb21028140346ec0021bfe180e2591f72bc87e3c74c0b17c78d396a9	0
24.154	035c139722e792b004cf007158eb63bb139267e82f0ed2e7d640230a5908b870	0
24.155	8fc6a0abeb6e30fce670fda70ae7f71a6cfce65e5fe59590a3e59a5b39edb30b	0
24.156	f15b6f06c25fc83dce50f9813c4f7d818ba90073c8d3836c3d74486b5811b82c	1
24.157	aa20b5529477142f284cb7d2010ccc77a40e109442bb722b93661f44e89cfa0c	0
24.158	5c004fe84ddd6d5a593aad3546ba52f2b65c3f081a9fc405ea27ba56cf4ab3ea	0
24.159	61ed96911f28f5d0ba1f9e188ec3e0bf3bc490af4d0c0b3923f94bf6db310c88	0
24.160	b83f7121045e7cddb32ba00a17634e06d1938ae993cc69d759bdac0612fb45dc	1
24.161	f7447150c720019aff15ff242cb28dc5f474c8e92176eba766e1c22d61bda3a3	0
24.162	1e4d3c6036870ea84b204a42b021fc36069f7eca4576da27a719c539f13414b7	0
24.163	27d6477d00579824d8bc6695a6c1eae99b324216047cfed5893f040f397b81c5	0
24.164	2e34370a2442ac3f5cd64fe617d8a9f5f61e0c988294cb3561d03c4a994d7c77	0
24.165	328083381f96206baabee6fc9be55662553621161f62702622bff23b4de354e8	0
24.166	fe5bb5bd8d8d95cda36727fbafae0fd4f354a451c163418c41d904e76c24bbd6	0
24.167	99d5aa8fdbc7df1073a411df11dd9100e8f5438b163e4a93ed80539a033c7823	0
24.168	8f51ac9659604467c83f66b788616614675200e228edec3f548a67d75c0e5049	0
24.169	2fec241836c13b8bbf944148d35abd4322fd94f2b9f49d2fa05a7627fd9d9536	0
24.170	cfe3b596c6285b868c5f5e8fbe3ea7780e25ee33e75a02a8537d5c33861845dd	0
24.171	8f8a38ece85e5c83f7e7a2ac95594ff332b4f88ac47ba46fd66288111115b843	0
24.172	41ff996fd1db8ac284f4782dd76eb741a27a1cfa49f420784b4b0c50a579433a	0
24.173	086f8b2b50ad745b2c530546e7693b31c693144e68fc292f6bfb6d918d4b4afa	0
24.174	6ece8571c73cb8ac1b5e004b886cb501efa905a0c0ca493bed3d9242ed2472ef	0
24.175	8f1ef6f827f09e9ac22cd197e14efa67b4e99cce533933fceb7fb7e33a0177eb	0
24.176	c11ea25bac91260507fbc6026e38c5174e34a3c4067b2e5e0fca8f3738d8fcdc	1
24.177	a2d29d194d1ed21fb1dbc3327c2d657a6514dd79c6564cc3fb347a1ae57f201c	0
24.178	d0e9bc765b7bcb45e50d22066a1736ae7805fa2ca774f6c52c6850e20f10aa48	0
24.179	ef4129794ff5aeed13676b1748c990e64f19f6177fc45b14a01ec19ecf2d9e35	1
24.180	bd35e04d9d0c3e5d51cfac2073c8d26e1d3326c101b9de0c9e1b07bb74663301	0
24.181	65e488089a01be3c5497e6f2957e113c1620100d0047ec08930a60225f5b4fc6	0
24.182	441d09a05ebcdbb67a61253b89f7dd81f4a3949c88a06e244e90eaac0468ca06	0
24.183	f9560199dad20feccb937dbac3287bd27089edcd28f9add188969041d1628654	0
24.184	88b8c6e15b8fa9c47fba7680eb9239f1eada2c4030f8fcce1cae83f1ea93532c	0
24.185	d8670ff5e6a043332b259a985498eeb8eae16d96bc10f045a1c4463c0d53ce61	0
24.186	4870fd3d0c31e334d88b50146b5aba85a0ece6c65fb5a7c5759211cb1307b39e	0
24.187	ddb0d678cf815f51d909c54a316035ce56aba3944585f134b0e2a8507109cdda	0
24.188	9e215e072a534618de265bde62678c0d5f3261e5ff97e94b3f6c11b6151e9e01	0
24.189	891b8418b91aa5baf4a746018b21347cbc11626b03a31fbaa7d2b7afbe4c6340	1
24.190	cf3397dff0bd2225e957c79197d6a50c43b606abd05408057bf97bb3f487cc78	0
24.191	045c1745da0348c95a30c64d395a93f0ecbdd1e95312307f4f35669a745758ba	0
24.192	56cce091cfd6f2169bec25df4fa79888d5532730efe43d7af0b491bf794b27f3	0
24.193	e8aeff7aa2cce7d7d917c6a6725d9415c5cfec971823d15eec9b155090aad0b9	1
24.194	938b66ed7251de38bea21617eaaa5746ec098525ffb5235d2ea7d1d929387f28	1
24.195	075ddb139f9548c41404db2621c5c58024b877d6c8a7b07d6c3e26c84de769a1	0
24.196	6181f56db6907311235f95eec50a77f01a7922749b3eae6173b2c3b138fcd468	1
24.197	e78be0f18114a55df469e0a55f59852c1901af5493b7cc6313ae591809ec5bb0	0
24.198	6595323178537f4dbde06aa4401d0aed9f392d71c6745247be6b9859a3639ded	0
24.199	e102358ad901b5e6ba85a46ee7fb7fc1d04f9abdb74e0b45cc44e24b98311faf	0
24.200	b20e4cdb1d0c13217e2bcefd8a3131413a4cc755cd086d50f3b45253998314ff	1
24.201	d5aa71f1c769bdc17df91f68adbe217aaa37cbb3d409689f2ed4bcc5041fe1d5	0
24.202	e828260f9ca184e24c2551f29551a4f862b9489c18c8fb06d10b1dd5bf172297	1
24.203	4969fb3a5b4c6c37caadf66eba6bd753efb69696dfdc620097c9f97441ed3d33	0
24.204	4c0687004c7700ec6bc88c7030e854ebde93c45f6e27973412462c2915fb7063	1
24.205	9e9037fbd23556898918d86ee497ec026aee970348559b81a70fca2fd553e0f5	0
24.206	9fb7f590eb3307aa5fcb1cd5f340f16896e36b1884b2a73d82b8eff28550ee67	0
24.207	add9e7fbf1807c65a4fff7bdc44d8d88161003d05ad5104010ef41ba4ffb6133	1
24.208	111c5c6279bdd629546d7e6084334182eb5a8ed2eaa03316c136ab5ce92c6a3d	0
24.209	99580c8be5a639920a882618945d26636aae90e31179a34edcc80cb54ec01e31	1
24.210	a5bd50898ef9abeee0066fdc02eb9579b7c8f904ddbe108133b558f92a70c539	1
24.211	906dfbd9557e55646db4497c3ea2eee2536d8f9fc2f3bcec6719587ba22b7c03	0
25.0	fadd70d94d9bc1d6480e1c5915a73b031077c8ce16e4fb3cd79415806fad0132	1
25.1	11e2f985293474b7660bd537f35d105d5d733b088101889b80762377a4a6f045	1
25.2	214c23e16e9a14b7eabec3af0a15089fdc218aad0ac6a559ecb751ce9e5e2395	1
25.3	f1783dcea8609b859f11dd46d5ad251b113b228f669796fc912c72059f1d9b78	1
25.4	d32edb0e08fadf1d5ee97b643a3e6d16a2025ecab410827264d02c9cbf7d5008	0
25.5	3f6a8ae9a509f17f920721462c80727d12491c6d52f9cc3856540309ac2efd68	0
25.6	3a60eb70ace160f52638897f6f24fc4b9178a3427998d0b30237926820175605	0
25.7	425b9f079a268616d088eb1d40c7efe8cca9ff37087c3fb4f1433c1ade05dd1b	0
25.8	b371286355cba7751428078e0e67046a2db87358519334eaf4b0a7b549f3c316	1
25.9	17d0bf47a69e9349d3c9767b5ffae2e1295add193e0117c3d5789861c6c7eec0	0
25.10	2e3bd5991c4b3ba7341058e75eefa34585f6b0b41b503d0c4009fbfd64e8b592	0
25.11	86223bd58ebaa68ebfed1dc5b26dec886d90b60a4a6277bf2e1ea6f419f3a078	1
25.12	93da0e5d91aca613812915c8b40157c9462b0bc8052c358b8304a6de1e6afb8e	0
25.13	4356bf67f8bc9c8c17e71df3526b30c5d4136c96e73f8bb8a421b986cd7f8aed	0
25.14	1eba0fb0d490e9f6497f60a64d353120bae8df7950f4e02d6d45d256fda38dc1	0
25.15	c3b705a3943d2dd4e08cecd32b9e37633b2fa501377ccb5e8cc135c720a3239f	1
25.16	e1083938bcad47da19226d99da26d8ec9818426ac16a64facbe7cd38668089fc	1
25.17	d4e7f00a510740ddca12f333066d2023028c7dd834e4ed5b0b30605a94aa97f3	1
25.18	c55a98ac2b6f8b184d1b2f315e762c3239aec37f40f75862022701ff8197476b	1
25.19	8868a6f2cc8068a1fdddf5631059452acb6d5ea61ef3e9f9825f05a695ec4476	0
25.20	2472ddce098ae7aeb7d6a739d61c50c2db89299a9d6be43571733b9bf68e396a	1
25.21	3742361ef91c686b55c8966aca666576cc2c6e2bbbc1531ded2647efce15c5de	1
25.22	75ca1eab2755a9d553cb0d8f4e635299ef809ce1f80f2e3f67300b3c127bdec3	0
25.23	9353f3250a9f7f1b75e22ee90a71f1b4e53df30d7050900356219c7ba0c9acb1	1
25.24	117738b2a9c49338aeca67c19d49f685ffc496c4a6f5d2c79952e03c89323441	0
25.25	07520ea41363c163eea7cac993e9ad81e537542efea010b1bc53bf30a437663d	1
25.26	280c20cd8404e3c55011111efb0b26c3dbe06b11dbcdcded472979a5078454bf	0
25.27	8db15a3ac5df73cf9db437d42d8cf4007319aef1f132be116f1108860574356a	0
25.28	aced85c68c39d452eb14d57d1dd93c781efc28702dd8586ca936c7e5348e9410	1
25.29	c05484044c7e28a89e93e2b74bd236dc4b76f7026b6a9fd908bbc27aaeead072	1
25.30	a4a1f3c44efc7bd66a38676c277408d0a917ec710fef3a847f1e7e78801408a2	0
25.31	60db754be1e28217b705662d92184b42322f068c73d77d7372718b26d38aacb3	0
25.32	b9dcaec7b7bd2870e89a05fb18a77e2eb8924fedf096dc42e95e47f7fd058add	1
25.33	428878d40dad0e8ccb4c0c6d4645a4e013b527d619a8743e5263bd163c46a821	0
25.34	41b2e7ba7c4d6415df503b1cdbf2226a0d7479588e26c856841348f0301740d3	1
25.35	13438886b96f0e42a4641058bfb910509b5f883cf6c38738f65ad4846cd9b2d0	0
25.36	67cd6353ce4c858a82609e3e6470885fbdbc089160137c9e52684d2758bbbfca	1
25.37	71bfcb3b05cf9bfdd8dec85a56b3e0f29e91e0c8f43dd45c4ba50aa16a9d15c5	0
25.38	60f0f7b5855f68e2e12ae9968b3bd3b7c02a85e96914905e45c1bff19067360f	0
25.39	18a8eaff0bc1930b311276bc47568585ce71b6c13b9fef93c701ab3fc1f56b62	0
25.40	53cfe543ea71e915bbd930e16af1762738045a69c88e8a8d32b01c1276717096	0
25.41	ad56cf9487ded1a972b6fdec4851bea91c0b7fb4616d6b6a74935a42c230fa72	0
25.42	ef9735b093779b89167f4b2934107cf05670fa8e97d288b34bbed2b00b913724	1
25.43	423996cf828984add353f3fb9b57b51499cc95380061ea11c7d64374e385b886	0
25.44	569d11345361e7d925b1de8c79a715fdd688cbae3964ec50664680330b30534e	0
25.45	6b1b1f4944a5b36c3b1b4bedcd8b7b814db154c63653e6ca17b0217861b616f1	0
25.46	0de1730b833e781fec015fec91b8455b2d4f74a6b314694ef43bbdf72d8ec619	0
25.47	cec71d24c5bb61f8b935c76a5e3fa4dca1a8d33b68270fecf641756a3523e090	0
25.48	574369aa2f4e18ffbebacbe574603a8aa55710163246ee4b486f161f24bde1e0	0
25.49	79ac192576f3aaec976f8ad56df6ace78df62ef586593875719bcc6bb5eb92b4	1
25.50	6b3c688f375c499a73726692e5ae31fc656199fcffa92a29e049f7961c0a91b9	0
25.51	33ca8c0c84f5b7458cd64da754826e08bf27d61f2c24f7273c107a3668af0777	0
25.52	32f869f350eb7c6d3f9c845fb1a0da25907b4cf40e6aacabe7989ed04ce804c4	0
25.53	23d2681f4cf9d11d1f33097d80dc6010feeac91f15b72020c9c300c6dee8a1a0	0
25.54	49dd00f9e887d660390fcd957e06818240526a33861e6065d8bdcb38e86db170	0
25.55	dc9a75143213462a1c6e48b37f02d1c40892a61618f0efaf9570ea638b9c6ddb	1
25.56	9c91b72f5288e7da5070e3c1601445bc467fcf73d6a8ffffa4733f423270069e	1
25.57	4834c128404b8ef6d214d0e8257cf9efc91a8ba421a6ef66432b9522b2f43606	1
25.58	facf231eabca2f058a91c2f7c18cdc69eb27646f6efb4cda5d2e6cfca7b7e29b	0
25.59	5f045e9e006209c06e6ed181261822358c54d503c3b7a58ff2c12755998886ee	1
25.60	47d74058f053325a29fb12875b8f3817c473d5995c3b2caf71c6cca18a144e60	0
25.61	5166ee592ecd4f0ad1e9f4da343dcf0abd1218ee9d4a71c18e129b38e84315da	1
25.62	b1d94b45ab99921b6933bbb4b5e1d44e9dbb48176d311010e84df99b4a16e7ac	0
25.63	f936efca12ad887f2a08304155a454ba9122969971b974c5dd520233f199d34c	0
25.64	f7bb7c0ad66735f0c34f9ed5b7ea1ce6e3f5fe6c26f751fe7d4e41b0f7d582c6	0
25.65	aa49fc479bb4f38786343d44bcc83b74d043736980ee828eaa110098779e9489	0
25.66	062fa42530c0c02ecf27880e5337e9ef32f1839c1b0335e75df89decc1d58fca	0
25.67	34169b9bc03646aafcc5bde197291a140c1c9ec89b493816cc1669a450af1a83	0
25.68	0bab8307051462ccd64360eafbe0ce62fee34b9f6806206d2c331eb8fbe35fa7	0
25.69	806169f3bfbd86b1143574a4893ce2abffb0c5cc134e82bbf90e19868c5e24f3	0
25.70	175ac62a10efeda4db243a9eb118a2aed2d3dd1a180246857f87295eb862c105	0
25.71	f10ede8a417b509ff65865748300b655056ff1fff9b2ece734cc880cdb7433df	0
25.72	8fb4cc08a1453229579bde1fe8e6ef8e57766c8630a1cf3085a0e80c41ec11bb	1
25.73	0e276c9822b0dc36629c2234a42c04c8fd63ad9c21b71278179d6b11b8dce8ac	0
25.74	124d1298f7b234f7218ee25629c4abae9833fcf69c342aacc4c69f99f9b6ee93	0
25.75	459c58b3dfdde8c6117db6f2f3993205a2b5a6780f7ef47cb39e87e2e7bbfd9d	1
25.76	32ebf39db4ca088819c4303550144fba311f7b561d4e5bcee042b13899f84d87	0
25.77	5d1d2936a709053204d3a1a47d7656540d5e511b1bb0526b8df61c3cb7813569	0
25.78	3c360329f06dc5323eaa53a5c0031ea087f6c7c63ca95dc8655b37ce9e20381c	1
25.79	127812bd2ff332e88bdc8a23fb0e999ec3b06b18bd7c2c5c7c9c2bbc0db1bed3	0
25.80	e548b2b52e54d0adac9852c0576b7abb8deb9903bd33616e5a90f77be77e4568	0
25.81	6386a8682fd53cf498a3ed6ed780cca9737955eb3697dc82e50c174d2be116d3	1
25.82	aa36385a98bd23c771b64ce710f8b955d46ea0fd5629e2a3e582495ddb2d9cd8	0
25.83	96093eaab382a7cb88668a7c7e1604d8ac8fb547f3e2bbc7596b22890d1cb49e	0
25.84	fea7666e019382f25352361d51cfc18ff6043eb74dcaac15391878f0b29f5805	0
25.85	360c1e655628c794ed507b379dbd27b46a5c502d5fc75bfcd6783e93a3ca14b1	0
25.86	2badd71257098f59896046cb1739eab8eac38300902c6048eddb73d7d0aefc7d	0
25.87	5ea884cb17447a7038e4d9a7d014741b40d90e71f0b3cf197153866759f7a4e7	0
25.88	763be09eeef4982e236682c5df67344cc8246add970429bc1f5bcb11438468e4	0
25.89	405e9c2e69c4e45c5876cc05f29cbfd874d1742de52fe5971db3f82f2cc8fb4f	0
25.90	46062351d20ff16be085bbd81872672d5ee3a420bfa688a8b12bb154a2bf1530	0
25.91	1bfd6af723974addc7dd87e5d78311de580ec0d29212a897b2052779a755a77b	0
25.92	e6d7ca6faa7260a694efb1d63ae0376df7079d6dac32759890bce5e48455784a	1
25.93	99410d810f2b0da1cb3f7cea568483fa707fac2e2b09597b58f10dd7a252fef6	0
25.94	438b53f86e7c9d92603e563e23fe6d4341822e6c634503b306957354acd60ad0	0
25.95	96b835f38ac3eb301bce3da4d691dda39b1d4ad885a89cd9778f333d66636906	0
25.96	35d95474e681f3126a6763ddaf5e4e3343b28d2cfcd0176c403f0daeef2f93ee	0
25.97	ada598c50c0f416afe103cdc049216699281d7ac733cd8163301a16c02be397b	0
25.98	ca0fdf7e11d16bf29cfb9aa4775058ab09e4312179e9ffd7d8fa1cde4f83afe6	0
25.99	5a781521bacb486235aa627de895d0ff99a451c466f4685811389bb27b680033	1
25.100	8ebd9ca8a4761aceb4ee989a9e4e6f7ba6f95ba1f064b9a3de92e6b5a4d2b655	1
25.101	2eb0fec50554b88a09774c6971fedb31add96d0996843f3968c92adb053ab686	1
25.102	49b22a1c84aa208b6fc17d3ef246c55330dad264e0b27872464ed43848582560	0
26.0	8adef95e07528eeb60755eac361403603777cdb5ade1fefbce8101a75ada8adc	0
26.1	409bbcb5bd500cb6fa7ca9d4e57ee2f32a0896d8ea4129aa0594e5783a717bd7	0
26.2	828abcb29094761e584c0fdd9da8bbe991ce01f976b2962e75b8c41a47ee7177	0
26.3	e301c0ccd2f8fbd12338acf6238a7861f28f30e30a5b67a32967f8d194b1e7c9	0
26.4	54c2d8de10945aa3c55ed4980f644ac463a96c83ee750b741a183ffbb9e42033	0
26.5	5034070d40daf20e72a951f1202ebec7262ef4e8afcaddf4c69c35990b4b344f	0
26.6	d4104f2789631615f77f32c61276c7e8df9802d6efb77621a7313df672f2932c	0
26.7	75f3fea4f080b92190a039ac9e25e6d626b917a1a19a755ea494445d4238960b	0
26.8	c855d010e709e3722aa36029ef1e3aef5f2345d2b58563ee82e68ef7761daf3b	0
26.9	c9e003a4002e8509b2ece094993e510272ac94b894a2c2053443e631298aef88	0
26.10	a126c24582a1b6a33d3ad316cb1ceacbbe7a844ae89f9dd7d18fb132c0602903	0
26.11	6c5bec42e786627619c4702d4dec4cd8bc9a40ee048e2f64ee5767448c25e26a	0
26.12	229a9a05dc09a3a7bd55559e62d71c3e65b283492dc197c0954a8a1eaaa14e9c	1
26.13	8145c8b8efc648427875e5d0e01ffb15292ae92b2ab467ffa8aaff22b6521a41	0
26.14	bf8f7ffd08b29703796d82ea2f2a1871fb99f8e6662fea4d056331625ecffdeb	0
26.15	0311fecadd3bbc6b4ada6656902a4317606ab6ab5ca88ec2d7657d6de4619084	0
26.16	d944817642444aa87abd7ad807a5396c7591d07ee27028aa67212831d9ed8d16	0
26.17	76a110d0034e9e3a41946a6161ea3c72350ad580e7d0dc37ac81575d2c9dbaf8	0
26.18	ea904c4b2a7523e42adaaa497bf92af155baf2ab79c384916715c288e0e1e76b	0
26.19	18315bc2b248f00eb0c8ebf7a302e73240292f54cfb4850cb28876c022fa716f	0
26.20	48006af0c90b234bc91a3a8689edbc11b63b8bd24f5a5c309aedbeff42a79415	0
26.21	ee6cc20ecdb5844718e0e9fba09d8376b4f983614677bd01e468b7c439eb12c7	1
26.22	47018a7af2aa8d768fccdd5a2630dc688de835db789cbdc9cdf403968e29c9c4	0
26.23	17ef2f83a817662265eb51404565d8fce24a6c5448a9b7ae65935815618835ab	1
26.24	63e5c6840fea7a2544d4b50036e3eba0ba6ec10945d8cf5d63b3b8dc89ae79bd	1
26.25	1623753bf57ad1b27a7f95820514e7b7b62294c94e89b55270cbd946c42023e9	1
26.26	eaadf4223dc9a6bc1508050ddac46c37af0cdba5e837455f0d0eb977635fd335	0
26.27	a2a267fad138379d9f58d0d71e2ff8312b1e8566602cbc7c84948e6b15441e95	1
26.28	d998e3cc8a1d6bfcf4706f919c32cb62f1e37011dee4d8567a7975ecb5c84514	0
26.29	ca8897d3d272d59324f759420cd7b252445cc2e1c0d20003bb3502522bfc72a7	0
26.30	c02b45168d0bfd8bf4234845f30ef83900ae21af9e6791671229e44eb50fbc9d	0
26.31	ee48364b0dcbd1605d5b67fbafa0826652e08189864795d59b97a43cb91d6d82	1
26.32	f57fb7666a484ac323bd8c3f4291b46a33844706bd74ae4e31d78e524ecf6fba	0
26.33	930e85acb5b0ab67cc3ac4eb76e89ab8b0ebfe1e3d2e77bebc7f9d9e1a903196	0
26.34	cf1d622b7113f93c3d9426b78828dd4a318f6185c78d98e77a1aa5962f64357e	1
26.35	710b576075181738ea3f224294b7ebededcd69a648d5e430ce01cf1d002a593b	1
26.36	79987b1525507386c6fe617f22610726e76999cc126e76e1a3b300243f0f4e5c	0
26.37	baf381850a3b9c1c0028f4a2863316e9a042a175b31e0d613d5bfaf2f825fa18	0
26.38	6d0d9c68d8e220d3fda3f5419a3a508c22f365844232190629f185d3d8f983a4	1
26.39	a3ac290a3ab96fd0b4dc27d5018f0062f3105648c57447f919a5471c6d3bd6a2	0
26.40	985bb4c91b36775fe4829f96e7cb06aaff591b93f54bb73c4302b1a5ffa98a86	0
26.41	f67a8ab220d9adacca410ed4a932a037a39f8e7a48d894e3953dc700fa05e125	0
26.42	6cf60a4c6dba5298ec0c3c34e47e04b2a39f2a564403d84f0ffdfc226e9a260f	0
26.43	86c089f2ae9f800751aeab70d611d8eac3737997266a7baadacbb40d18aad9ca	1
26.44	3cd1ff166c4f11ce419ef33d18820a24273c4fb9266ac76321f7b9f66d59f5fd	1
26.45	a35ff677a49069ce2fba26a49b5b828ff2a5075a229ab1bd20c577851641a991	0
26.46	03c29bad271c61498a61761903b60a8af95b78cbc3a7090516216f77b29b5434	1
26.47	c48aaf2d8e0d436b00acda571d78b537ef2cd841abf830558286505b8093c090	0
26.48	0ef7c44314c955b62cd8c3398ac164f0eb4ea80ef207dc7669b163645cf0d3fa	0
26.49	ee35b5c487d1011135ef502ca6bb52fa8d1ad4af8bf6a1501a8bbc8d82dc1ee6	0
26.50	6caf2dbe5cd9050ff4ab19f4984ffb777cb8ef46fcfbdee67ff3f8247fd5e9f3	0
26.51	99d677a21f2377d4fc2a113d5d7173d5d3d63b310d1242c3fbf40f57e1ef4d9c	0
26.52	d49b59d8cb2c142e8f745b0c7b755a0364127248258a11da9e213dc97b7b7676	1
26.53	6982de05e71df9a0c3bcb0a54b910d52879bbe12cca0855ddf7ca10ad49a72cd	0
26.54	6aa448933c397a5dd0141b7d6333676f47f5a230ecbdf035ff3333a37d532373	0
26.55	65533e03d12887794df0176327b3a817d78cd7d8da30cb84dc1f460ad5ee7c66	0
26.56	9cddfcf6757a6bd03509bf1b251277abcf67c8e97d44d49df158aa7cde9b6708	0
26.57	241ea40fa53cb5f3425b60da4a9089b69f590f6c0577654dd0d0a8ab32cf4cfa	0
26.58	07f6c263e444d1aa7e8a6cd6f46eccbce0e3112a5670c789b9134b5ce72fb377	0
26.59	4d6eff694e745bab8ad3c0fb3ceb92ec8be49f9ce632af57a0cedabd644c8099	1
26.60	3b24a5d3ebe40e0c3b9e80073b787924577b16f72d64f9b91f97cf5f3804db0a	1
26.61	fac7577a07d059e1cdc2257972f13607e6be46d9c6c876da9285d13923de41de	0
26.62	61cb75e11f011a13aac2d959ca80358d0c5c36a97aa75df3c05db96cf060d8c2	1
26.63	6a0b21db627f902fa45fbbffaa9fafd68a0469d7bfdb220a01a6c1bd2937c24d	0
26.64	f69dc4cdc598d1c62dfcf628fa762008364657d9baf9d72da719682c099872e6	1
26.65	03cad4f1195dff5e0c2cc6f0fde04098e32174b38a46d6508d94747b8d5c2b90	0
26.66	199b8ed21a935fecad580ff943a58bc7d877403ec7a89b7028a26a4889086e4c	1
26.67	73f298272a0418fa51394544c5cd77e9060dae49a40d9230e2a07fb740f67082	1
26.68	48aafb4232500d9e37dfae2acdeab8762ed8a8b83b680cd312462bfaf547b7ca	1
26.69	30bd1ab52376290eccabe4304218853c11b780032f492b22e292cac228d8f948	0
26.70	18b742acbfe6db24752ce1c2c09f4dae9b2b41f924dd13bb125ed296e65ef23c	1
26.71	829c0460aa82a2284f0ed319e99597f46de16c7325e05bb1f24339c4e2501c94	0
26.72	4a69655cb8743e23bb6c4a8c4568dbb0cea1b2d2fa1819cccd0a237dae102f9e	0
26.73	82bde5607857e1db38e9928cbee9977a566b4ed44bbe628692aead7d3c51db9b	1
26.74	923c2c0d0f7b6f0a7a10c165b5d8b855e4d921255aca54b68e6077305af462ad	0
26.75	28ddd48189a3a5d77a109a4fdb4a03e1957be69fab8157cc1b03883f68141ede	0
26.76	3809deb73f815fe48002590c722e32d9d64baf6e4d909074baabd239f4a61ea9	0
26.77	3544814d8acc97755385fc21e4560dbc155a71a3cb277fd94170f93e8f307694	0
26.78	2504c87af0746a7d171bbf30acafc765a821a58f4b28040f8e22b1f0ac799c69	0
26.79	12c39d2d8ff03aed2a9e23b94224424787ad8526fb4a365d071f74ee6811800d	0
26.80	23c4b8a7bcc6dfb119fc9fecfe315c97943c8889613c9a18300b1ea849c028c4	0
26.81	c57c3858761127670436820cef6c526539eb70284bba0c2dccfdf2edb704dd26	0
26.82	f7e7abb1ece66e5f0f37a117a3dbb4e093017bd83286aa49389abd7763764d7f	0
26.83	b8ad48c4c0747ba6e410851de0182d559e5bcbe20f12d8c11be21c1747097033	0
26.84	d0238f04219b9aee44cb82c4c2d4df628393cff770ce4d9d594052e281c7868f	0
26.85	b5f53741544dae4877c0bf40bff3deb449aaa4d76a87716b86fc33cd71b7c9b8	0
26.86	ab363ddebb468a7030943f1abbb1a6f40aeae8ab5db970a87078cf69b0980d5f	0
26.87	01cbba226fec2269ca0371c5002a183085680cb688e9f0ae62736b8d957b1248	1
26.88	663e32774e11fc9682439ece45862a8f7125792dd9848dab746cb2b8967c3cf2	0
26.89	b0262379601f3c3fd1d87a232c98c52274f4f8bbafaa9a13df57bb1dfc354902	0
26.90	75f3986c67be9ef0ee9d93dce0410046ea79af86a238ab65246bf6b86662ed5c	0
26.91	4da097ffd595b4db2c4c209bc00df881aa0c986db5b06625747272a559a347d4	0
26.92	4d8163d6b71394e151e2c77bba20e707334b96e1654de25a7f65f56e4f0fdad0	0
26.93	d742b90aac709ed6bb4e7ebd521e5cf99db77ca4e2dd5918283d4c544b3734ae	0
26.94	bb364f3675f36780314e800fb126943a13b06de6356dca3375fec221437a9eff	0
26.95	9061b63949bcfe7dbdaae66d9908c473cf604c8be8934bd8661ba181f3f48fc0	0
26.96	7fe0c3cef0043d81556cbfa78730228d4b21d7fde000e76ef02aaf1116eebe92	0
26.97	dc0265034a72c2692162b5bdb29c6d5feeb90e5bb435381b8f490261421e4ee8	1
26.98	417adbd675a2f03b4e7d3d3bb0ba075921c7190c4348ec29b877eb302d8dd66e	0
26.99	86658528296a865436f72d26c7cdb70cf6b88d7c92bcb05680dab881575625fb	0
26.100	49f40684953ab290a499e697e0dace806bbaaa930101d3b9cc94c9297e0bd7d9	0
26.101	ad0e267a011ff5f1b4a316f93bfb629b2e410c86cca6c9c06368c049dd298348	0
26.102	6f4ba2f0c74d7cf33a7af81f0a9ff6ce5118ac07f7d0ce4303d07c9ae67ca995	0
26.103	42f85132e5bc0bbae5575edd3fa6e9791f82f3793fc64cca5e03f930300e8afc	0
26.104	1aea92a8e1e34bc5f7cbd0c3616c9a15c854d94b9d391d3208e1351a496c1d92	1
26.105	46d17864254da8e721c6d7de8c87b06d714d2196b93ae382fc553fe520f2448a	1
27.0	2e64b95be5486869be8d378d2a8efd8f92122cc9f50e2bacbce07f57ce7a9524	1
27.1	c732ddd7b2285d8c3f44fdd6bf97db8594cb42a8d06de437794aef160f763a44	1
27.2	5097d3cd3c90430dcd4675762864d8a4a93cc4b07127cba3b7908230c763e1ba	1
27.3	ef01815ec1258679c08785a029de873aa27ae5db4212fd47f8acacdd4efb02b1	0
27.4	b2e0ae73ffc084ea013f57fd107bb3323c21a3ba6b7eec23bff9e445d342a398	1
27.5	892d5d004183c9af59d3ab9b712015884998c8d10df9ddc736c057a081d6ba2d	1
27.6	59eab112a812cf05a665f84013ab21a3223fcc43cacae521cfdcbc578f79c8b6	0
27.7	dd3f96f4df398a4c9daa81e72466488f1f2869074448594b3189293a2d150006	1
27.8	70bf0c9623fc385bf1721e6896217adbd55b190a891258fec4154009bbff7cfa	0
27.9	e6999b417e1c953d849bc1e198a0b7259a358d5c7194202b138a7b202903159b	0
27.10	00121e26e156b30c73270048eb68efe55f4b082edc8def94189409d16df73e5e	1
27.11	64e7fe685999aa0b50d0cc23173d0b71b9d0b472680a0964b60147217e76e804	0
27.12	faca16481f2d877ff3ade187169cb4a092ae15f1ea285a9d03d8d1c064bcd572	1
27.13	828a186ea1ef8e35bc94ca18eda440694b5afd91e35a3bccb08fd7e1b7ba57aa	0
27.14	44b6f1b90e609e248dc5de97df74233c4fe4ed4f62ddad7980211c182134cba4	1
27.15	ff53e9d48e0bc4f7073ddef83668f916c877b2570e6021046af6c1c5cc871b7a	0
27.16	ad9622ea5a6377040b34964640712cca621766d716cfb3f342fd2b5e6d817373	1
27.17	b4cf8e7f9c911a8fdcc897be983b83ee54657dbbcb49687b3a5c98ff646b1599	1
27.18	4ba8d31101a67b5c334eec403f2dd4d31f5ba531bddd73c5ba77b67fc50cc7a9	1
27.19	aef03306ec3f599f6e4b789c6af4b3951cd8afdff5edb064d6b5617fa78177a8	1
27.20	e5018e14643fbbfe88b03cb835e193d0a2171736de6836e847456c59d7db38d9	0
27.21	add3f2b0aa6b3e2df3e477331078e881a5e48c2710b39910443df9573f43d401	1
27.22	b9cc1cb51105f9c946540588dbafcb58bfa1cdb36689ac3b073e33e6975d1104	0
27.23	c2656a4df6b935ec2cfee7c20c10e1f97eb7020b7771c4d491986b35e01f383a	1
27.24	134e1b87421ac67a5c8712882196e5e0378bcd2d9ae156a9eea306b0a344b085	1
27.25	c0a6040c2db494d312b4ba83b339c8fb01111a08e8a7ce1d23ad16bf6d1d0113	1
27.26	a2fc8b5d673f067ee2177044d6d7a1c885549a679261273fd34bcca7bd03ebbb	0
27.27	af25ae51a7f6b90139c9441781dbf63ad8bb8f3ae8781b0ec128230f8bb8ac08	0
27.28	8bcd88cf0e28c5eaf20de5190d76c4f8e3555177e872af155a08a5d5bc550561	0
27.29	dd53abcdbee1e8f4fcb4c7d7fa65e5d27c004f37d69a3bd2f57dee1e1c883ca8	0
27.30	0cab2f55ba0b75c01d4ce1d099d94c4c95c6367b78d1cff679792894bd7252bf	1
27.31	5f1fc7feb9456d892305860e2db2bdfba74e10bfda2e0a699823df448e35b1fb	1
27.32	3a5bfa82358a5fedb7132b7d7f18123c54b814140f32ad67ff0a041f2bcb0fe2	1
27.33	03f95866930beb689185386b43066778b3cabb75376a804ec3a7d10ad0415af0	1
27.34	68a5b43ae121168a2dc8915ccd944509312e580fb1fb0485687431ce8b14828e	0
27.35	39d8fe51816f0a746cd1ff5fa0310acf0a281d447d8d66f9998796bfee194ef5	1
27.36	0f19dec1f5056f6dd4426058bccc6f72a687ab719327d705f126e86d4e937489	1
27.37	df8ff77c4bb2cca3172c0b64ba62f45798bc46d0a23c7a8e07eb54dc2084b63d	0
27.38	085f2bcb8fda1e71ea7db424b9dd747540f5e8e45cee19e28a8b0b60ca584b1e	1
27.39	d47e3c3823dd484a47dc89506c0eb2dee548de3e608076b913e111eac1318405	0
27.40	2ce5aa6e9218d815ad0f85c0578f020f727d1665683a07e4f46bbc2acde965af	0
27.41	8da1c2af8ed9079fab9ff6c475a0d718649cfe4be0ea540f712e94de32ff1e56	1
27.42	53ec3895eef6ab72ff48b2cdc6a0cbc031e10e36199e8d259ac139f5b8b4c655	0
27.43	d6f091d996341b8ea71c58a8b7603ecb1f3e31a780fa962431532993fdcfe8bf	1
27.44	066944e12cf0df1dd47983aef03b097c84d66710297b89b70e2e0ff36cfb030b	1
27.45	9ae862aa55b51061bb5492de17c19469b7fb98e6260111c7a0d8dc5e52fe16e3	1
27.46	39320b4786b807770e6a08ecd061ca3d55f2f6f626d6cdf3867b12ecea83195a	0
27.47	1d7f0e0c28ea55b58d16e0f401e222a1c37d79d7a8edb62d028f57366cf130ad	0
27.48	361b81c36e238bc632679835c4c200baed5ec3bce69da2fea593f481433d3fcd	1
27.49	c9c740605336962637b6e8f7e9c4dd15bc2fdfcb9514c1901cb537de706e754b	0
27.50	0baac3e2b24c346ec33e9e692569365662637b9f10ca15021a10489502cbc3a2	1
27.51	f97cc866dbe3bc21dc98d2a760c21faf18bc601c47414512552fd6b098e644bd	0
27.52	c1ee64cc0c8983325033f4e65daca62b3fc5dea5f16cc2a10d8a63ce340d341f	1
27.53	71bb4d378d5692a8cc671c6d1ac4ecaa1464310b72c753e06dd33b39f5401459	0
27.54	ff714c16e626cce191c8d21e00cacf1357c63e798d783dc6332bb653a031bdb4	0
27.55	07c713a38a95f97b0a8601b136b630f28a3d53bbe567ad4de504d3faf39be6ca	1
27.56	9acba3f55e4863e6b2ad2929ce128e33abe8e7b3428c30ab53ee5589561c62ec	1
27.57	e4645d680c847512ea453b3bec50048a8f25bad2e007816b841f3ebaf636433f	0
27.58	3b1b3371c238807206bf3b9de3e67136e39d1407dd2cef957a7a3a34dedd8e80	0
27.59	98326c736669b57670bc3a5d4f416be1eaca5c345a60ce4c8a6e5996aafc2017	0
27.60	70a7ab38b205b5c4d02d0e75749e7e5f86ebeeab2e3b65ede206041919a009f4	0
27.61	5cc625c0dd24a02ef579619c36d84f94b63e8fce6906cbed2eaf646de76b674d	0
27.62	1c0b460e76ec37da7a251fe30816ccbd6be659e7d2865a0c640d126d81f859e1	0
27.63	2b6be2b23b674477242d8800691d5d643d36fae07329f4d6f9697053886d61ff	0
27.64	9434b839ccb0beea9af39cb54134bd60d8b1dfd417932156e98a6646f41f3e74	0
27.65	f66c4335ec65dfb392f487441c5ee56544d58b4782900e4561bc224ce6e7cb80	1
27.66	4f64a0df70c2ef88aac413073a26cbcb3955d58c7b9257190eecd8242dc82ecf	0
27.67	a8ed08c9e850a5bf379e2d6a8fe59419b816ce16121b4c2757f2f5ba228787e7	0
27.68	ead84de3f8e9200320751e40e91b8561cf73a5e0fe735e9dfa08d3434747af82	0
27.69	d8dc2551e75c11eb8122bab39b0b9fda50f7ed0f3fbc5a509fa2c0b4673cc3e1	1
27.70	d715b2bc48b56f081a94e7fa1014e8233a033653346880ef5bf02dc0523034a7	0
27.71	2147ac32960559567bb45744d19ca492671c719a1a8f27d4299427a60040ba47	0
27.72	751f3df8b1204b2bf8d73c7906abb493d7f321f7b2a19b4d3b937fe2d4914fd7	1
27.73	9606bd9da73fc50dbe2806ef2fb9539df2e5965ef0e60fd18ea6d62720d9c388	1
27.74	4fb26b2d9d888b208c7eb73552d671c0bf3c1dfa2d542fb0ec0d7b9b922e0157	0
27.75	e198753893bd7ad8a9d64e2e004eabd23bf7374276a7201ef78debfaeeca455f	0
27.76	4ceff208b3593f6b7d9d125c37b6cf23aa7ee0a69fa6340463c150c6228cbe7a	0
27.77	eb805758645dbad044b5be54e28a5b40c5388fa6ab0c5dfd8479d4df2aa25181	0
27.78	d8c8bfc315e33c2179e81ac65e7f514f67a42d2c6832494741e8350c180cf030	0
27.79	afc7a7c7c882588cf17c9e07455323f2417839378686289de6269ddd39c2a231	1
27.80	1b3cae8a266d69c63f604443a0662b1843eae14ed545051dd216dd46c765e22f	1
27.81	6d94c341ac00baa90a8a6f236247c98ef34acb96f98dbba4cf21bc01a028d939	0
27.82	a92d09a5150a6fb7841382e98d43178bdfcb531a30413084c0ae3e5b94fb32e1	0
27.83	3d38c739f751a69b7fbe9eec49eae25d0f5ef8c0cf478c61b3a0931ee7337e1e	0
27.84	6ad0a9b9a615b5db18082a6441f1f183c7e05ed0c474eceafdc219f330d5cca6	0
27.85	e2daa813df8a6f16941fa3e76ab41b872f05ead8004acd7de2dc8633e6b98119	1
27.86	1977922858ebe3da386bbed31076c96147724817463409b552cb1f06e91fdb2a	0
27.87	b5acb335dbad8fc611e2ed50d933d87dd10c0d329ecac44b5a451238a04e647b	1
27.88	551b354550d532cb0e00842d2ad366ba73a29ade259aa146e00ab6db6fa601d8	0
27.89	58aa89aa26acb1a1f5c9e7d9ac6e02e74baa0958824292bf2109bcb47d295990	0
27.90	e79c01f088adc4b7b1cc4ad0ad6361666fa05244a5410d0edbfa3ea1f0c8c18b	1
27.91	989f7fcddf2247a2f7597ab103c6bb66771fb0aefa74cd42bab85494f2f6167d	0
28.0	044463ae52e2c3da631204970f22a7f8d8796da5c1d2bfdf3d550eaa058d4dba	0
28.1	d0108012beefa1e18e1a5c0251974dca77c6df04e1b3e51506b3efc56094e2a8	1
28.2	80446fe688b842022b4afc6c824e3066e508ede75dbda1dbdfaed93f65a9a685	0
28.3	8ee873e2bbbf79ddedec69b3385098653a015ecd2776b495cd85d38081ea8e7d	0
28.4	92b474fc1fb9913b806561f14128a03bf1b6a5dad9c6041e24fe068124dc86a6	0
28.5	0a1e07eb8d30ef411e3012e21ac748bd82c2e43dfe464ea1c2320c8df175a0aa	1
28.6	e61473ec9108a03630191faf7dc048f1270b853468157b93aa46e97ff71321b6	0
28.7	a7690fd01f7c522508ca7c7000a17d7b703048ffecdb1ffda0f07c9c5e3d32fb	0
28.8	0226e95d1809a476c7cc4176b554af68ffbdee7fdddad9babee664772b8dbd09	1
28.9	a5d83c4163fef6ad4f82ac26cce9205eb4b6a2494b8ac8579bb5754c9f2c6801	0
28.10	3414753e631787c4aedc3d84ba943d147fb94ef4f30fa1048ccc5ac90188e5a0	1
28.11	d704f27b7e690879ebf5ef07741d828171fb4ae4f21c6bc536612987482ea4f6	1
28.12	d26313fcded2daf8cfbdedfec6e2efc38fa3644d2539613f289f3ab464302529	0
28.13	60391db887a5c050fb86f8a22c5a57cb8786ad167ade8ad467d69409e070349a	0
28.14	6b500c26ed9c3d5386e0d6d6e8a355f620db18d32311b0dac5b7f1ed95cc769a	0
28.15	acc175fb1cb06dab6e3b8a1345050c0e8661d2d859ef974d1595865484162811	0
28.16	160392485fc336638d534e6882602a0e5de4fbf28af93e0e984a1bda7ebcc82f	1
28.17	d1ed7817853d08dc9c598f63f4f4470edf6521b9f767b8aee18a34a13ae0108e	0
28.18	96aac9d7fe776f41788051fc541055962099d34de2ab0d265b648d5d91e1bd88	0
28.19	fe884fadb215379ea3a81c90be2daf80df1fa465ac5fff265cc5c28457416e16	0
28.20	e0f228ab2f15151f68cb7c6baa68c82fd616354a06773c514168de8746c7dcee	0
28.21	011721a1f88ff9ff82eddc22974415485527a6453a8f9f008ea0cb812c48b3f5	0
28.22	64739d73d378bc183741044329e0831aa473804de6f263735a984e472e73689c	0
28.23	bb1010c4fe3b6289e109703d1593e924bfaecfb45c79601a581bd1f5581e3da4	0
28.24	ccb4560361828e87854f6b4f329e1678b3ba753b618735cd9353b1f469f962f5	0
28.25	121c5b1dc715d732d1e345c93a9a71798263415944e255b85b5a135f804ffab0	0
28.26	1b41a6ecd4ff96ac5f7993981f227155c9c5c0f42b0a087aa6b117688329ec2f	0
28.27	06b05d97a60737b2a2a72d5e54a375f279a1cd8f8f125a94fb5df44a6a4e4597	1
28.28	7fd5d47e28e00085fa57e8eedd504cb3ea23d0aecbcf3e9cc37da080cee79df8	1
28.29	d17d6b98ad6fd0e834bb80a226a29671f6a34c89df0bab596358a0bd8e88750c	1
28.30	78a782fb4ccf8e7476c755f52eb79837ba11856f3faa2e3f9f4d889d736d5af7	0
28.31	a946cab60307b9076fc0747ebb84ac5fbfb082f89a7da1ca273a1bbf1a16014f	0
28.32	8a5434e14fe79e815262aa9ac552c1fbb53871c21785c10ab1bf1f60dbfd3566	0
28.33	460410658437c71a853a7e6a40e35ae647c5fc8f701b757c09f87b9460ffcfb7	1
28.34	2f6816517a541d9e80e0b15bfc8dd6d71738666a06935b6d609f1be0f2f1db73	1
28.35	a6354adc06824389f7f6b31462f138979db95ac76484e62586fa95d5d72b7cdc	1
28.36	7f6325f077e50159fb3f18ec73b88567e8e0a170457bac65b975d38c38a6ad4b	1
28.37	01409ab618eff358c8c74b41c6c70750a6c6963300d3e578671df8c182fff3a2	0
28.38	ac978dff167b8c836c312cd933eec39930e47b7b91be9274310df52032a45db0	1
28.39	4bf7487353eb99bd05b2fb046fcb33a2879f742f3ce51f50c1b254dd1ddd694b	0
29.0	d8e9c828d7ddd32856c6e1d4af046a7ead0a9e63c5b676e8034f555294534e14	0
29.1	fd811dcddda3a9b57247e8a225600a6508fca0b416a9c365b90db2b8ef006c12	0
29.2	6f85ba04c395c4007df5523f1ba30b5a159c7a16a1d41de830d7229821415847	0
29.3	b2af62a3a580f63e2f9eca267105a252563d6c9964752964ac66d2d05aa29f99	1
29.4	a5a9d7bc0f253c70aa24b9e7fe68fe57d330a696410c30b0ff8d68db6ed968f3	0
29.5	7d20ec516ca28c8c5dc8f4e99cd0e87cc3dd1ed2eb707374ad273f57bfebe3a4	0
29.6	712529baa27e6efeea9cc4b38820bab613ca9f746ad1c7244c8eaf7c2559eafb	0
29.7	e3262eb67dae6cff0eee1334f6454837fe7db78f98876df47599d149cdc147d2	0
29.8	82e2083237c59d3ccb006db01c5c756848e4bcb164946836df59d05946380a4a	1
29.9	de6a58482d6e7bc6d61a57ac703f6c04f7f3e9afa65904d9b879de848a8c7674	0
29.10	c57dc6489d7c7c326f5e48fe0661f0cca31c2066eb283a708be0c34051ccf194	0
29.11	0bb2a3d5999422e5357b8d581fb3797802b91b2694802fcb12791ed762482435	0
29.12	4c2e30e9ec65a0791309f9151bafca589673075fd97b7caaef72e44cc61cada0	0
29.13	b831be17ee41a12f6a4d678b5fed6fec75bda0e4990ab2f4755d68d32d1c8cf0	0
29.14	e5aec7e0bef2564be6066cc7148e51b084eb3e566ecb39d1f6b96077d041c0ad	0
29.15	c71c8de8ea9df5f09d1780e144abda5d1d445bd910c51c248891e2c791fd11a6	1
29.16	2002c456cc1e72eee498ba107cc9a2364fb3bfd96402852224ccf4ac7cdd515e	0
29.17	1a721cb589fff5a26b6f48b56a14a92871b66de2f456a586cd99e5db4c8a55ae	0
29.18	7ec20868bcfd7be1c0816011502e6367fff8807f88dcea5a188d08463854d548	0
29.19	2f2eb00aba6fca528c1e3e0d3537d9e0d260000245433d71a498e5a0d5018309	0
29.20	2841690080126a738abd5783cc42f7f324d8bdfe7595fd22b91e0aedda558bc0	0
29.21	fb0500475cc1e9c9c6ed4f5dec810d7dd966563e9f3710a8f8d55881827d2044	0
29.22	eeb033dd5515ae661b6cc5036893ce107cfe6fc127e22bea768fc333f0b17dd4	0
29.23	4808c1daf0be3f1d80ba64e1f65de537b0e3b4a15da12174ea0db96342a07200	1
29.24	50f4c51922f402ace978032f1a5ff82e7575e0725d2760a055afb9df89d7b8a5	1
29.25	c78b3b96e43e84e30535158b086acecc78dd5493e98be76ecdb9c6deb22f5ce5	0
29.26	26d3c1755e1e91078f5db035d9385b69567adb98dee6b6529b81fbc213d1f68d	0
29.27	31c1d7f9b51d4df7c0bf127e1880568a5ea51d039e36e25e0f771591af33c0fc	1
29.28	dae7a49997d9bd8ff79ad86437c8ea9a4659d21ef1921eb0f95da459b45eaf4f	0
29.29	d3b5abe043c6160c8d64321293fc102f9ac828ae85d3c3588d7556f822659648	0
29.30	cb76618db0b50a4490af91bcb659d6f92214f449a55d95b98e301dea746d0206	0
29.31	fdfad4660dec1115bf4051d4c29ac7b335ec79cce26120e0e5204cc2210f0483	0
29.32	d00ddd216baf7a54cdd993dc6845534f4a3d6bf23d224ab8e3b515512d5a2642	1
29.33	7d98eec4cd64283f570e7876016af4b2450f1c2b62059550c2c0aa323fb1e0a7	1
29.34	a4b9bc1b2bf63ecb049ec83f7ac947df3802c7ece3cd4da6daba6e13577219ca	1
29.35	cd337d5afe32d3ffd6ec971a957b42673c63958246d68e95adc14330ff9b417c	0
29.36	f72c3d93ad2d3964daacc29a353e55c75f78fe9cfe9df1ee837df65865d7e5b0	0
29.37	c98959e49d04eed030d15360e0f4df1b3f330a677dfc5ab34f9078cca06fe791	0
29.38	b06db5c510c4731be100142ebcafa237a068a7afb0e497c8d00cc13256e49879	0
29.39	614ee2400a07c887c0919cdf583163e7aaf037a203ec2458bbd2c7b199e3e68a	0
29.40	a84db9c4be39dcb0ee43fd6d34556374484a162d0cdec4fb511b512b012dbafd	0
29.41	e1a6b1f365ec649a6edbb8d4f7207f614b43cc09e2024a188605cd0e6976e14d	0
29.42	e78163975220dd45c05c70c2866aadbffa1bcd21dc7e19243ccc46c2dfe3c431	0
29.43	2b54b97751c4a6d0a59182d81cb873cf58016621d7abbdf94b2c6dd7b1bf695c	0
29.44	16612f3e3d3838e1c63c7e0e66a18c71c172cbf53ca7316bcf8a1ad063f710a5	0
29.45	6916d66823996473965f6d96adc3d0903a264d9d79bef2d932097de3e7c58d62	0
29.46	d6c87d3239c7e3988fa89721a83daca7138407d47cf39a54f9a9d3bf8a358c88	0
29.47	3cda2d428e41514b13f3840088188c5305007a21301ca8c9257d9151c2236aff	1
29.48	2be686c2436061c559a9b4ed58468696e25c134c14312429ab96b2399486e24f	0
29.49	923e29931f1030b750b2bb47a2f15dd9c1d2a49ba85019b5d628e24fa6bb6f33	1
29.50	67d5ba6214153bbbb9a15d31bc674e4cf676940af8d5df4f97d219917891f89c	0
29.51	2068c6f67276e0373395433794a211bbefd6889ad8793c640fc32fb35a9f40c3	0
29.52	1f51049e0960f38c645a722cf30561b06b503fa72706809c06f7b446ab02e055	1
29.53	bc6f4bd40b18861faea152d55cd468193dd718233c4a821d57e4512f11d25de4	0
29.54	605129ecd43571f5f3e0bc32ec62eb1c38e18c0826e22cd45e643e0fd30ec0f3	0
29.55	dad71e4c83998eaa42b185076c11d51abdea7683f7592ca26375e6b5d71605ae	0
29.56	b6a5e11c81391a1613a4292061260d7f887132cd23a01d33fb4721e01b3ec599	0
29.57	5ad466bd405d30eacc165c01879582818a03f10ab5b04bd8d58ff988a73ea1af	1
29.58	59c6b9be5e9496cb7427b58b37d887ea839a4b74ebc9a01ad8a4c3f030c6d265	0
29.59	47a9e684296db20d6b75a9a89556968ee423f4149e588e7ace030a59bad82ca2	0
29.60	5bfb14b23a09ea845c494f93db09f47ce4e916ee2e05683af4efd45323786567	0
29.61	8bf195f0668853536e41bac3eac1761ee0f7679387d12e6bd027c86a0132ff7e	0
29.62	91bcada9fa3c0ec09d01018590e3af0d80542b4efdb11b5ad6148052d3a4875d	0
29.63	d589040675d73f4dccdd77ccadea34908b2da498e7578e66ebc4195c40b6e130	0
29.64	778f832ac4a814495067f467fe2c406bd54feb91b9a6c7cdf2c60169e46f434a	1
29.65	8139c2be872c02b766d4a8c90fe08fdd1aa1e882a7cb80f06e724d9f8010c7c2	0
29.66	838f45063663f350fa9db42c064551271fc4d9e8354cde6b20516fd8db5613ff	0
29.67	952a9849159fccc3288b03fb1417f3c3f171da99bf5a67a57f009f8022496414	1
29.68	68f238f45a6c599ebc662315b1f0019c6944755674ce93080c92630cc1e09e4f	0
29.69	26ac8c84d23a7fb86b42e89eff16a94c8e0c6cd6734caed9e77524ed85b94148	0
29.70	ebc41341be8a051a449a23b7ad5a989e8629b465a81f10bdba24227a5fa49ef6	1
29.71	fa698fc74cb3babebbaa36eb764256b9554497a9aca97d2576ba9c3a2162a9ae	0
29.72	639411dcaf5a2a7254949d74de16a7ca8feaed44b5d33152117be631a109cd75	1
29.73	2135210cda68cbae9e29194d3aae42fb9889ed766e05f90086564d1b74788603	0
29.74	841d8a2c4bcf7704fc6e435c90f64837d9abd4a8a4db4b168049afeecbc478a8	0
29.75	8fbd4f8d8b1772721d995eeb897d809fe81dcdc7cd3abce06349ead4367f208e	1
29.76	03622a2782edaf71be72beed1e321d41ce4773274f1c44d8596c354be6f21eec	0
29.77	d5d570de58dfeaebc7ba68a7f6b6043377ef8023ff217b5b0526031b072682e1	0
29.78	183211f28c83808d4df6c31fab6758737a9ea15e58e29425471950d63bff504b	0
30.0	3f0ef6248a5f386881630759784992708c2fe0a02fa8cb4de39c2956670b99f1	1
30.1	95fee2c27dfe1ea2c1330813af35f08239fca4fa186ea084553d13bc66dce931	0
30.2	012d73c69e824fd92c6bc31644864447f57a13fa9c46b0773cd063b66b085875	0
30.3	1b2877c66fb04c361f22cba8322d53dfd7f688b761c93f0be14225cebf891889	0
30.4	0a0345c9169e3b4e5e4025ad7ac88fc09e60cb6cd597bcc0a820b7e50e5029b9	0
30.5	940e54ec53af8f5f77061b71a202625e4128dfbc949d6ab604da46979c08f125	0
30.6	1f46f68abc9ca3c25366a9c82e6004c5408f6e455c7d510a2c5f4224f1d01879	0
30.7	f8ef48825f5f0cad8f0fb648692dda894fcfe166a4724b5b9f20e0b09ba493f9	0
30.8	ba5a278e6c3c06130f01c2f2f2830bffae11650a444d7b3fba2f5d72ebe1697c	0
30.9	37ec378bdaa6014f368946633c234b8c7906f8ab86b6e1eae4584410a4fcdcbc	0
30.10	4ea39a48715840ab45fbc772193f0f934d5cda58aae7e5e986b920fcaddb3399	0
30.11	b310dd8932772bcd2d60d86b653a8c703e491f958af0bb1c3c3562a038dc9cf2	0
30.12	5bd501c2cc7a0e6e421473b229feb0870f02d37c876706c403f490a4eb905f56	0
30.13	f42dfff891f183cf46b708b9eb791706535bc91306646e330f3ebbd983e927a8	0
30.14	4c8ff43b100bcbd41d0cd11c57fced62945a7882391c08827bf4fac812b46d52	0
30.15	18f5aad2be886555120fdf28e2374fc698d550b30596fa0d05d27a7cac6e0c1f	0
30.16	3c51289fd4d08ac8977562635e3ecc162665b6f66d5309c400c561b362df407b	0
30.17	057d43cc8637a541c46246517bb47338674c6a1c2640ce2f8903038cf6358572	0
30.18	c62e2d0b7c71c79ec7e35c372cd23240d008854e47de4977fc76121677994ec3	0
30.19	e10a5c70ff1e04ee19567ff9a1531e81f15d850783af1bb74aca25d5ca91550a	0
30.20	3ea8c3c4324dbc52b5ea5c6bf2c399c1cdce978d2b88037c5c1bdfb6142b5c88	0
30.21	092706f2245405a0aef14999d1074aaed34a292c1ad630b168e19161cdf9871d	0
30.22	f7a5a38dbadc763374b7528c06719407254c22126999b42d708362918542f1a9	1
30.23	6d7f581c2812929803c7580ac943436f21f5749a9f006c631dbf28f3ec7bffd9	0
30.24	37212361602ce7db8470c3a82a694c3a0c60b9096cc4641be20168622b02c514	0
30.25	96ea9b5f8caf7c5428b4a13ffad0cfeb8b89421597dab66c3225f5dea6e3aade	0
30.26	1632fbbab4d06cbac8ee2e82f7a1c2fc97950610c684b5a11ace18344912b2f0	0
30.27	9160b7ebc112413c05d07cbca00a1ec38cf33366f1ddbda614bee600c0214e91	0
30.28	b2b53824ae983f7bccf82f619ed6b55d41a020563e8c259a0e033214e135f47f	0
30.29	3929a31cb7d1dce119dc1ea1a1620ec9a074853db40403254cbc37811ae26a81	0
30.30	db170ab09e602158bc7d1d62c7c55d45725ba24e20380429e6d6aebd597d832b	0
30.31	8925b3dbeb0574ca06e57e82debac20a367410afdbe6b9d7df9d9dfba469b1e9	0
30.32	ee300e962755af22a82a997a33e3d71e039bd53ee38eb9a147e76056490508d1	0
30.33	60ff2ad6efce5bf94c0d3b709e19104faca877e2f391e650cfe152175f711922	0
30.34	dd6e146eb95915b50cffb047aa9f3ae2981f11d102b30ad77ca32a7a4ba73ec2	1
30.35	720302c04ee017670d189148618c7d932f59593e16cee3efa84050525ea8d496	0
30.36	7ed04ecd9efae500bd4efd85df604dcecdbd8b0101a21132148490baa5f34293	0
30.37	395ef5ba22b2bd2b35e2207ce8f4fbf18a98d02455d02e25e048151a194c7cd7	0
30.38	b3d54b76e8d25bcaf03bcaeab7d96b1c81f0e76cb1e52372f7866d55bdabd2db	0
30.39	8dc6a15e3afeebe7f409023da1c0a09e25a83364b00d67ee20e367139815c8a7	0
30.40	3539c016e828feefdc7244d2f97d19a5b561a7c14c808ccb944160eb9bae9f68	0
30.41	e9a7309e8069f6fbecc0f350fd4e2360f9345a8bb0fbb2035ad84c20dd5f17d3	0
30.42	9c46c0c56ccb960ee08cd026b76e6fd41164df013613bb317419c2e53a5d6f8f	0
30.43	f107ac19bc6f65fd26b03314679f615bc1e86d92915e34df4e7267af980fc65e	0
30.44	ff6233003e1912fc573eeeb495f838b6f21328ecb1c8429bc1116794df906225	0
30.45	f175c31225084944bc085ab57d1ce1196feb8e01b847e906e5d59fd03325c1de	0
30.46	f8c98e2de0c8d34296c9d15df44b8f2e4f067e3a518bf1c1b6f744077b890b04	0
30.47	a538168584396ad7c8daebafa1454eb045aae556319ae38736da4f42314502e2	0
30.48	8075f6a01342cc6abe70b6a5815ba92e1f72c8c5ec530034cf9cd49ac46776a3	0
30.49	7f7dd5115e62a377008eb3d46989d70098666b921f2b0ca039a69bc9ce3c0ad5	0
30.50	188a97b3576a4290c278e655eb9d3e9930da22842e8bd5adc21c035989cd7aeb	0
30.51	d5e0ae1dbf33b437d37417a2a86dd489ce72496d77d135892660c62eed400c5d	0
30.52	c042517f585e0f08d3552312af721eb2f8d30483a36e6a8864b5d633fcc5175e	0
30.53	a06fcf42f6466d9178edfccb0cb3bc4bb0d40c78258d071f83567fb8f6952083	0
30.54	9114a445d1cf72ff1bffaa4bd40b0e1af821e6eec5257d847aeed2c279c1d813	1
30.55	3c82b2085c967a0fdeedb069a7fd14ce8b07261cce11d13b705726b26b4072bd	0
30.56	4a144829d8cfbf798ddaa0c1f9479168b7ebb2fae9999bd747b4c41c5e9f0380	0
30.57	9cf4149de0dc406f9b617568d5924cf0d89efdef5b55949e9baed999469e0df2	0
30.58	9c26f1e068c0ea5fd2df321fff6d2261ddda94eee916f24445cc402734c2edb0	0
30.59	40c014ee8f0a15cf004ab88368462950d1640d042288d225c2e72c4dee6addba	1
30.60	a481851cf4e5bc69ce38ae3e4cc730909de33183d68818b6121fa9f891bfad00	0
30.61	b56089fdc5da63c27e11b6b18e514c923f625dbcf7aca8310b816a55e1c66260	1
30.62	f59a6c51afcec9608a7f9db857ef4c2bb86ce370c714763beb2f9859663160f1	0
30.63	892cedbee3b5ab60a2ca5c72afc6181e7d6a049e84833535eb7a1b4365120975	0
30.64	259cb8e1abc16cebd5b80dedaea9aca810de57a4c39e78c0062cbbb0fbb22db8	1
30.65	f4609e0ff743179de91833319943b11a1fdfbbeaec02f71e6e3cad00bff3e1d5	0
30.66	38e65dfea202626c65f60eabc72bd02252b37407e06de26126d65543da1666b0	0
30.67	99d5254bd0b7b7b1f3060098b48c09d81ffbbc271124085fd4ac7e57e7bc0b81	0
30.68	f1e6fc48c9c0cbb298d864fd0901149f06331b8ece3b7265ce5b7173126031c1	0
30.69	4ad9b13c2a390a14fba400ff2335c17ccfb886621cb2794571ae550210d8bfa7	0
30.70	b89d595a686a7162c687e481ad37bdc7d2d0856e07d384b1f4557ccbe2d66113	0
30.71	307f94fdb9680bce47afb05e9a356101ec7972ee9b3f37fd7295a826312a5829	0
30.72	b611562e64e31f028a18f4852b1ce7ecd42a6b19412285011b8bdb1cbead2096	0
30.73	aaf5b6c1c3f711b01e0e3cb6ad320afefa00bff687bd42e66da51c92b82c9ed6	0
30.74	bd39bfad28b0bb92e0e68c5dee32430b9884cfa120045abecd0b23c12d69289e	0
30.75	8b239b91fee39850d84d5883ef5cbd43ca0bfd25999c2107aeb0d45088ed7149	0
30.76	6d2f86f88d7c6b96a7cfa3a2d37495dfbf11c1ef92b6bb1e7b33108c7194ee5d	0
30.77	4f257ecdc1dbbb23f4ee66bd72511e2891781793bc13b0fd801b32429756fe46	0
30.78	fd471c60ec11d64fc62e9f2ee54f1f16ae8d04c1bb7a5f5fdd64ec4144613dfd	0
30.79	ae53e8821dbac04734c4f01c4391bd03cf94e84413ca0bfb54cecbc9a857689d	0
30.80	5af5421a6c2a564b805fe68bbf81e63cd85effc30a76b26342f958b6dd59d2be	1
30.81	434849d97913fc2e29a0ed74b9d2118b5d66477f3dd57625c98dc5a82d57a2ef	0
30.82	bb0da58278f437c66b08c2a8659df23ca42492d5b1415d952a88b9b6ebacafdf	0
30.83	924813342ac31c2c41bec461008c90ba669aeb6206d572347f034d614a3dd6bd	0
30.84	12c7fa2903a11d33fb4f9d0d47e108a1ce564f064553fcabc1fe7697529ed452	0
30.85	6ccf34d74a2f1bf6f130dbb54c7a87dfc90f403546e900f6170048efe3085ecb	1
30.86	260ae9339f92f4fb29c10437bf0a9375d2891375b85943ce369a5fe37b48e307	0
30.87	5d99fd533b5a5b99ad5a5c519efb30c852ac3a2a715463b3a27329e4b6d01907	0
30.88	d9282996cec2d4d7dfc866afbcb7118a6c131b044a7cbd3a42f17e231841d480	0
30.89	f450d3c5f2c9917e74367313ccae2ba643f50d3e8d2ea75a8702e8b2741b59b3	0
30.90	ff5e3be80ddea6ad492fbda7a99f1e46745e777a2bd74a9eaa45bf618dae9287	1
30.91	e22b2928ce6ac5e0a4a505cc7e790a6abcf7702c55a9619ca000345c5d264d89	1
30.92	852e51898f1d1f7320c3b33d600da502633bcb34a3845f1914b335d5cd030fd7	0
30.93	aeb2574e63eec22b2f1aa553e3f0d45cd1bdc9b9ce4d7f88e92768f61f5c7fe6	1
30.94	59e3fb510f369a479dcd6e8327a9f0b22f46307376fa518a84e3453163f480c6	0
30.95	b0f6b1c580279d615567cc042bddc69919a1b3a7fbb2ad262797f511b4713c5b	1
30.96	658ceacd8981a089f40afb8acb0d28db047860fd04479b1c99f18efb017d6cae	1
30.97	bcb7651bf47d7f15bb93ab712a9d8b03badda7c30be77e175b1ef354432fb7b6	1
30.98	8e3d8ef3641abc6ea336b0c8b444056b2783481d6208027864c6d2ad4c232165	1
30.99	8ba592ac505d76e7c33608537b04877e5aeea28a576f7d48f721a5ee8298e11a	0
30.100	ad5d099b3a3338475dea9ad694db1184e0f7cb58c76754b2662dd8b486854fa3	0
30.101	1928e9af42c257f00c75bfee89faa6fff6b2dd0fada26afd87ec1b66a8a42e01	0
30.102	995cf72fe93d6102de61c05dd26373d7e7e7e4a6791aa8929650c4dfd6c22c85	1
30.103	f8e3dfe0d55273930ad148fd1bf17aa4f20c23aef2579103c787022e1537fb52	0
30.104	2982bcfa11a8b1c78bc4e1cf6127dfa0d77f72c6d2dffd869b3e00a7604a1368	0
30.105	e3c5fe7b07c533c599e714d24bd58392f2d6b8cabde0f736368e82a16e27c680	0
30.106	43a7c0ed10ee6402797a468a69bdcb7c983765dbf53b131414a9dd8137b57068	0
30.107	879cda6ed01512e616ef9c884003aaf140d03727ac08f70d5f878ccdae7fa098	0
30.108	186b52654c393d9f03e1f003589a06a1fe1d1d0e80b62c9bdb3086cc9d565923	0
30.109	1cdea24f8eaa23ff900bf05e748c8063624cc5c2b9b3735ac50b4e20034f0640	0
30.110	ec35747e2f8e0c1d53aaa46a4fd0a9b889acd9b0c07f709db79c38f2b85ab851	0
30.111	3bc67125b6c3f14bd5b96014a9976033dcfc93873c95b50eaae702f97f401bbd	0
30.112	afea79dfe77bace2ea7fd805717825e65909bd244d7ae1247c5fa91474febf59	0
30.113	8fa35eed2a6827abeded15a689b3e6b9c736bc5039d77890df64998a47f16d69	1
30.114	bab32eb777a618c436f3ef68a7ebb2ac760636cefd0e24d64c1b76f5d6c5d852	0
30.115	8e5faaced3562abbd29d67992b3ed99cd086151cfc7c2c73282dc0331a299a3f	1
30.116	6cb65d156b093cf8b4965aef0d4818317805b4ce0b92d00d7b06d3e59d963566	0
30.117	9cf021e20efaa4007669d61dd475f619dc4150cf0fb5f9605752495f6718a5c0	0
30.118	26e790daf388e6ba0febafa70222eec4e1511b79bf42114d2092c1982a74ead4	0
30.119	44aaeba69af5d371a46685c04075e1ffea939a13c819db408a9e7df9bf409331	1
30.120	15c17a97ce59ca46ac74cc4b37b21c657339ae7ff7ca4e1bf56f78880861885f	0
30.121	59efab2db83c51226db7f081bcb788929a3fb24ce777794f4935513ca081f07f	0
30.122	efaf9b6b359cbed6f64b142e57ea70966c032eaeb8901528f08db279c7942fa0	0
30.123	61a633a769f25615c4bd8455dfa07644cddd2a0bbc001dfd1679d44bce43f096	0
30.124	b2cd8d56a802c69f2521a6a4e81b9889edb3e6267e6d372b19f108cbd4443a65	0
30.125	bf355d989f32213bdc6f87f75ea20eed166ca68e32ffef097974ce561915eba8	0
30.126	ecf2c0e6e616d7d6a0a6c228cc57bc1f426fb5d66265a2b0ed935b4106495ce9	1
30.127	c882f37ab9633cdf0fe33c59875db4f7a639ed05b20e5fa4d537ea03fc8576b2	0
30.128	4160f474d8badcf9c9ac185d2a0cb923c9e09b065825c44b945302144a9b971b	1
30.129	16ea75fa9390254ac54c0c762862907cb6dc42326687ef9080170328277c488f	0
30.130	61b28670dcde714235440dbc6b33966e8f1884e73bae079614601e33cd6b9347	1
30.131	870018681161ff79bfd5c7e68da493d51cab7dcd9407324c256bf2929ead0aca	0
30.132	c23f6f129a4970e6106d468be6fa92ba2509b1dbcff68e409fdfac79e44540be	0
30.133	7d11cadcb78e8f7d33422217c052d3c9a918ee6cde598298d3fcfdd1eb1b5b98	0
30.134	c0ef6b1d53895ca480622efe8eeaa14f6d24e2a906d02591928232b145a4ae06	1
30.135	7fe0f5ace45b499218d20975bf49928518b9f129284983c7666597ed57574580	0
30.136	eafca0a7a3e5a456871ac675258817aa487b743def80e331d618fd172f1dde6e	1
30.137	c3fc27ff03c79ebdd260852c7e07359b363d2f60400924abfda2f503ecf7b30c	0
30.138	f7bcccda4cb3e09f34ce30bc3a2f3fa3cb4cc12d06cef1e18f0768e46d37da0e	0
30.139	b5d3a13a2d6026eb49a6c336c64d7e1e2cf9e17eef831e79c4e2b0b079722b25	0
30.140	76e2ed8a62295a26838de4c881162afb9b0cfee62818a235a8aa4fee72a8f876	0
30.141	d94d84725c1ea50189757ec721766c6d23c9ced3eca18a3fd0565e019eec5858	0
30.142	81b224b901d0322a3cde962d43e32c147baf71ff2a85fdd90086be8b67cffb6c	1
30.143	9c12d73113446fd58b6aa6ad70ffcb67ba3d709c693e94660cfebf6d589fb7b0	0
30.144	805869eb53da87148cabab5f5b9287bdaafb4588aa0bacc07da12fa68af847a0	0
30.145	63bd012aaa57c504032cc4f78ec8c4da801d4a6d7e8bc7cd1fdc9701ea1fe0fc	1
30.146	ad9fdf81d02da10c2fa44dcd3f27c4e162d31e4fb20a300e34063a45b2f73509	0
30.147	35e040d43b7e9d3089f2711adb5053996a4e6577840307491c651b32cee4b4c0	1
30.148	5ad3537794e0e10b0497cc8fc17e51281c2f293244f9c42664451eaa3e6c03fc	0
30.149	d9a6054f5eb601552d911e558f98132186739e9b28b060e7f335b534a56473f9	0
30.150	aa606b7ac9ba2eb448df70bc61f5c2aa1595e0a038b4676cf71b85319aa11865	0
30.151	a29971b28a872150f20bb7dea5f4c4b792902bb85cab46448d44063f234381cd	0
30.152	e8274abc0469329843d781733e5986dd43e2e50a1c012f34cda3717b859f8c7a	0
30.153	6270ec1161525a33dcf9c5216d10eb7ec8fd54c3378c82495d698a179e5d97e7	0
30.154	2c1fd74f79e02e588430f6a87d5d75d618e8e7193c8571ce9c8658a34d73544e	0
30.155	459e78311295aea64a7c5d203ccf6392b47deefef4b44663fa2e0bf52c87d0c5	0
30.156	219fc50f2d758c198f953aeecb03a18cb8f0ba14104fa3b427c9c1f680f2066c	0
30.157	c7795e0855430bf6892c2eed96e77d434f214b669f30873c570d252a6f49fa91	0
30.158	69a63686bec7c637a2c164e796249097a383da09c58bf95491805e8bb4b9701f	1
30.159	e7983eace9c9f4d74a43badb82a4d2d97c20a542d3afdcc8c126ccc16b91ac78	0
30.160	ed8f56a3d5be02182f71e4157148747c3d269b93daab4c6ca2e4ad844766c431	0
30.161	cb7f5fc45713db742cb30734c7e494f3e8c02460f1c38b6e6b1bd0fad49f5c37	0
30.162	462fef46e94b45e5158cd3ae2e70d854e7d92e5f2622945c66d5cb424cdd5869	1
30.163	d271790a88c988809f87cfa4a533a295a3e954cd25b5ef3c36d2eff406c2ccd8	0
30.164	7237c24a632d5b7631eaeee1524b81e41892cb40b5a7423b9dc9228c03781177	0
30.165	ecd13e5b76c797554a3beef993754e735dccb00306e4b28e1c6b8942f5a01263	0
30.166	42f2430696626ad2388bfc3f92a44d1420507f6cb0b13f0354f253e069cd4bac	0
30.167	ea8c950c69b872780f8c053b2580200e5cdcea3e204c7a0cac9a9b6bd55273b5	0
30.168	539482bf01ca5e9a7f33dc59890ff9c5e10f2f9e95fca021b5384ed2f621be89	0
30.169	2a90bcef0e71040f0909ff8ccbe64c78a17c9fb5f6235d546d90f6fe0a8f6200	0
31.0	814b4f1358c112cd8db3d07e4393364fe759672a8e3b9c1f325e65c7906a452a	0
31.1	aae8212a1c7a0b1476fa245387018714263091c826659d23527f591fed84122c	0
31.2	3618708586a83711309fb7d4b9dde5e57650b90c4d6b1ad08409a9241ea2fe5c	0
31.3	638c2e29f7bab28152a1aba5f1677e81cd3b1673c3e07ccd9677f3b32c120cd9	0
31.4	912f4198ca37518d97b84ab843b5970a8e615b5abaa53627c94686d46bbd599e	0
31.5	d86627babb76a312c0db2baa1598f8a215a63f5a275e6fc883982fe8d4965f96	0
31.6	9cf2d220937415e58619c5fa44a2cc077677f73e7661ebf9c4c45f84c3e1b874	0
31.7	9f0232b69ae779bac4ba34e8a645e4cb490cc90f74c8fb53ef6846bb887c6690	1
31.8	b27c6629e1116758171f308e493eb1e0ffe51c3e3bde7b393010947eb73980b9	0
31.9	45925f93ebd257093094c690bde83b04e95f82f55d9dbb70bcfffc3897bb8d3e	1
31.10	adf7ef6a7ac8c8b78da4c9d84d571635d56d814f62e57e8152223fe50cf6f64a	0
31.11	76ce4195088afcb8f50d5db9459d821fe17ad7b537dd6b4415125f9231d7ce86	1
31.12	7987725aaaa298297cfeb29a0d3954031ce72f9203a1bd49a1e5a9b5df97c0c4	0
31.13	914b1c303a475793cd57e681cb990a68b09bd6b133fee1d1946c3f95a0fb3943	0
31.14	b3fd80f1af8d937c5e85814edc8e2d523f2dc59ab94a5572c1b6f880ccdb2de6	0
31.15	f5d2e6f20e061931049f4f6e5f5bea52d10d8624040b56c525d9cb0540fe7440	0
31.16	d343f59b0a1a2f74ab99644361885125805e16f63e48dd82adac8b9171377cd0	0
31.17	560b568562dfe2e15c4fc5e89478cb60528bb9f3e49740f12673540dc1d1b285	0
31.18	92050ec9cee87ff390a17027609ad6712cf76c78939c29d62f4ea22f8b57a19d	1
31.19	b01b62e46a5fcd5e7ce969033da2657ed723b2ef6930b4de924d459c7ff11f67	1
31.20	c4d7f9d4b9b8daee8bf5ca8434123acda20fcb86a1ebe9c815c8665390cf542c	0
31.21	71eb0f3d1e1bd6d6c259b66938f0c06ebac6c47e7b00cdf145e039d07955c1fe	1
31.22	b91c4309b0a0e7d5eda17aee5e7c5fe244b87fb033e34fb0406e9a24cfaeba8d	0
31.23	5387aef5d0a2bcef92c0fdfe95dbd8ecea1cfb8caa2e719a3ac3add27ad1bb13	1
31.24	9225f1cf739298f349fe6f32a05a45d9b2f54938072d61d81900660d2e2e4e06	1
31.25	a661818ded44c6d292741466c840a5cd106961c2fa59a1084aa129c5b823f3eb	0
31.26	918e0a3a3da239e3176798d2a6a11f81fcde47d5900a4687c7d784066ffeb8d9	1
31.27	f5505dccabd254333af49563cc9ccf6b54e8c687796e0d0652a7d581909b848e	1
31.28	a1e14af4ed50ddd7a031e6809b04748faeb8be36143c3fbbb25a3111d219cd6b	0
31.29	94b5e61bab8ec6f398a9bcfa76f52c26ee6dd9aafec828fbe54325dcc4ac90b7	0
31.30	4c90b43891f20e20e07c6d704581de0d2ed39500323fcafb1226c20111b603b5	0
31.31	ae78371bec4ea505a934d33987680177ff7f27daeafca137fc70098e4752a459	1
31.32	cfce1551823db360816c2bc1ff998dfeb8f04801fd41278f2163a8ec512bb290	0
31.33	87c511a5e22446f470f20c075a42b6e84de4fb75df64ea28df5fd0a160e472c7	1
31.34	deb55977d49c638dc2202e23c9e080313708f16ea6a5da04ef177cc88939433b	0
31.35	0e285708a89d3b1b3da982f7c7d7a9fb186cb61e9c88aa7454bdb4808b02287c	0
31.36	793e14532c8e19770303f430e5bc875a3b752fbb336c725e88fa19f07a642a6f	0
31.37	2bd0becbdf0f694fb773b70c1576ada2bd655439a916267648f583d518973982	0
31.38	478e6522df84a789d0daea19062a1fcfdf599182023f0d773aa1001af452a9a5	1
31.39	f98d73ce641c8cdc5cf3036fb1c593b4bbbaf5922f2c7f7ca8336beeb14c1738	0
31.40	4c6bf1b49dde1dcf88d51175ee555089dbb970c7bb2c08edc053cb3c1deea705	0
31.41	5e155a79231f58c6e1311e90e9b2bf4c86a2ba459e82a3e90c5bd31bc1320cdf	0
31.42	947a4ae88d81cdca2e93a47e2dea4fd5fae4331ff6273b4c2a1d4f03b895af38	0
31.43	13acf05ad2131f66f0bf5fb50553b2aaef476449df9c60c4d96f56a25821fa96	0
31.44	0fffc57610d89edc2109d0427ba1a973677473cb425001a1fc51b3f0ca4121f2	1
31.45	ec3db33f70d4ef58a99094aa5fb75f5e0217ece074e9986b38b6d041fe0ba650	0
31.46	a42b69647b5148b4d7e8d9b171a7fecad1f2f249d38b1e48f226867690a9a5c6	1
31.47	72547fb1cd6ad99ea1ae1fe7d01698bcd42b130febbfb5ab43b8f9bc3cf64463	1
31.48	40b1627357391772464e7958c46946cb66d48bbde0b5107a32998318d69e50f2	1
31.49	f6515bfcd42dd9d3acf1185d9ab6195607ac1368a890adebeb9ab42d83eac05a	0
31.50	3b60b6a71fef1fe41a1685107eb74f64f752772bb5ff9e44ad0dc10f1f08ec62	0
31.51	d8582df9b559b32fd0e0aeefa6a96d37ff0f1b26aaf773fa99f97d47a075a4c3	0
31.52	12def452e2e304d5f6a02e2353e6026faa01796fcc4b2ebc77597978addd7cd5	1
31.53	3c397fb3a7c7d9ca2a65c88aadab32e28fc2c795f211ec08ec313f6ce6135632	1
31.54	b64f3e2dfdbb4e85904e328ccc815c131cd4b2821753f5d3cbf1e305bdceadad	0
31.55	f2df01e016d932b27f884a2c66221a55847bb8fc21039e74e66777215ce07eda	0
31.56	77952c0b670a72070f942f398997e8f6a6a886728684c05b160706181ec06da4	0
31.57	bfb9c8bbafc6d4ccb6c7ba02a1f048b607815c1d3204fac9f889fe6fd38af484	0
31.58	464e39f4eaa5808d1a755511741bc4991e733218fdc82f9cef3afc04e82029a3	0
31.59	ec384c289e908ffa7e8ab5a3bd4710f93687f32f0446ed6b1f33816a84d1f4c0	0
31.60	e894e9d2dc90db9af3ab387628eed8729ab287fd39e9b033a8d7d37853e617a0	1
31.61	deb0190f9c67df586bf309c4bd1835a08b571494df01171b49d5bae6db9f5f5f	1
31.62	e1aaac5a8e3359efbdfd355c3d890eaa94b27b3844395148c53f3ea9707b2365	0
31.63	f359ebc8396e53daa0631a1e75dde13b6b5a9e7349630c324ae50f184ec16138	0
31.64	9dd981eda3681aa33772321eefd4f07e63053aba828a43de486513df3a74d9e1	0
31.65	f4a60325101b4d18d4ec9a2dee56cef5c616c53e1556ec912d7e0d2866f6df49	0
31.66	7ad2f67b234a12d2ef07b55be92016637dadad9d58f172bf2959c254055565c3	0
31.67	e639664d7f3e98c23d126cfa4267fbcfc71f313d8a8508eb4a92d60a0a1cca54	0
31.68	d6d558c140ca55302a615333c81b7e97e998d4da3f9c6920f33ea99d345aadd5	0
31.69	c949e141448fdb8c7f9677650227fb0af454dc50f1e779db515ce234ce214199	0
31.70	0e8e4da80787788c253c04d2f5a99b6dbddbeca523a031c610e157a1cc01250e	1
31.71	cf1453fcf841527d92dee01334b2d701f941824f6c4f2c93484ce365b03ae26e	0
31.72	35ad458985cdb51974a84317753f7d19475ef92b1af7002ae4f76f3e8669a7a4	1
31.73	b80d02b7bf1184a82c3296349f8f72f1627f4a4481dc36dc6f5277c693825e35	1
31.74	9a8c454742635824d71b7ba25d4f5cc7f4cbc1b3d8aa9debe6923b094196ac9f	0
31.75	ee503e7eb3f30b320cd8cafb7e5bfc7f0c84661c9aacdc0fa16c81b8f9ab8e09	0
31.76	6190bfb4f0ee5f1a5badae0bcbadd1c93e3d185d5d47fb12653d0be1a8ec4d2e	0
31.77	81faaaa140547ac967e108422b1f1b72323e619e64b4386dd0b7d609cda59b6b	1
31.78	06cccd7fc087387374d49b3014abc2b9995195c4f1b9ed6af6e6282d0bbcd67c	1
31.79	599f92a867752dad8bdca284dfd60dfbd9f7f42e018c5675b6fbd3343eef52b2	0
31.80	663cd76c2b5d2ee54691e7093f0beae2be1a250e4d2359f6283f735b6cde56cf	1
31.81	228ec32149c472c2dc1fb436402c2e9107b0f8bdb5711a997525cc38782c4593	0
31.82	ca29a519dd2e365c796c7bd678e27c6bab444815114fb03de0e8f0ca6ce378be	1
31.83	fcefbcf9a8a5ac3431acf8594905fc1194df59bb6176f19af0a9da6e5f646996	1
31.84	9be55c0f31105f9b3d01e0eae7a1b3e8be7e5928b533d28dcddc7dd3aa32fffe	0
31.85	8fa3e77c91ffc3860001cf761742c8ef4becc34d87d7ef301eb05c23530e11e0	1
31.86	ea9e9c296edf3c5d1f73e64e791c08e7d9d31dd04219b2b760c3dd383051e8a7	1
31.87	26142c3d764b9c21b9ffabb9c99b9343ad0eb0c3f07cd701d57a1dedf982b572	0
31.88	2c3b02c9b970313046bac349ae8828b15101059716584715402d5f5fac0ed817	0
31.89	6052e497a7fc402e717d985db4f8ff1c649e8983ee168a236887a4bc8835949a	0
31.90	230d75818950ef61d8a3e78c9dda6e60bd82ff5cbea9a37b586e546e0ac13f01	0
31.91	f231c8795e1e3f7acd3b41bdbb289b594c3df0ed7c835f8096e032857034e366	0
31.92	eb7971649f36d7f407926c44d2addc74ecfe323df760d7e234a902878ac66003	0
31.93	910c8b363f831a8474de69770836c70805495b7c0ffb37a41b923902c24ddaad	0
31.94	7fd13288df5c4cc866ae37a6a88dae8263f3dee2b5570cd0fdf5691e456b70f5	1
31.95	4dd8a81c9b8881c24cf2315dd6fd4a4e5fd48808e81a69c8bf73452d8160e124	0
31.96	2694054da28b0d59b98ff6735fcb6199878eedd65fe366515f577dbc8c9c78e7	0
31.97	16967915a8f6b2efa426930c906e775e24f6c87779c85d603b75609828d1c2a0	0
31.98	9c6d98c0d61b9500f8c0033093d2dafecc05abd9063d81daf0a1c835b1e456a3	0
31.99	12eddd4605ba626c0524d93b7b44ca08e45249276cc63b87490b7a65150f6b4c	0
31.100	c4d6360f753fcfc023187ef4fa79f6c3e56a3b568360854e5dbab9d5b45cefcb	1
31.101	ac47d56a418ca016069e2ab1dbd2cd89f11d426ac84bc3956941abde8a638793	1
31.102	f20371eacf32151d6013826ee1f87385f8c7caaaf591b98ebe7338936d010abc	0
31.103	648e0b0b4f141f1ca657a9328375ac27e9034d7be15c2a4f3e32e9c798e93e9b	0
31.104	00acad40e4a2da8615f393b0e63d92354a259d8df4fdd59cff4e8e596eb34d9d	1
31.105	a369c14001ff615cd02dc307eede462ed2149bce227ce8d4232e852622aa3c28	1
31.106	4b59dfffc5a127c7784e23356a1ead00e238978afe44b105c1c3bb213a9ae084	0
31.107	299761bb99d5ce6ce8606e8e988bdec526a1cdcaf530729d2bc3794bcb4530d8	0
31.108	80a29f64307b2c77913cc5ba63922c298c494d5288b05a6a423271683804c42d	0
31.109	4767da840c64179b9a8217cfb49f0e1676b1cbcb73f29345cb256729a88740e5	1
32.0	c3d846009a4a92d8b6b75efd1a5deee57bdcd291ee7d08bded352cafc0a4427c	1
32.1	4e153de775b9a558cc71cda94d122d906eb003547a0cf1a23b66535de85d7c02	1
32.2	d048449dd428e23f5e5cafe7137cb71a0d7f61b7de8a641a649a6293e807dabc	1
32.3	3cb9f805b059295f4b6d218dda42d804200b76df5984a144d73456d00e482324	1
32.4	e1d8e7446618424e40a62b0c71a81990f9622ea24a311e09fbefdecba4621b46	1
32.5	fe6dd0aad7b0aa0de763fdf7a13faf0f3d4f6b28dea4544353f3cb0fe30e96a0	1
32.6	6afcafb9d3816f0c989206cf6ca5a8bd9c70525caf70e6438a41498d206b567f	1
32.7	1ea3005e37008c6a1ea14b7e136e7972942d5e77a8c72166ee61c268744a0414	1
32.8	42ea105b572986c96ea2d27e93244a0d6552490c09219fe5e0fb06f60c95d964	0
32.9	96ba0fc7a578042ea50568c73ba7e7cf453965ea1a5f4de6a1f3bd777be894d8	1
32.10	624620fea0377a6c62e9c64c7859ea91e3599eb1a7ca4ec1bf8c4fb182b67293	1
32.11	4cd03717400f8e36fb446ae521aaa3ec2afb5a90f2361677a0f20d21aed03002	0
32.12	356ee66efa7cf56b3cdb1ac9682154f6ae2d9a457ae8ad19980e131d7124e5c3	0
32.13	fdcc334c10382914d4f6b7bf48a2eedcd4f2a0055d18e4178942afbc05fa9605	0
32.14	ae202123eb86c826145695270ce999204ea7273c0fa23201773c3e29a4ddfbb8	1
32.15	168b728399ba1f696fa61ca35da4030472e3bb5c3b87b99cae7db2f0a16ea0bb	0
32.16	4095481f3ddb11e6ab61e1032df6cd85336fb9040f414bedfd45c9f29a70a674	0
32.17	eacbddf6f4de113f4a540e28d555ad49772ade35a8664884f6c10b0a33141c1b	0
32.18	012646fc35832d457e8519b81125b08faed33a02b7f1ae5d37e56e2c999e1a67	0
32.19	dc9fab901ee01cd2fab7e596a010022776dd453869909a8543a2f23973e86cbe	0
32.20	beec8d12fb4e361bad97c5085e718f5711ad63ff8e4bd6914fa2c78b4f45d7a7	1
32.21	c72ed602896efe7ba7ca54f440bd2c07e6b58885834b865bb4118a2047a15466	0
32.22	f1cc2bcbf4fcf872ceb04a0ed507059d047713f56a1c853b480b767c55273b59	0
32.23	e711a165132cb7d719da19c24be42c5bdaf65acc00ea8b5fe6d43379f78d5b0c	1
32.24	93cb8c6a04d39e44f225a5add2010200d8fbd3cfb6f70bcdc9325e9315e17c52	1
32.25	935c3653527d1d391b47c0da1c56a85e959124a6d2b1d2b22c9d7bcb0937a95b	0
32.26	04b32a65e4023ca909f2160f73134603e342bb83cce759ffa395ca36464a39d0	0
32.27	ecec1d76af439088be45d9e2e54c96283d16f7722c9b53d2aa4cee94cf8ad27e	0
32.28	cf87b23d0f70cff8f9ce62b411ad616fd9be0b93edeba67c70f647e5a4b848e1	0
32.29	1912620190e882f2ac90d73d0805829415f7643966148bdff954bc73f1cf46da	0
32.30	4ab5c22567570a65447063f0171312a06c9ce464ec67892484e56888f0466d08	0
32.31	6efb538ae84bf4fe032f0ec8a63eba0f8003b936f96033ec16a09995356eee06	0
32.32	8db2ad9f1d3ed0a4e5a9654efea3f464ce1b87f793d461148ca8bf181e0e212e	1
32.33	b812c37dd5829dd6d86b36ae48cd28eba88a0b5ffc5acc775b891a591ecee935	0
32.34	d03b46146183f7dc0ba25ef177632a1ac95e56fee07c51687b5a0f495ec30919	1
32.35	06242b7a65a5cc93e3342078c7038b16db64aaaadfca69bce7ba21d582284453	1
32.36	5ddb353b1d8b39353cceb432e83f56f21eaaf3e6ad49b37271551cd7687f1232	1
32.37	68c99cfb1297f08c87f8ab7f33f7e5787ab17b10900bec9ca75a9735daf49f7a	0
32.38	f0226b7977db9ac086149ca7f3c01f263e602e4f2e1c741a6b2b7a10a6699141	0
32.39	d934a161d3e99f7628019cf268701f674916036f13fba2f506316eed79e9eca7	0
32.40	65f8ba6f3eb1f632b035dc625d095163d6949989bdc4d1a218747e15a887634f	0
32.41	ac88022bba57786422cb0a6d19729eb9e9f742a91f747aba0de1c73ed1d08eb0	0
32.42	0ad53e8fea9d8e816a617d55521e33471d8beea19d75a90d5931b4810e3c1321	0
32.43	c9cf6afb76c0b75a56214938330956ccba6612ea27052a581bf58f5c8beb3d7f	0
32.44	1fbaef7684e13e8d4ae0f91b7350baed9ad28e38fc590a3f9307f2922d2d3da9	0
32.45	a815a591204846aaad9e38aef8e11b173865bfdae7225199320a106900494f80	1
32.46	a6ce1b755bdf13777a9d9e4d63982217deb4fd7ab58aa886a7ddab2c27b8be6e	0
32.47	901536a9f9005e184f5ae8881f0bdf3e75b07b3dfe2a8fcb3bf2e4ace5676f6c	0
32.48	26ea646749f77de84b90d6fad7e8c387a6715fcdbebda5028ef3130e2360459d	0
32.49	7c622f2510fe37e82711be5cdc0821741fc8e2b7e674b8ba3f41e224ef649d3a	0
32.50	51873b59fef4bf8e7e9488b2765dc4c78bff581b00e33a629f2f51de9d9cbff2	0
32.51	b576331d1a7ba36c6b0f1cbac6d684ba64a18253313cc00cd8bad3f015e31d4c	0
32.52	30b4a330ab1434b361fe61bcbe05d5f7315949d8b08d2792d8492a26bfe2cf83	0
32.53	08213187369a6aad2742d6d9e3a3cb60d486ef75ee542937a9db4710e5cb67a5	0
32.54	7ce6575d63f3ba1fbe616640130fb370b8b96bb103c54a4805688e986d7c4a88	0
32.55	79f99faac40229bf25b62ee8672a74763adb2f83da2980284ae9f9bd4c7d7e60	1
32.56	2c43f342d3aa0488305ddb8567f0d67e907d7aba14844146a23bbe2f16ff4468	1
32.57	ec92bb051aa6e59c96ff98d8852936c11e5a1dee847d5a49d780a14737a4b5e9	1
32.58	11149cca5197ebc47a64183733a7a7140f493c4a6c3736ea0a95f97783553163	1
32.59	2c751f2c8a1efa200bbd53356f072ec95c7b02ce44dc12f615383193ab2d33e1	1
32.60	61a93631027a98d89b825b3173dccdca356c062721396e552dc737707a330671	1
32.61	8464ef0fbfb3e01781c6e790335e0e098489e90e8c52e17d06887d6929d21770	1
32.62	0e01ea9a252c85325229d07e64274ed3a6c43a2ebf999bd11dfc27e363101811	1
32.63	e7fddf6e763e1550ba0bc3aeb49271b96ae3815c09f718af53c843e8a96fddb2	0
32.64	ad3692548841d7fed972515287fcc87d569d3693cac28154365d948076a2ea47	0
32.65	b25fafbf706e18fa0d6d96b8e94cf8fd17d7a52b0b1cfbcd309847917ea5ac59	0
32.66	e76be1aff89d4fc0f0023b51c0d1e0ca57c969a77b59777dd3c2454a6d601e16	0
32.67	2b2d799b4ed866daf3e33badb6da595689fbc2ba84b757527db408cc978252e6	1
32.68	4a99a23cf8a5a61e5e0ada9561c4f678d1aef27d795b4de2888383cc441b8fc5	0
32.69	47231b2420dd1c211599f826b76bb0670ac8af7e45c59f3c4dea26edb290f28f	0
33.0	d18ad2e5fce73d8b0e250cfdf0e4db4e3aed5e9d4618851c94d746c666d829a6	0
33.1	45e6bcc8ade9799fde33cf23fa0323bc9741ca7243a267343712b40592e47f44	0
33.2	c7fa04fd577a46312a21b2df42a3ce52953c0d5424be46e49440c515cce58c50	0
33.3	0a7c2090499b619ec0f5eb24f4200a31c56e14d8d212a51dedd2b50353b01330	0
33.4	36578b3f92f247dfe73ef3b83a790bc0d83ccf5c77c23c5f4fdf5f5cb32cd840	0
33.5	55e2e5983ec6b18375c7a81267ef326c2ae47cc366863df40bf108627d02e902	0
33.6	b13fd85988ed402e8a300cd1929321f1c95ab2420367893b970b44691c9344bb	0
33.7	dace235662343819f007bf0004f653e9b7061c59f5adb2ba03200fc037a5c484	0
33.8	7af3d122deb3b0ec1885e9bd722b67af07107a6e6a7a4eab55e147579a6669fa	0
33.9	5229210590e6269fa690de431426b9b5ab5a10e41dc8099a979fc255ae90bf48	0
33.10	bc5ff6df24b296a74bab088c69b157c881cc2406ad68b34ea8d1ebe9be762261	0
33.11	480fa6ea46ef0bd807beb7944aab1d4e6c84e5186f08388c8ec31aed6277dbf1	1
33.12	ebcbe48e98ee1f649e53f643eeed89758fb93c14a54257e4f7cb2839cefa0de2	0
33.13	53041f5f5dac324289303c55e7dabcf6dae1d686a3de003e7c309447d6461a65	1
33.14	a8bdabab2af082347d9d06353bbb69192b34cc808047c5dfd9cb7f9973d5b5ec	1
33.15	f5d9137ab9fe004aaf61914380a864ed3430b98bfa27327c35ca100ef6ce7856	1
33.16	84a0e89dc7ba356026ad2b08e77a875ba013b2f3e9926cf937156ae33615aac9	1
33.17	6db3e8258c827770d8ba5f26b111cd8b455cc49aac44287dbf9d418c91c0b18f	1
33.18	308186c60bc80c2a889a7ec8a08d031a4423c16be0efb8a5d26e830b5dfd4309	0
33.19	19902a0b39b1c445867a783621bab5d130d02e6d90d7d4963743aca18f40d18d	1
33.20	c7c67678921d7866d6622dfd87010ae058d3072c176e543a76fc16d1b9b6daa9	1
33.21	6b69d20a7113e740381a10c617c27e68457af25f83896775245a9dba52c8de77	0
33.22	aab137f567bb423339c0ac4a5a205f5d4dbe0eaffa4f013cc173fcd2fe2829ba	0
33.23	a4cb1136c665ec05a3de8d5ce4ad89b459c807b8c0b6dbd2971e2edf24f24206	0
33.24	82b7e92d6ea1b6e54dd570630b9a938e70c69f53bc8d7409e8a3959c803aad8f	1
33.25	e2ecd2c8823cb9d392a229ca7c610acf160f0fb3a523120486c8c6e75bf099ad	1
33.26	fb5dde75fccc1290e026ee0462bc8f66319f32a5c598df08f506ca6ee5106873	0
33.27	3c562eb5d1407c96ee9f3afd13ce4530df96a4b33fdfcf29f69428e49ac4a3a0	1
33.28	048c83832922715cc45d190adec06df43e68bf9c48127442e048eef194447bc2	1
33.29	ca030c20cba1e3050a9abc1a8dc0daf47730b48f0428dee6cc999560c027b00c	0
33.30	869894162910e0eb2e5ba441bc584935878b0330f3eed50ec55b70dd136ca7d0	0
33.31	1462333de284c0d653c62a0bb336bf24c67f37c95fe9e91d7f1fd0b63ca8dc4e	1
33.32	71fd673105a9b92743dc194fccef2178c4a02f4a10f2274291d7b80fbcb65d2d	0
33.33	656638e3ff6258c5e32de54a78bf62d011c381913ff85817c4c3edf67e61fcfb	1
33.34	bf2f5ca90af5e2327fccd238829203aff40859b6cffa3ff55525b0cc10dc9046	0
33.35	b47b4f7accfa42722c89f083abcecac96cfcde30243daf5289c29b3b5d21e15f	0
33.36	2f3430df70b01f8d895006d398e9311a70d0fa621abb5fa6083429466352032c	0
33.37	848c9d7d15386cd172d1579fb36cc17a6e67ad72005218c03f0a1457bf3edb28	0
33.38	6aec093dfa4d248318bb6c3916b97d20190e63f5c43f0a5481f7d747eaf5fdc3	0
33.39	f9040589a0026c0daf549938ffbe40d69fa315193f60287c84414cb90b3c5fb8	1
33.40	be803314c2cd4adc24afdf91b5048e0c165d5836fc4ffb67783fa259f21232e6	0
33.41	d1f11a9298f4f156358efeb2e2416adfd2ec19df24234298fbcbba18260e16e1	0
33.42	2782559a793baaf1fb6c93a3db43f4f1d67732cd69a422f9750deef40a78c00a	0
33.43	e30d2d2e230febb6b6ecf11ab65d135ced0e6d9e254cec4c98fa213e6207156c	0
33.44	8099f4463e63e67b2b14bd63f600d86df38729bdbe71e1bd0107c99f7f4dd046	0
33.45	387c4709a05a32568edc19d528d1c4de7450daa8549e39e2a820b3853a580451	0
33.46	0cf7accfaed6a61c1ada972961882ad99ffd976d74412d6a0eb38d26c74797ef	1
33.47	8ddd6c73671800289c69347165dd762607db054105a1e3762a5ff2db994e1ad9	1
33.48	acd068dd1c5765e43b10d87c1a46248aab80f81a0e26d08c8ed297decfc632a8	0
33.49	d9eee05e37ca0c305b7837f5eadbef0f27592e43c7a8a3f0f8c45a27461be8e0	0
33.50	050a6cd0b16961b744e48d87575b49320925bc55b6507c69241bd87e9e26e622	0
33.51	98bd3670de35e3ae4488ad203e68fa532a5c962ea4cb15e01fa59bafe66de6d8	0
33.52	7c38af7fcf355089a82f0237b0cc9037795aa9b983637410b840b4d4de0fa7bf	1
33.53	08409bb4d9962d763bd614b33a9a9bbf4526df7d9b617ede6d8658bb1dd299b4	0
33.54	306edaeb9a2aa3de11866ab1c8a77e0eb0d45f2d9f0d7579f76325937aec4df4	1
33.55	ed92db3f3b68e5cffaac1ae999fa224aa780d23eaf662e4e2fc3fd48e8aba9e3	0
33.56	d26911a02f50691f9ef9e4464e068bdd63deff69c67a3e297031618a632017f6	0
33.57	5493b35641b0aeb3c70f6cb3a869e3bdc87ab71e0c1fb5ff8dc821d49a86d5e1	1
33.58	563ba1237be81ee0be1bcace30dbea836e0b17c6edefb868e35ee91cca30312f	1
33.59	76d95888e7492efc198e67985f9059c7fa4d0bb5b1b39e4d46fb7054059ccf71	0
33.60	236f77dc8648912c6cde59518757e56761b430161ebfbccc507e5b14cfd0f5ec	0
33.61	33273c9df2b8cdb23fc63886b59f68a32319c7a66e005d14cf8aa676553db2fd	1
33.62	fcc913895710650ae7a715219bdb543eaf1cb64e13d32fe6d8cc93e00bc6666e	0
33.63	49800e41f7d0bd098631155612d6981f5c75e74c7457b9a53cb05c6f8a76e786	0
33.64	d600f423d710f84f217c7f367bbd6c3f7c4d57b5370da2e577aa82b277d48ac6	1
33.65	0e8e48280101c50a265cdcbf601686cd21c1116c1ccd9707a3d76ce8f798b260	0
33.66	60961baadd83d3df10932753de6171df6106954d63c066d3a7481a2f30682bc6	0
33.67	b100cf8efbb8d22a43bd975909a7829501d386b54126bc1cb1e3c4bc28a17b1c	0
33.68	0b0993920173b9ee26e6c25e7f1923afb7cf08544114efed2d45c3cd1a006e3f	1
33.69	84973e29cb3aa2b6d4175f0c5c3875ea33f2938a1db9d8fec2391866076197c9	0
33.70	f04bb6c3e9e63e5b066aacc355fa946045f531dd71b85c0a8083216c5e1d6529	0
33.71	77eab5ec64b1ca291b0562fd1868e07edd20466e03d8c91a8f4cf504fffb4ef4	0
33.72	48787c80030d071de4ef2140343fd57f50d4c85e82200d6ecfddb0840c64b8d3	0
33.73	af58404555f3af75094a8b491cf9bfbfc2f38980f29466688427cb35b77fb359	1
33.74	5091b3c6d38b618218ca3c0756a06f99d4732d4248bfd05219962dfd76d502f9	0
34.0	ab3dcded2d04adb90ad9e1fc5f6bdfad504a9e4c1fe8d09960b96c9c91750bb0	1
34.1	924645a4cf2347da26bf36ea05015de261cc50a4337476ddaee0e4c7036421d7	1
34.2	98ae910078e566db7d7a69809735efd97cad20ee2bc0ac094d7c33832b8367ec	0
34.3	31bc9d3026437d8b4253f37b55627ba0a5d2160678a6a707fa784b9a1952a575	1
34.4	0f3bcb33ada67c35d9acfefc5d60fa0214e3f6279ca866b57b229fe83206cf25	1
34.5	f7431e0e2d3074f092f1d99b9e9b14b8d75665c471f13bb33608b5b8957faae0	0
34.6	d2d449656ea6311381a7aaf00f190dedeca37236a0bbd2e6c5a4f56f176646a5	1
34.7	8b546bffe3c270c23742f157524a50848114c54ce4d8d83da30c9da8b9d87a1c	0
34.8	06ada6e0d0cfdb5eab72e2e9a34fbd4664ca905edcdcbdd2cb2493f98410a00f	1
34.9	e4c29028a058ace901318c6b1d641f169017f3f63aebc42f92bc540738901d88	1
34.10	0a9635f3211fec5fe89148dbd4384cd3ea01c95937a9cf789d34e52f1c958360	1
34.11	ce953e59cd4a86beef7d501cdff11b4c20cc6654df74d9a0c2bc709e2b095085	0
34.12	84f26046596784a3caf2a61f2686b0201364b2531c551453d250fbe81916015a	1
34.13	4adb190ac4d76aa3e3e97a08b122a3cae3d86c9e4b02735542e885b2473ef827	0
34.14	93d19de4ce98eafb75d2b3c7db01d39fb7bf21c2b21922781b2021be5abd7c2e	1
34.15	8d60c4e7f0f9964758983412d77dd6630ce0bcc3fb8ea5b2aa42ca783b4873b4	1
34.16	fdc167c370d561749f876e550adc0aaf8971eac80adb74d6eff3c4fcb58e366a	1
34.17	dac93b929639f57d1cac6004bd277559e60b744be0f4db2d15054b3dc60bf684	0
34.18	e49e3c591465b514bc97c035fe7ec6f1ad42699500473a63ea96552113caf453	0
34.19	4ca5a43c6f196081557f953bfbf2fbda71c3b13a3af0743eca381a062832ae98	1
34.20	bc40a167e1bda4e61234dac3f0f6edf7addeb5f0861c6cb98831e17b87038878	1
34.21	47cb9e05d35e10ab4f36fcc0cd15a94122617bf061007abf11dea53278553fe1	0
34.22	769485ec9f823448b353f4963d4f61be25d468eb96aac352c386dd24bb28cbb3	0
34.23	c0ae9f17bbe712b12bc7cc323135b4457d2ffafd4ea81506014b3697e9b0fa12	0
34.24	ada7b71dde28db1da00b0d71eece4d1c23c38cd0ce157bfde6b5e55029e5835d	1
34.25	a68501a5de827eaeac6ac12dfdf176d92461b129189c9b330ea41efd7db95d05	0
34.26	b8ad2aa9683f56f4a33a9004eb5b0d16d4a41d469f75657a27388116925e5961	1
34.27	dac774e149313e24764c86a090bb82e37aea1b8ae0a10f407198414aeffe973f	0
34.28	ffd4ab88bb9739e774180af5e273a5ce58a7671d0dc5fc792729670e486f07f5	0
34.29	0c6d45f119c7364d5a000ee362e58c913ff86d64b4f24f49664d3aa74c5c7473	0
34.30	53cca71a6e3749c999448fe03759e7abc0cc697f01ce0eeb01f9632f1b0e97c2	1
34.31	aa12177dd02df43c0465bbf9dde789f72f711225301b18fad45f45bd5406ddd1	0
34.32	a92dbd25ff756018daac788a0ec8f6f1a02d965936af0459b8d601fe045824d7	1
34.33	53e812037f85f6497e143985d26154ee66a3a463a1ddb6d15ef68c0c6f0ec57b	0
34.34	bbbe7cbf0f14dd613451cc3c5379d5fea111c8b0534fc8f6b9912e2e13bc7170	0
34.35	3743d5bb858ec2d5cda94a4f65fabe22c91acda7dc5e100c7cfee78686d489e2	0
34.36	af4fe90ea008d1dc07fbbb6fa02d479e35e85ac5cb0d6bfeaeb1e7c128934ac8	0
34.37	851caac4f63e0504d78e5d3a782db4692edfc1bccf5e2cfe318fb2f52e1a6b2a	0
34.38	fcdb05d31806e1642a68181f64a3d1d9443717a4f560c5c808a7f67a186c57f9	0
34.39	37290c9e71272d444b3d0fcf4c818f3e5526ff749fcaf6d265876c4628e7a0ed	1
34.40	d1cbfb6123449de350c6306f68abde3cc9da88448449972d85e7a46c9266e47d	1
34.41	c27ddcb2648547088e77c9e5518a5913b68a24ee941fe4752da603f7ffc974f1	1
34.42	49656a36176262ef641d70650a0d8ae16a57a463449bfa3b1b868126a9695cf9	0
34.43	39cd80475943ed2f7f2c1a02f1f9bbf1ebfead1ae6b8e4e90f18bd4b3ee686e7	1
34.44	0c9fd9a4a5b99dcaaf24a23b9933659dc0f4bb495e963ad8d50d0745e495ce99	0
34.45	ba2159a114fca0f7dc666307aaa9c23f5ce983753fada7a2cb926509a579bce8	1
34.46	3b6f765aadce768950c257b0e288789c9531212f62350b2c0b9e3e534079ae09	0
34.47	d58d09f455d0e9a2459821788b50f8c5fa54e643b276aec527236398f24b4ef6	0
34.48	0853c9446210e28dca15d5fbf864d87c9c2fe0c3a17b76e91aa2ebb416568c83	0
34.49	489cd44fb97567f720a0864134e599344139fcd1ad377981192f06ee1b391210	0
34.50	2352ae36117b87f793c3e3d12c05a68d59c7b0333649e8c3c2f58efb2ce45056	0
34.51	5814cabafb7bbdb866685a51753c153c1bc8b499d39128e3927634e968b69516	0
34.52	b5acbc15bf69d3bb618294ff4daaa87a9946d6c43385ff012bc7913a29364d42	0
34.53	18fb48cee60bf3c1c7aa5d5e5dccaf00ebf5fe8abfb4c35e92d4f755343fc15a	0
34.54	4aa7d441a3cc6da06263a1f72f279a3689b21fb1457673c9ef909e18246bc7b5	0
34.55	ed71d5609ac0fd9ebf7dc4d2d167d23cafbeea4c7f9da9582275b1d6d01afe72	0
34.56	378320aedb4a51a42fd9503b8f04c1366113df404c8cf5a8f9bae834e0652810	0
34.57	7fbe863387aad161244b63650db67381866bdb74ea3d164cd286b524ec4b002d	0
34.58	43bc6cc7ec9007700756252f81b3cbf098d70e9f83faaf24cae791c254f71dd7	0
34.59	26ae6e984531da6762a10af0b92af007f99db0c64ec177f05a32cde5fa0aa67a	1
34.60	fd1c44de554b9b17274e8876e9ca442ebfb792e67fe5c2d2794eb77fafe806f7	0
34.61	2047348ccf5410c8fa21b65a609bd3803d883493597a1979370b067f18eba6a6	1
34.62	569f40aa27dd9275e245450a63e354bf9f54af67d451f1fb018639821ab6a8c2	0
34.63	0d495fdc925d01c7053d2c0ad29df47172f47def0de279347751b8344bdc73f3	0
34.64	0246fecbe0449681b19fa410272500c155e3eaa7ebdbf36730020a3923f7a5b4	0
34.65	609e0ff3ea78ab5d3dbc7a5991579f0df9e7f316bb4078e6bf289c42bea0b4cc	1
34.66	9c54bec50a0fddfcd816aaa6658b9e52ad71e1221f19f2f8cf7a1bbfb313a4c1	0
34.67	7b5c757a50bbf1ba69b113634ab0f5bebf3802e3ead6059937f4a5554ea816fb	1
34.68	45fa3b85974b88fa12037bb91d305e236cc06d6b96b4929001e81ea8c3569cc3	0
34.69	2a58e850119e7515c7799a77e789c1fc853ab29cffb74058a8c1e80a924110dd	1
34.70	7808d98c77a36429b61e7c1af4a00fcf02898dc87f6df22492d2b9c71c6edb0f	0
34.71	86be5e50e98fb348d7cac79e24cd5f6357f54a1bb5cc233108dd314db538bcfd	1
34.72	470a4ec629c1a9039e474bf6c8c313fd90a2d798eef84036d8aa574e5f6345f2	0
34.73	abcd23a6aae524c1454ed1166d6f81152e1e0db345ba1c6e443088cd2faf03d6	0
34.74	1114322a83b704384047d870f48cd5fe2c39640d4845aac62c115ac3042c29f3	0
34.75	ae07424fca6263a2d77d056e038c0d3428e188bf24797689262a76cd5d28c61e	1
34.76	7d1e54d8d3f76a3dc240124f15fd36c9922d9246127e7bc50b089281df54ff96	0
34.77	4d44aa4cfd963d20c727e96716478caf6955171730a7ff7f785e40315988a668	1
34.78	630f9215e04c477445b90587df88645c0e2afc249898941ef94061a7f2ad145f	1
34.79	d6d0e3b40438ed4a832692872a30e36a33ad1fa5d67e15edf5c734ff9bbd800b	1
34.80	a0b3c67a9153f75414d0daf10f49478dfc586b47cebccb4debbb02e666f3e9fc	0
34.81	670133c5b20d79d456a4128a172a2eb13c20c49b822c9c11bdb8f893ff9bf01d	0
35.0	62e0f5c296c4875f629d2c980c6fba01b751b5284a0e28a309d1a94330d62741	1
35.1	7c780abeb7c8c9ca93d1496c61411fd629a860787364ff4ec73b6884b4a98684	0
35.2	fea62a7be1341623626902f1214f1bae7032c9f407d919b977ae55f40a67e3fa	1
35.3	c2c6201f789498370c71f565a1c898314d9c41ca0be7120c856c16e98e73447f	0
35.4	68dde3211d837c75b3f6aabf9537f34baedac1a273c71697f996c7297b8dda21	1
35.5	31edf7f8561f733bc0bfda9a321c01798ecc5990cb044645d576da0168a0ff50	0
35.6	4c3672b12a229b6c4b44fc954e4839bd39bf3c997a15bdb68723f65a56b0a10c	1
35.7	95f8f13bb7c9a5e1c77ff01c0238068e21ea198a86067d9cea6247edf79d7032	1
35.8	76bb89e7e5cf0420f6aa668618889c45a3fecaeceeee8d517c3527f69b69df50	1
35.9	43af83ef673628036e24e90f362416be93125645f4098bb59bd143535fde82e9	0
35.10	3d39c91f1392309211b5e42649348c2b8f50d28be3a0454601218390ccee9eb9	1
35.11	a336c7a60ec6e846d0e7f28b99729d97f0d7e293256ae67489fab956d1de9ba4	0
35.12	24dd48082a73896d20f334886c2d98a03f5eb9d06848b019b6fd70680d084de7	1
35.13	ffc656a1d042d9997d4772b19fc870deec68f109fb99bad8b669b0d3ed1ce8d1	1
35.14	aa8f98746e40aeb51f278a22a89ecd4e0131401eb04e55bbdd225eee2d4f80b2	1
35.15	e70e8b7b8157aab2919aaab1a3febfe4ca8acdeab840c7966392297b91bac660	0
35.16	ad60eb4c23769e60dc7a79662b25c041b121386f98f356acaa5f1f86468e3878	1
35.17	dee175714403960daabc37371d36003b38be62f2966e6f7b04d00431fdd9154a	0
35.18	7aec617a842f9cd2714ac2393d1fc62eae493964f400b61253426227d5066f43	1
35.19	a86f5838abf20aebaf0584c3c847fd8d5dae5f4fc63c16a409d4130cf4583735	0
35.20	2b73ef63ab2b152b0f0a9307549f227c9c93f94609b90f317545b26508ead373	0
35.21	11016e22be4fac60150cc2584e3f2880b0b23f4cb28cdcb2247e8660083acf21	0
35.22	91186a2110fd39063fde7a4477e7b09e13ec1c5f8f0195344fd2539a484ac55d	1
35.23	a858a7a2fc53b415ef387d6bee03dd78ed8e03b5e39b4d12c74a43fe800eddb6	0
35.24	dd081195d88eea0705be60026a46488d36f0fa11f88d757840179522025b00ac	0
35.25	d5d3da408caa1439e39934b3800bb014b5be71dd46021cfd3e4e914d31a1898c	1
35.26	78bc1c377972e6078ca2bc2e1967c5e6771a9f09fdc4e36fc821e784f391c404	1
35.27	33bd95ea0facc0463b4b08195376c6a5bc5e13caaa78fbc6b3d97c109f4e41ec	1
35.28	7afd9875ee45cde2fe3ae3f89ab3923f810681de7f3377af94ac9a0a6150e53f	1
35.29	ac1630ef9ad6968e747027ef71cc1382159ed5dd80cb62dc68793ae4bf1f5431	0
35.30	c3a633ad8e457fd908c57b4a43168f53a373cf11ba580569e090bb7ebf7eebcf	1
35.31	397bccbc666bdc63911a621f9409a804cd7573185e853348c888aae2bf9f1550	1
35.32	38ba3e1dd2783efdf8efe5dcaa357368d1434af5dc311f42b8cb9e4487c624ac	0
35.33	e63485f40d37c528ab633af5b6d1fe77725195db9842d18b40a9a44d9c3b342d	1
35.34	2771ab765575271fd3c822ac3d4135073bf090ffc11e3809f665d1bf1cdd4bab	1
35.35	32e6ce58ba19925b7bd63be3a848e3bc17082e1fdb393c7e7535b2c16cc3361d	0
35.36	2347c11bdb5b648f85ab8e804e88bc42077bd5d3f0b4fed3db5d76c2abd1b7ab	1
35.37	6091edf12bb4bb32815e004a5f3fe7ead61b14a1c745995c761e43af41ca48ae	0
36.0	6fe4fb2bd06c768ffd703fadb394a609201910ebded1767898269dc03862ee70	0
36.1	bf49bb288916b4527171495346dbcb233dfdb5e27f1ec5b02db11b42d54937fe	1
36.2	96c540ab3364338ea7ab8195e76b6de0b9c4b3a10c76fb78ba4fa07d4089bf65	0
36.3	bf9ee250242dc9be6ae8a64cb636db6ea70186d990757358b8947787279f47cc	0
36.4	e73a68ca0f705e1f61ce9125be8b8ca5d637a493013821fbcf9d06b13361c8bc	0
36.5	0505970ca0da83eaccd388c7490f55cf2bbdc4dae22bcbacdae3d6e6f15b14e2	1
36.6	7c11090c34e20893b34c1eceeccbecc9e26abd8ad0bebed848d139a10b3e6435	0
36.7	b1170293bd9f3c85b86e8e983d548edba783fd53c8ec1f82b7da675c7f499054	0
36.8	bb1fc308accb1b79124e073d3a905050ac62b5fea5ac539faca70138f756ea4e	0
36.9	738602000e31a0a6ef0ce95665992bd99cb3e79f506ccf23b61b297e6c038724	1
36.10	16ef46ad4e1dda70a142dac7e3f1c6f3d90a47558128de32dee30b87249b36a0	0
36.11	112c52ccf460db1712720f0bde4d902bb3157432b373fc25b995d92e45b17cdc	0
36.12	57a616816dd9ed613e798d0fab1c37e0abd1c7b047a78541eba23d6264cb6286	0
36.13	b531e5b929c5fd6269f5109dec581438138f39ce712afcca361ab9ceb9072796	0
36.14	8c7756f9e5460cd848b23abc974862bb4b1947f95d3cdc46634e1fb9a86c6002	0
36.15	bdecb384d2caefe3e61e1ca31da3a18ff69b697372e6f48f75d5303b7cee337d	0
36.16	7ab54b48298d4bc4c08cd0022e3e1b601a4051b79d73ae9062817f017cc5f8b2	1
36.17	025afd1387559c945ce61cc4cfa77e7b0410626af0860fad7556ecb10ba065bd	0
36.18	6b914d1d35dfc8a50b8ec8b5ec484c03e8b920139ffb0df3f3b4df6546eb12b5	0
36.19	b51283cbfdcf58052c2002345db37eaebe92d76a026a1de5ecc64b95d05d7e5c	0
36.20	644a2dfeb47a1c6aafcc685f2e9d1c9cd2176656ffe5e2da66fa3777574adbb0	0
36.21	e32343dae4a2cffeff3dff7621b7a31d7185e54f87891fc464416a3391912114	0
36.22	2179f5a1321c241d9a865f1c9f9afc80613379aff468aab4093d945f6a538fbe	1
36.23	2717ee681596860e611a01f11465156b90896341f4c24e455d525162ee0806fc	1
36.24	483a1245bf6045b1e9317763a767b79705adcd7122d6fc16b7a29b94329944cb	0
36.25	7c52e4c14f43c94695820b8506e06985f5dc3f4473418f88d0be30bc716ea3ee	1
36.26	4a6e5781ea47baeddff2c10adc9a343b7b9c7f0cef9d75583bf52b005fdc9b75	0
36.27	9fe7361cd5ebe89242fc3b5fb07afe4ea402ad9d6369d7f23916791119ee095d	1
36.28	fb5e41b12256c7cb0d7f642ef29036f6b3ffe94a0065b8959448a4fdd365a714	1
36.29	4c27b78b0ddc915fa55579b5ace7faeb02e47e641155a054a391d8635d9548cc	1
36.30	84f9d78ba1eaa2b93d08650eb62f5bb292de5c342ad84ec3f28934d879600706	1
36.31	0d209ec0d1f016994416ccbf8b193058d5c3496c5bb9f950068c1978fb0b44bd	1
36.32	ec89f2246c7b048783165ef9fdac930d836165bf1cce6a71115259d9ffdcdfcb	0
36.33	4ad1ae432c1542c052d74111ce0d398072a384faf0f7ea7c0d4174c237cdde1c	1
36.34	69a5a17213d1b2b16cb3ae8f350f04131661233f7a053ce43ef2b823c6570646	0
36.35	b18c9184f7a9e17cb5acc68a32b567972f52015bc185c70cff128487b54a427f	0
36.36	121cb58ce07388d1cbc60bdf0f8bf7aaa64219e08d493b1087b622aaec025c16	0
36.37	fa8b14ea675da61d957dbd1cafb69987f143611edde877d8101fda82482a8353	1
36.38	fd3a04d0f8824b2f4c12d55bc6ac07bd731fc41915312a90cf15853692091a1f	1
36.39	8e8e8681221d295b3a2aa8e487f921cac38502cf901c24038b49e3c1199ed21f	1
36.40	0b479d4ba05e01cbedb233f364f3694c4033434d1e3ff1ac1173087ebf879cae	0
36.41	11bc1b45f155ef28f664b148801b4f85be1bbadb1141ee9b667029b471d3e0c7	1
36.42	e51e0227f309baf76fe64d77128dd11987e72a009921c10208ae2841f51d4e30	0
36.43	6a1719c864b3da5b581fd8635ca19bd4bb80bec2eb8193517d42295c98627cf4	0
36.44	715263645d29748e3643909150269d00c00c7e1b7b18327351b3eef219379548	0
36.45	315f967a1ea509b717c7cb14956fdab5c971160a8ccce3d69681b762bb9f473a	1
36.46	4236ab3d2c6b1fe47bac92591c2a1f9aa1ab1ae767ee8fab0a7bcce34db412de	0
36.47	de6d7ca2b39aec76eb9ebf3b17de62c15c3ba2cc01fe14e0a280b2aaa8a457be	1
36.48	01f1dbdff05f373dd8a77c51f02a806dea8932adf33295e8240e39a8d0fb879a	0
36.49	897f72d65a7b20b04b0cf8616574771988583072711622f5d07e6e4ae9ea9fb7	0
36.50	fdcdf133e5d4b6300851cf6817c2ac70e371e235de0d82ce4b9ba0ef6e026aac	0
36.51	57f759f4d59c1a5430e48c14ae15aa2884dde969d7f3f441f99ef206a3a3a128	0
36.52	c8e66f44b086309e5e66aebbd1382f16a2ff7b1b29e08d11734cf5bff3b51a24	0
36.53	66469dd5ad8bf12e69380bbb976b48ce21cce28467b2d31184d37198a36698bf	1
36.54	8bdcd2376f44b2355ed9fe273c2fb745a9d4c83d010e9716d4aee90365979934	0
36.55	9c3465bfaaab1d430b957d1c6b4579e4312e62c5bb435886f612d12b799e8bdb	1
36.56	cbd053945abf6a1ea5161d4f259a2841a9914e2595ad459a79d4be1588d46b8a	1
36.57	c53728c0824c808883344f3d7c32ed520d663e261c3f747884d3ff0c30da463e	0
36.58	514498f9f4697aeab61b4d3ae500eb487453877872930682c17a46836198faf3	0
36.59	00e06c93e9f951c22fc94bc88b158de95debca42eb6723c4a30820fe89449c2b	1
36.60	df7dac17d1180929da39fc48eced2070f59ff329a5efd04a8896f7d3c0d45910	0
36.61	3068d22c4a817fd941e9da108663040c2b3d1033ce9ed3b2f3625ee065efefa2	1
36.62	ea7bbeaa0ace584609e1086e5fc4afb4c1f8eb92e0e7fba1da9e76c2c011c498	0
36.63	d2c3652901f82292ae2061a4d349d32f09754ea24013e89c3b7d6673cc2c75b3	0
36.64	a9226e8d28c663b3bd45c6e0c292b80b99e2800ad96083f28b925c349cce7b4b	1
36.65	f2c03b50c687a9d14af2bf2b36a520613513609112e5231b89e3fef9d6e9218a	0
36.66	1753b124606ed302dd983298af575066fe7a6c9085e5eb89ab924c6fbcdb8afa	0
36.67	4588543e5ddf530ed5325f10d39327422e0b8e6936f848c489d3a9ab190c29a8	1
36.68	51a00618b4df8455038e002d14d221fb0ea1b6476bdf747c9e3e641040a5e1c2	1
36.69	c7c7fe5ff1e4eecaf1cabb64780045eeea54083aa857c9e755498c688e754c01	0
36.70	2e3318ae1c11ce41b1ca3c4534fe7f388da93b279571e40ad6dec93f1ff8e5fe	1
36.71	c4f8020825b471d4c2819e9129dc3b89c10fe024f729180b41e7515a1135c965	1
36.72	8df8ba9b296b170d3e3207e1fa0bc42c0ae17e1e522e30917af6c044a326039d	0
36.73	3910587e17321d47c9ae6af7fdfd1925e61db7e02478bfe5ce0869d5e7c16a72	0
36.74	d0e4ce8891b6bb41d8c2d1013014c4970a7d186af4638e75e68d96da273da994	0
36.75	47ad2c688a20f669f55b3e2fca349205cfc9da31cef7677c211cfa16afe5aee5	0
36.76	4c246a01128c052b1b2c3c87cd83f0dc08f547f5923cacb6ea360d5f6ca34f2b	0
36.77	c871387e78fabc19e0bec463d27d4434e3ae2095014472f945efe6df0e9576c0	1
36.78	cd44ca3427bc6df74eef2d07ead425ea72b22d8baf0f60c157648174962f2776	0
36.79	cba9d380eb631c62e75f0e32facb66a053484473544d56cd135781c285ce8a21	1
36.80	0dfb63cb1ffd4d6b4ee9c3e8264a9fe939ffe9e78b88c496c467c7e9db9a58c1	1
36.81	75fc09ad50030a83362c2081bad03dca87760e55bf8edacc8926f5bc5d8d01ab	1
36.82	5672b1d694fa3fd8996110117f4ea9720ba40ab21dbd61f52865c6d74aecd6ff	0
36.83	6ad6d69aa6840424461a8296bda10ac99cd37dd9212165c9f4a539e31151fbaa	1
36.84	f33327ad81f4a18d0ff83c9688ab14c54b0e755189c3d677eb5e6fe8563c867a	0
36.85	58f2d0b083c658011305b5373928bf6065ffd91ec85bb7b7a8e7915d53f60185	0
36.86	24cb427305eec151a49c60bf8eab4725ba1615a7e92b349bd4757fbd4db3d14a	0
36.87	20223b6d09d3bdcfc4a11fcda31bb2174c3b9e38f8c09401e1053c23aafa5691	1
36.88	fb4476bbf2a198cabdb57943e79c0a1e5cbb510a912971bde59219fbf3a78470	0
36.89	4bc290c0e85e3943c24b2e99cd464a0b6df8c7d486f8f94ddefb0d999d78a0e0	1
36.90	032e35453166f4b4978508c4faf36bf73f8520031834b3ab86ae3e40c55c4116	1
36.91	aa66da4bd61ee2009e79b030534e7164da571eb978dc62e5c970ae6e006aa82d	1
36.92	2cd81b84a47e8602865dd4e5368de2915b1b192529eb7aa8260501a1880368b3	0
36.93	f12fc42b0523f87f16c2a35b56e8572a26eec6352d6793b4083e3d906fcb5538	1
36.94	65b6af75143502d1242641ea97ca751a169d885bcbd022060ee8e120044c45d2	0
36.95	a0ff4640111f4768993aeb259bb72d8c9f39b2278271bc4bd627a3da4541caf2	0
36.96	2eeee601cbd928b8be91560f55e9bcfc845169a0b165990c751498aa229c0f25	1
36.97	b910f3a0f63962180a7e9139d33e270d80c7c6e48884810e997e70a401164801	0
36.98	b5a0ed9097d8fbfd6c7c711ae33bcb3caaf80c6b33399a68bebe919710144f91	0
36.99	903091d1441233877e35ebcce8e85cae87987ace6aaca03c3ee17544dcdaa524	0
36.100	308ea04fc2fa69bdf9852ba6d50b60e5d040b035c6c928e619e3bf6b4efa02b7	0
36.101	633e176cf97230d3f560193549997aef4cb2f798296844d11285b20407b91c65	0
36.102	a28f4ae9d6af3aa2995e9fa75e6e132642bf7a9728da5fed1ee832587fe79c78	0
36.103	7d63d1f494300e185d62d01a80e9796efbc063d70e239dd58b51fca914cb2cf7	1
36.104	f66de2af3bddb385970380b872d9c6f6a890f6630a7e242b7645b46ba08ca232	0
36.105	0dd04e4f54d6c16a2b45a61d4a0ca24a0e7096ef919b836dbf86dcccf0e14c9b	1
36.106	af5e062cd232836c9feb4f60b9789d807309e4e96d89fe15dfb1ff36a23a7c01	0
36.107	562b267ad75f58811f0b65344297202ec40579e5da91b0e24cd0ed1430010756	1
36.108	d3ad5a205c7cb9bf8bae8272cd6073ff42681f61525427308e6943b1662f1c2c	1
36.109	c95657d81bf530f7662a21e8f59f43bb25e2e42964dfd889985f39ba8f04ee54	1
36.110	5b8f7311bd837b615d9238076f395a421ad3f3f808bddb53a54d0b16ec37fda3	0
36.111	3f3450724c57cb9e2202b7d0a04f1e9bd5e55356e602f5cb93ef29197cac7489	1
36.112	3076d92af1a99d70e6e38a5ccd74b4297f5dd689fef1d7bb3c572467d1b59006	0
36.113	287d2e457fa926c1b24e77af6f1ba872a3d74aa5a70c1e9eb3f733993f78b45d	1
36.114	fa938a669f4b2b9a419c8a372b05784f5119ce303147711c00b579dc19e83916	1
36.115	5a50746e667affe421cc8ec1606f37fbd229b28e536b221267f75702b6af812c	1
36.116	b022f5dc4911d7b93a29f86ef8fd4d0abb49ea7e458d78cda6ebd0d445654f39	1
36.117	650c81e1fbbe4b8300e670badfb7ae72ce0cf97b8bfce52e37ac5d954a6adcb7	1
36.118	25428cdb68082fa4636f0cca8184b0b6964ef3ac7090ef90150b5cc6bca7926f	0
36.119	e0ea0dea9b010c7b1e0d10a8f2c7226ea2a573ca97a1fd053cd69a8387c113d8	0
36.120	3eb841dda7dd49f811a133d3b0f90729fd40efb1031407cd3e73612c4bb309a1	1
36.121	e8434b2c3214e260ced3f6d56ce3dec8b858262c2a0851d8f43fb072d616db64	0
36.122	bd2151d12bc03edbe798f91bb8ea254906afdd878cd426079a558df5ae7c0064	1
36.123	3425e8efbb585e7d7033f3eab8d4d94f83d002f2f9d27571b905c0ae5d04045b	0
36.124	26d7eb56a92550870bd9a146e8efcafbcf55d112c238c58f1ccbc6d0095ac950	1
36.125	f7fb508d8406c513015032793b402b7108184dab0f868bd5e6418d3631190d6b	1
36.126	c9f0a68af643bb1ea1279b26a550dd8dbd0dcaa288bf36106606df3c4b6aec3d	1
36.127	ef9be24757f813ef3779de88b2f806371c220fb34f01f91025f0c2768c22b7a0	1
37.0	d94b1d847f163c2d67a2f90132564e3b923191c505ddf3d252754dc078a93441	0
37.1	5aa8a1c921454c45d979c472d4a0cbd28110dc1a9a1cb8dccde412014d4e6c39	0
37.2	7cc15f91004411d0555b392ff7a9762ee536827aae11f2b69c9bf8b66a13b6b6	1
37.3	769cddf8cb2302b8103111c88bf751454500aa6543b87ebbca13c3c962c659c1	0
37.4	ae404f1eeded5b4eaa0a8d5ae9e3b804270ccb50d2691d50ebeba8e3acb4c299	0
37.5	1b5b679561b92eac4e14b3d0796d19fa041f7e0229962ee3e75d5672c6479fc7	1
37.6	05aed39d4a2942a7426c0d702d1c9766d0b332578007033ece97062302dc20a0	1
37.7	46b6c22966184348f36fcf634ca573d62e29880e77e28629ecc48ef4cf277377	1
37.8	94c18e66d379a1be5b0d8a86f0b0b9be72d829f5c8e7e900125c1afd74fc5e39	1
37.9	bdb4a2f7dab8fa514b441bdd7adce889c5b8d47071688260da43eb8a5fbf4976	0
37.10	03da7692c2c779abc7fdbea6918d4dd5dc041072f8e9d02500bbb9b798689056	0
37.11	b9a69b8f15152ba3caded6ee06514d7e5737ee46a2865943e188cbd66052158a	1
37.12	48c2aa81447e061de290351f053123b0627cb8c8208dc74f6eca8280c25142f3	1
37.13	123c4a2c89e0c23d523c6002ad47b10201dd2f32234487e7949b74b403961be4	0
37.14	216517404199a5106bc228be7b1f9cbf2015a791198b7774991557df398ee5b8	1
37.15	7d2ebcc62996537dd29ebc34539e35e57d895c696837a64ab12d2103915108c8	0
37.16	f77c04f0e6d9af238649c47e6007b2ec094b385298a38215baff3f953b935ae2	1
37.17	0e93fd3257d61a63d71f7550ccc8e483aea44d3e285a6c6fa5514ebf96d95043	1
37.18	755c506ecabbbb75f8da0bdd8381e82c5f9d2f6b327b85c853270e52edba71af	1
37.19	204e2056db528324b75005587a6961db229ad0ec9706fdb39a0102ae3e4a25a6	1
37.20	38f5f7e95fdaa4900a10b350f8e0b1e1986f4f0da6b7960f673b649c335b1f07	0
37.21	9c4607a5ba305b980a93d9f1026033cab65c0871be7c2fc7c14b2f66ae809d30	0
37.22	a4b9002c02d62f43ee15e8a8d00a8396d2f879e178adb8a0415c5db7d31d363f	0
37.23	3d568d83a92162dd7292df7ebe6993ee07961f063e94046e5afbc0369785e165	0
37.24	895607b75854b2979d86f92e573a413d14f52c01ce898b01dbc16d94db0387b2	0
37.25	aa0be3207584a1a6d6d1380dac0a78c2ee8151331cefbc7355dc5e24714155b6	1
37.26	750acc4809705743c1c57220b92e576a50fee0e4761965efee5716b2f8a4ca4a	0
37.27	c338aefa2143c5c88b21ac5200098853be77f39f94c7df2f7a9d7418dbc80b70	1
37.28	038cb961feb27d814fd3f6b50255d49c423f93b07953dca118d063420dd6133b	1
37.29	4968142f789e77b9985455b14a1dcc75c41de23e3d526a1da4b99ba77a2548b7	1
37.30	c52ee5b4de316206f4c7b9aea757a31cbdfd2f9f79c67ea33a6370c3f00b04c1	1
37.31	09e8294496674aa9ba51c5eed70e950ccd5e739c768f722c41c179af0ed65faa	1
37.32	ba1d6e570e076b408c3f19305ae9603e7b15a437184286d4e16b0135a347680d	1
37.33	4d00846ad147fa6aafffbfb8cc63d8be2bd4233ce57fd185532953c0d908d72c	1
37.34	d926b12184d68217d1550fbc4b9f75f4f90b4e4004c497e9f228ebc359f6ac0f	1
37.35	961951218e9ed2c3c9a01a61ccc1fe66af7f0458d81f8ea214e2fb628db67b94	0
37.36	e270f0a7a042a267da56d94a7ce406eac2a34614972578796c2fe4233422726f	0
37.37	7cb3385d9c08f5f1c18af32f4d1d8458d652b1e1926e56662cccf6d178a0ce2b	0
37.38	f6aa2ac2bbff9f0044a8397c4e7070469a100119c52db30baceb4247111db127	1
37.39	f1272e9e9b5a5dc8ab3265f2066b4e6ca0d6a5dc13ab16f51d8def2ef8e8c2b6	1
37.40	ad02f5835729b91dc1747a07758727f349c184b36f5dc3705c00142c94110533	1
37.41	582aa556d25c8955f66007aa066f6d85bce49d9b019915b0abc0a336a037315c	0
37.42	f55d34c2f00c367f9d297d5b87af8cd49cc60aeeca68a8909e04dcb7979f2f6f	1
37.43	0d4c90ace023e3d0cf9347c834e5334f9b9fe3c2a412a9d9cbf5700caabdaa86	1
37.44	6c63e3f82a1fa3acf202ee6045da8e20a4814f10a8d659aab49838ed2b64a348	0
37.45	b3578e1b0d3cf06948aa1b73cae288785f41557d2bf6d57fee569ca51196c736	1
37.46	4ab99463527343ddc1a09370693e3b6b3af3e5648bfa88d5c90623dbb1143c18	1
37.47	a6d9756b1f36879502d5d3119663a0a9909899a2ba42baf96d76683f313d5fae	1
37.48	df944f686abc1220f6f92654d322aed9377f9cafb47e3a8f913ada6a28d8f591	0
37.49	ae3c1fe5e14ac9aa773d6c59fe786229f36321a8741ca45a705a29422e3b4f82	1
37.50	734d183d72269ddf982309eb4fc6bf4d7b1fa832d2775d8fadcb38507bd8bb3f	0
37.51	faf77750209774eb710a79dd8138c898368ea791af970e117794a791b83e76b0	0
37.52	2a1d63e40ffd23938e3614ad35218571e90ab5e426aff14a0711f8c0343ea953	0
37.53	1bcd160b3a7740d393276cb42753c992658e339de489633ec05df49ca4f42f0c	0
37.54	1bcd160b3a7740d393276cb42753c992658e339de489633ec05df49ca4f42f0c	0
37.55	f2575fbe816c55c215e459b804a3e7697d20c66284794acbbddf1645cf309b3e	1
37.56	321386539c3d4fd46733e5b43d70bcd3b5b43c144bad094d5a71da27a70ba5c2	0
37.57	8bcd9d483a2b5aedbc463f405ac56a195dea21443fac05cad70dee0d9e711c4f	0
37.58	046855aaf64e57f94fb9e5fe0e30ce396deea332221502aeb6d8f272218a6321	0
37.59	3d4dabb482b944572d3c6e50f83078c753a8ec9fbff977995b2144d58978f696	1
37.60	41532246c1be851253143e84b95b3cc1f126dc3c6dd76a70ff3e5ac183420a85	0
37.61	a74c5fbbb56af2bf4af6182cfc548d27cd6c37165f20accd963879b334e8771b	0
37.62	7fd2693371740c4e30eb9024ddfed47e71ac6680b06f353ba6997d4ddae21bab	1
38.0	03b9eed50a857452bfbac568d352007cf77f351324374e9bf776b478c22b6aad	0
38.1	adfb16fbc55dca22e59b9654c343d2f3c9eac5e0d57bca4664c26f9ad2d78ccc	0
38.2	a6a98eda44f343f22ee7d03005bcd2d9df19eefc89209c9337cdcc991a201262	0
38.3	c9e3f8c7f4a30fab393690ab4df7292682d2ff6b913e74d85f5d4f30710f3997	0
38.4	321de911921e19bba5db3ec41d709ebf779fb5daa268526c92d0ddab9553c302	0
38.5	c754c48685c93f798f4c74ce1865748e2ea69183ab21594a177a1273f53b2aab	0
38.6	9fb1726909b0c76632c6a9cc9febcf37d111a1c703547b993f855bc15c137738	1
38.7	2bcb8df429b97b90e1fffbc6a2c7418db9e25b620d91972b990211f5a7143ca8	0
38.8	1bd105f48111bf431cd689cebf55668ee2f575781c48dbbf028cb621f9a39073	0
38.9	6aeeaa85a8417de36591b0703afd53c4534bcb9a777ec37a7032e29895e398e9	1
38.10	6f2978b845f12efb2abeabe9305c36e98cffad28933d6569dff5c109c4330860	0
38.11	670ba0446788e53d54867ef1ce34e0672ee828bdc80aa6edf1b855abf054f494	0
38.12	8ef4843743162e3bf26a46688dec0053ce3c9b3874ba4e6d2a90a62ee232c711	0
38.13	704988e95b77eb853cab7856ed3993ff6e7d47b5cc6967859d3f893a62128189	0
38.14	09e1575d760d10baa902ce2e384ecbc137adf320dde73b5949b010a05fcc83d5	0
38.15	43b7def8fb0c7df53510e1719362db53442819eea706fc0cc8a4ecc0aa5f585d	0
38.16	12983ca6ecb2cc890628da9b0f50ec4fd9be5cdc94ad54616079ef85f7baf00b	0
38.17	e069ba2495ddba07da0abce5f644ef21f3b92570e101a4dddd8e89afb2bce3fb	0
38.18	d601c7b3d1340f60b1a50bb4710c21f48898f5950858b0869348a219bf461992	1
38.19	6ff81f14a34708c38336ca97232db054a3800a8a9e6e4550db80971b8b724a0e	0
38.20	a7cecf5b350aa43005e00b34a2f29956fe3c65412e224fc516c36f17e458b071	1
38.21	cf87b23d0f70cff8f9ce62b411ad616fd9be0b93edeba67c70f647e5a4b848e1	0
38.22	c5532e00dc93726b7d9c9748de55ebabd81bd3edeed550c01ef4c52c8c804147	1
38.23	b67d33175c011b6ff90e96e899772ab3b095b012283eaf85bb320fa0b5b2db5e	0
38.24	d691964e2e67dfa83f208f58b8b97cc7729ea8489ac939d3ce0918b745d3b789	0
38.25	b4424ce798fbfbc6d1f148f9cb7fc6f910f3f85e9ee3c6169854a2e88e524164	0
38.26	c8cf73d2ecad37088dc71442e787573f63e18aedb42d6b692a487b5022828978	0
38.27	bae30db72e776be40c976d71c98f394c5188ce72119728d67087bb8a60910157	0
38.28	ae5e17a5ff4b384d4e3770f011ebae1b4ae1e27b1358e2e28ba2c8de8ecec99f	1
38.29	20529c2f753bc4144ce3080c4b345406faf9fdf6b75665cbca7a3f150f939a0a	0
38.30	011375fb0194c76ad12cae711bdcf7b7b622115ca020d69c92d9b5047e25a079	0
38.31	6d30ef9ff51be2902214493fada443e5e37dc91ddce05ce77cd7c2ed9c48ffbf	0
38.32	ed2835e0c7ecee9a053936e4fa5f98195fa42a8f2f7fcbe950bd5d634ebe0893	0
38.33	a621b1bad33c40a348e758b9235b6f51a728afecb35f305b0d890c3aec6c6981	0
38.34	42c4108b0690454906a0a14c601ab05c71e489280130fbb00751c572a39803cd	0
38.35	2449abd293645555e80455970f6b4980cd99539626238cb733b88907422bceb1	0
38.36	2bf4bdf26071c564c90da1aa2d66fd8b8fa25ab00b0df2ff3d89041615cd3c5b	0
38.37	02501857cafab415237a6930dcfd30cd4d3c4f97abdf1e05a4ba3ad32e8afa1c	0
38.38	dc352b16e7ddcb4797b762873c60a1c7c78d0702296818dfde0d8ebf020cdda7	0
38.39	3cc3cc6d9c800e7b1f36dccd52b580b6e0f40e13198f60b0383a56d811f6e9a7	0
38.40	10f568731eb0b964f1a211bb58f44ec5e7ac9edb850a0a00160ef48993f9e296	0
38.41	8a5ff1944c0e23761d196fbca66646b5315bec3be87cdd1421ceb3c679722271	0
38.42	a1e666846743cfbf068fc64a313cb0a56c89f076b1b072dbb354d528859c67ca	0
38.43	f7b5c3c3c485b10b7f47911329fefce50473a63d18e1aff78d128bbe7a5bc405	0
38.44	c23cbad89cbf7828293a6a8c5f4b9769c37764a7092e5d53580a05fbd763f22d	0
38.45	b7c9857457c87c2ef11c0655fde909c38cb2a1e777a8ae38a7654028c99c0b5f	1
38.46	6c259addde6a2ac42e9f5a34bad151290ee3a5379ce64f631ea6562d13c718f1	0
38.47	226676f0526f0cec1305e21579962789de16d7d6a06562ef29b1b75f1480cad0	0
38.48	93c3d23316eb704c7a6f7a8fb6ec3601c5d1b626c0addc1c4dd453d561ad232e	0
38.49	9616dcd337a142cef1ffc3962ea097f519eeb91f4a5c8f954b87253beb7caaca	0
38.50	8a5728b428d8cc681e3e5442175b7b198cd1db523684b8d372bd5322ab3b3350	0
38.51	4860dd647cf8047629f15be17b54fb0bd76185a3471d25f8f37f983af952b276	1
38.52	fd520a81749d41d0f218a07c3351021346c7b193d261c78eeed201c92a6b2176	0
38.53	4efcb3be25d882421c6e6ed1aedf7f103933950c4cfcc7612d07535da716c69f	0
38.54	1bb0170ae5947bde62ed598ae6e4bf84d31f9d07b24c0c969be5e6543caeeca7	1
38.55	ffc51b8e072b399ab8e3c77adf8d18d0ef53f105655d3bd427c8134b6041fd96	1
38.56	ff105835f0adf357661ece692d08b232ecb1edec30be52bd73d498c28caffc94	0
38.57	13a24fcf7604992ac2ffb9984b67148a65f25f0021482e68b787f70e38609546	0
38.58	c8d05bbf242d9fb570f0e268ccc253aed8d2e9ab466f9b0b371981d542d7cce2	0
38.59	879f31c8a79d56ca655156ea1b05b36988b0891979aade0d18a741ac61efd024	0
38.60	6b469e039df41757740c149d5e6fd1285b700228b1765cf5bedd4d7a8794d7e9	0
38.61	2115c7de2efbce97f5b946f4a3c810906220a347f070a792f352a433ebe98058	0
38.62	cf10bbeb0ad90129e619fe3cbd4d16bdfeffa2ce8c4dd6aaefbc38d107560049	0
38.63	52fc4db89d6e2fd5adf0d0cbeff3f09f5280ee22779a8dfbaa009ebb248d5dda	0
38.64	5e7548e86d02de6e732faacd59ab4921315f89da52c1e32d235262527bbcaf2a	0
38.65	9bd5194854c0f3a1b5bbb6d79d6c19ee7cb7ce2a4c75446dd14acbe9b52bf89c	1
38.66	7e23440ea550bb33919d2fb52f1623fb5765083d1d52413076c26261c0de2cc9	1
38.67	7fe5d6737c049a58f59994fdef8e9c998076c6d27c884fabfef9aff6cb78d06a	0
38.68	a67d7e448d502de54192bc7b51971fe80a9791d5a94ca72d7aa98502b831ab9d	1
38.69	6950c7620afae7c6fa3017a4e224953f317aeeb9a3abe19a2e2469766202688c	0
38.70	7536d69189b1a5880939be923e408d23cbb4fa093587ae06885c17a1141cc95a	1
38.71	652e4da9a438f001c89f23a38682b51731166c41f16d957d3b7515e67144ac9d	1
38.72	3c9ef988c654579b03131eb1feb71013c352fd9f6ceeff2fed924634ba873d4c	1
38.73	194e7dc771c272284d590aa58b67707e6e4279cfbf935c07dc665f345f70cfdd	1
38.74	bb91402fe94dd3f7a3b541322c3aeeb47706f298cc7b44dfbe678c36734b1482	1
38.75	33016b106e7e72d45c69670a200f3858421e856b69fecccb54147383e5952cd5	0
38.76	51f0bac0d583fb89087a114fbd2eb7bc396c21cbe02ac23a1b9871c1123e83bc	1
38.77	5f9c8ec2e019f8169b570fecad066e59d0a419a3e1682553ea74a5de20430c2e	0
39.0	b9b61fdb9c82b5c10dc40be63f8c9d796697fd22536a7d79a769a72918f09b10	1
39.1	1b1a66abb2484d8e0181719d2db9c3f4ae34c57e5769bd55a43846175e01b491	1
39.2	4125c12c624ec4e1fc807c7ab37ea7b05fea6647e0ef934b1df83d62890f5ce0	1
39.3	9b48ddb3caafa4e92c7d30ee1765f735737e723624b9b2226bd697824f2010a1	0
39.4	84de6e8450039732180a5cf551fbde9caa3dd67a0f48165ad70300bbf8d2f5bf	0
39.5	cb3a8be4df67250c5210651666e4cfc2f8597a78f3b72801f68169239493e46e	0
39.6	174b4e207f27b558b7d8a27bd2f7cdb8e3147bdb7ec7c3f1e242de1ec2012fb1	0
39.7	c4f71732b383091cded7f163ac8d2c4730042845c1ee47b44b75255f393281a2	1
39.8	f4638889d9bbd26a81b8af605a3134150a2c60920f47fa663cbdc31dc96a78ee	1
39.9	fcf052262efab0598a29822ec827b2d64c6c8f9749626941a3168244f197d9ec	0
39.10	2edaab4ebf47ee2addb952686d6809cc94abbc3fe07b2bfae7a0f8de7a26400b	1
39.11	2b2b86c009d0450500131bfa59f6e9acff5b5541b6b7602580826868bfe209bb	0
39.12	cd1d328cf511ad2ade8ba2c72a9a897d3b1e0f49d1e75e01d6dc62d7b9ca0b56	0
39.13	ccc80e906a49c89b8d00b670e0236ae8214174821a35a865f366ab1d7bcefb43	0
39.14	7d235e71affd7bee32c81599770865adc6e071935324e8a6a4adeb82cc905e37	0
39.15	89d24bb05c519dd1b409e9f8ace1a43e08f1d94207d044fe051359a8ca557432	1
39.16	ebb9a756d13e6f8194bc19bee008b0f625ff68e29f4d89f1f3eb26577bc1d92e	0
39.17	e76d92d8009ef1029df6bd6721061fc65f4aa10e74d9cad472b54fa18f11aa0a	0
39.18	5de583c8776da71fcf2be87b9798003499d72758b9aa535068689284ae70e3c8	0
39.19	2fd07022819cab5a5575145cb5efee5b6964bf37a05e473c003cbaf48d84ff32	0
39.20	03b707abbb7939ca51754eb409d55167a0b9e7c983c124317dde1221a1bef501	1
39.21	aedae5f3d1c9d5f02fc3f84d127f6c35de33795de69cc295ef288500c20d1f81	1
39.22	4e07217c9f1cea0bcf9b7b6b67488a6ee7b71c70e8c64a5bdfd490d956b5ff19	1
39.23	9555c5db892719822680566ca9771df66b9b33a0d7fc4544c0b34c9997553cd6	0
39.24	ee59ddd2fd1e6f42a09534f99991c8eac3ce0acf75d7bf44680c446e5cd2c47e	1
39.25	3855888879768cd761d2a3875d41c913eb989549d69ac410d18d2c8709542f66	1
39.26	cc6d22cf8e8d44c00dec0f3a2213e571b3a48d8b6da56c06bc8305a32ef54800	0
39.27	3d4d9259a6474bf03d54303fb93c136d5a7c8917a7bde6b99f892349444915b5	0
39.28	9d2fbc3e01580b35c860808cb2b501412517a527eeeceec309250274cf5ee5d7	0
39.29	440f605e4f762e60cb3b4a126bb83488849bf94c79b33eac5705638847867e3a	0
39.30	444d8333560f1c2389d24d2cde8cbfa46a6649a0a0893f0f425bd1d9ec63253e	0
39.31	9b508ea38fa3c142afc852ccc2474ebde447669abfc35a436252f3748227e9d1	0
39.32	272e9d68a4baed7b6bc4a4267dd3aa628f1d7e1f32520e61d1b8c655c559e536	0
39.33	8198f3b163d5934945c5602eabf394699b48b58a6b04ece42c3010aaa472772c	1
39.34	598011a60a5524d3e7e327048ce1ab149ae3defc2a9a30ebefe97ea1d107333e	1
39.35	20f2be55d7bced4590326ed6fb9b986f1aaa8d6134ed5dce05678bdfea5cf35d	1
39.36	75f088b2883cd0f285b5ed7984d37329b3aa12459385241bd8792e416b73191f	0
39.37	c3ba1d8098b96350a443d32f00dae4ed4fecb67e5c9a344b89a418c0b51a8db2	0
39.38	67860881f662a03a72420b7248b77a65656c411f330380fad6f8638406ddad55	0
39.39	a427d7bbbe54e7f834b09fd96046b26292553ac94c228b8451eb148e935dd809	0
39.40	a274351b2806d7fe91ae802596837b8e51be8e635e977c4b63366e1b3071b126	0
39.41	839b15aeb7bda48320d7274235d12ec2fbe66e69b72c935a1aea264a4c98642b	1
39.42	d3cd93e57129ae51d3a731526e2dbf521b9b6a3e790cf7d5805065baafbf958a	1
39.43	f2ec940b6ae064fbcf55756a21744075afd1cf56d8e6dc698cc6936120f8bca3	0
39.44	1ad04cd72247bf45e6152bfd44000e3e2f009b4590e867b72ee3f214ed5ec676	0
39.45	3fbd80fbb6011e9bac79b204c74a0bf902b141c89987180f9ded901c7a07cf6c	0
39.46	3013233def245adabe7fe4e38744d9abd6f50a7f1e84428bada4e09760202cf4	1
39.47	3516033504c5a227359ff6e199d5d3dce2bc94abb2a7ca00429d7b00f675d955	0
39.48	9dddfe37533cf476d92acf037f0c853fb053f8d7d9a6efc831d568852e48d472	1
39.49	898d81c8ecd85ff035ee303f0838131432ce8028e4af4271c9acff37e4b128fe	0
39.50	bf6499850d00d515c9dc549c7b269ee79aba4f925ae678729ffa3b26080bce05	1
39.51	a06fcf42f6466d9178edfccb0cb3bc4bb0d40c78258d071f83567fb8f6952083	0
39.52	75bc0fb4aa03cfa6b543b61c3d258eb09c594b415b6c0df64cb3f15d05d810e8	1
39.53	e83fe2d714481f64b616e0075bd15331e8b6393d80659b6f4c47caf524003178	0
39.54	698a0b2629d384e669c48dd0467c253b83d42b2ec01345df7a63651002efc815	1
39.55	ae47766558c043684d26621c52e9f05fa125220c603bbfb6527a2e2b09f23183	0
39.56	265057aa429aaf6c2f57ca3982468e9ecea666c43091adcb4bff9fc2a0d1420e	1
39.57	ef86ce8a9fce32579b9c0b765e8e63c1d6bc0b699951285795328329d93f7020	1
39.58	9797ad6f4b19b3f99f7bdd9697cd39f18efc6d1ee060e69ab91b933bb66919e8	0
39.59	3887a71c45cc76ac75b09c52c7d000958d312b5ac2a2ba6d13817e88774bdd9f	1
39.60	7422471502a357a64f129a4712920948e32203f13e91808cf503a3ef045cba6f	1
39.61	6dc35ccff4cd79c5347b5b1faf70a7d7485dffaa7c41376da057eaf501b9ef4f	0
39.62	82d9c993070f15b27fb6ede41678922ad383205232c6ac90235646048fb9e7fa	0
39.63	95b40c011ec0f5ec3a3d6d68171df9d09fa4eedac975d1c45162aaaa0ebaa6d2	1
39.64	9b8e98cc302bdb6689d4106072e793cb34286e28dfd399229f827d75b48578f0	1
39.65	e04a9addb5b4f8901c676bf56c6ce701ef081215dece44eb1339de27cacb67e2	1
39.66	2975d90137a2c11155a51192e95c34e608c698ea12fa868e96bca2ead4d264fd	0
39.67	c10f6555ae34afb8c6bb0cf1b5ddea19f164ff881efab4df9b5cce1f0996850b	0
39.68	d764e77d5e69be27b1673d2392bb47f1909fb74b10dd0fa3d2d3ba10b5ef7abf	0
39.69	46343ddcad3eface5653baaa6e0938709a8d8135488d882f611ee0f48e104b07	0
39.70	2eb557da724dce472f994230c6013c5758d13b12d26bf4abe5f13def651fa9ed	0
39.71	fdd6ab67317ef6143a890c26a48ad3b89c3e524f7782eee7cc5165dd91db5855	0
39.72	4173be56f0cec10cc4577d1488bdde46b69010186eda2a633fa1ca910f5a6db3	0
39.73	2d75686bea8301b41eb036d243bfdd6687a1118cfdfd68c4bca847a1c7714828	0
39.74	60716ca02b2e2e34e4aa54a3b149594a12827ca5550defb4dcb264fe0e730743	1
39.75	d63d43c1fa9dede56dab60703828ecad2ba0c3c818ec37b150cc06b8b8806ade	0
39.76	df60bb737ded5c031db1f2ef373f892e08c6e265cf92130d068307391bce5a60	0
39.77	811ee6de206a0132d44bd513f655ef1462ab80232c62649cb8f7c37d1d38aa74	0
39.78	40c37e0675a5b0743e250b72b8615150ff166e4fc3e18aa7bea82fd8507c5e4b	0
39.79	5dd2289b982a3e45ebf6676ba437d81ce403c8c9c144257827ee16a7e82b94bb	1
39.80	71fa4ced5124f2daf19d98f6592b3a24906045fa5c1e0b2aef7c770c619374f2	0
39.81	70a74755d2c1411b6c6b4eedd6fee9e59ccf1f0c0e613c1218547a275a665905	0
39.82	162e0d8786607282aca1aed28e0edc24399e8010ff317d83e8ce8973311202d2	0
39.83	5876ca8b393cac1e7b5ac933f1f56a68e92525f9306e3dc978d460bc849a87ac	1
39.84	bd83922c916e22534a0bba1b0accbcd5b254356f1ad0bb5f0c36fb741878c3e4	0
39.85	69fb52e99c2b91aed5ea3cb31932967bd2036437d6ddb5c384374e26b19dd361	0
40.0	da47ef8565e864a9c16f91795b24864107326bee5897c0980f3f90047965f071	0
40.1	317a49de55afb4d000474d6c6acb30069f1f8db834042abfdc20a42eef72c5c6	1
40.2	1708f0ba2a36a47ea964f9bd37ad391d7ad0b39c0ef40b3e57f88a5adac825e1	0
40.3	865776eabff0d09696218450cbe86166bcba852ce7a52f211c3d6faa05a5d688	1
40.4	ebde9b018131a4c68aef38599ea7af6a9fa4c926cf039333d59dd87ceb0e6d21	0
40.5	ee1905d4a861befc85162f1959fe30d5f367cae556242fcf6ca1185070838270	0
40.6	57a1cc86de7f51a3135e1d9f44817a1cd1ca23f59f50596b71f9a544dc33e1d4	0
40.7	0d5c3bc0f140f6565dcf1b5037d49a2daa16c193e512921f660975c7dc217282	1
40.8	67b7b2deaf832de22d335b29857d7237464bfe58e07fce9a36a0b95376361d9d	0
40.9	0e2d43666ed2db97974eb08f4b71fed89515bf0afe9ec532866a40cbcdaf25f4	1
40.10	1a79e6f639b9da2a1a4e08e92c8e4f1fe6bdb089db5219cc10b9a7b7b85449b0	1
40.11	e90d0bdc184c11349e3c2c611bddec345216f9ed724bc2e458345292566d8557	1
40.12	ae58a03b6861242c2b284f3c1784c97165d05343476d0380ab35e3b45dd61051	1
40.13	b7d485762cecf4e3851fd3c51fab76b57690d77ce036d265f826c04351a21e77	1
40.14	60a6d972eb8c9970da2c51da0f4d5a9842860cf4681fec6cae508c922898b2c0	0
40.15	a999fe0cfdfac175471df91c7a78cef8c77b54af40bcd00828753f5aceeba1cb	0
40.16	8e63f2578fedd3f9736a3dcdc144ee04c4a97ec6c396235ff247bac41ca9dacc	0
40.17	3903c87ab5db72f0575c9fde7a9d7b519a51e892a21754dc3f17780a36a5483a	1
40.18	71715c7d3227bcae6908c8e7f4dea241416ca491e25f5e5e63e7da2ed3e17ad5	0
40.19	079e2935f7a5f6e94b8792e02102d550dd3cfc192f0a6ad3bd3926b65a99eb65	0
41.0	a74ccec3f77096a981e6afd291c59a01fdbde7b1ced25622ed3cf4fc7fe41669	1
41.1	1d2d1e266e47354d8511db7bcfe5d88d8cdd86ab604a223a4d63817d121f38ed	0
41.2	3d6620c46993ecdabaf534be53b600f3e336d7e302b56a5b651334030e8eab6c	0
41.3	7046e9afc0a680f9ca79d7c6fa36c10195fee606519dd094d70ed20a8878937e	1
41.4	52a56300b9964404f6b771084956d8bfcd93922e8cb9428d6c54284c09d3592f	0
41.5	d70314727e3337177febfcc4008fb232c9a05f3a225e34b56610eca1c2728d4e	1
41.6	2c27a70b616fc893d7504b2bbb610cb9cd847eb70e7ac74dde195b5084bb4cb1	0
41.7	c9f7f72a6fd251328035b5b8a555b745a77ecedf7c509dafa087f21d54cacd5e	1
41.8	28b681bde6ce974c02804c0cfca1a492b3cc8968db042ea1e49ee7aef96bb56a	1
41.9	ad7a04841a517b425bdb95e131cae6b7c98baa97c505c4da462bfb6100277b9c	1
41.10	c9314b59a01dbfa77ecedffc6c022f81330218fbdf59638900ccc6c1b1e9c4fd	1
41.11	ec5be29552719d27c7fa08daa5d9ab29c9209c05b4b0118f2e9eb0aa144b5f1b	0
41.12	47c8216fc445466472a4ea5292860779a11de92e6de55e9ffc9036837896b8ff	0
41.13	9646bab8766b6d885c55abc61d7d4e51024a48dc9a4ab79a374fe97417de36fc	0
41.14	ba8a1527f45eb51fa085039b4c1cf16c5251dbf64521629cbd8e3a16f1b99156	0
41.15	4a35ddfd2507231e93b1f68e0635dbb4f0e43feaeda48ba132a5775cda843c48	1
41.16	05d88489d4a19126a52df30b925ae8c536d27ccc266c2cd658926caae4d89da5	1
41.17	cb1bcb0284b7cc11c3a06bdcb9a025ae1b4229bab669bbdcaa848ad82d42693a	0
41.18	586f401a4674da5d5fcd09a2a14ecd88d842307355ef9c19735cd05dd4dc908a	0
41.19	5806dce3cacef24a05d076f5d18f19620ed5588ed1cbdc514accd964d8d5c64c	0
41.20	0c14cc895b1896c533c677ce04eeed85e1b5013295411ef75ec438f2cdf0c774	1
41.21	0189bb0f4e54efd74e21bfe074001d11e1896ea407bc028e7ff387749d50fb9e	1
41.22	f12c610290097c7e6b41923ab573a7634e9f46fb2b496c550eabe5c07b56c50f	0
41.23	e66151fb8b786743ee990c2225213d54b8d8ff3460644407f7a1182e5eb8cd9b	0
41.24	e4e3ec63d73858ff3b4fda266968082b89674b583999c8b6f115ca8573fec529	1
41.25	ca377dd6706329598be8f83559745b7704ea0f3bf366a28a9469202947054dc5	1
41.26	a9e9c23e5f81fe34e4e2ff1af60b4779010ed873176774154aec01d21a142db7	0
41.27	1811c28e2f74416020a75316bee1c4824bf122fa5f2124b34e8d0c0b2f225d43	1
41.28	bb2c6e21fd35901f8b71acaa5212ed043f1ca1371a39ab1523821d5dbf2b9465	1
41.29	ae439677a14bb5a26a32bcfb90fa79e47ca0587dc0c4a398937a44288aac0e73	0
