file	coord	sha256_16
original-en.structural.json	1.title	f49e96a5ac762b39
original-en.structural.json	1.0	08a2152f14433556
original-en.structural.json	1.1	550f91de362c86e7
original-en.structural.json	1.2	a00e0126c2b8b458
original-en.structural.json	1.3	555164242460f0b5
original-en.structural.json	1.4	3878fc5938524787
original-en.structural.json	1.5	6c6c8ea443c8b57a
original-en.structural.json	1.6	2283e4bb2c5be614
original-en.structural.json	1.7	e11a73c6f0850712
original-en.structural.json	1.8	54fd5e7cc452e1fd
original-en.structural.json	1.9	d14d8a5d8e45a861
original-en.structural.json	1.10	fb86a0e7a22bdb0f
original-en.structural.json	1.11	9e9cca58e70a8e71
original-en.structural.json	1.12	733197f1fcf8c698
original-en.structural.json	1.13	8d57662d511903e9
original-en.structural.json	1.14	8b582ddc18ccf7f2
original-en.structural.json	2.title	d94819ca914cb929
original-en.structural.json	2.0	ff34682c1b5ed050
original-en.structural.json	2.1	c877279993e4132d
original-en.structural.json	2.2	7df326a8ac21b696
original-en.structural.json	2.3	fa5b2c3647466dab
original-en.structural.json	2.4	09c2379ebdc8e936
original-en.structural.json	2.5	efb7869b351a6132
original-en.structural.json	2.6	e47c3b509ecf904f
original-en.structural.json	2.7	a2170cf9e597e9ce
original-en.structural.json	2.8	88dfaf1c05478954
original-en.structural.json	2.9	b0227c0d067fc253
original-en.structural.json	2.10	713f6eff8f9f78a0
original-en.structural.json	2.11	4daf1d8e1ecd325e
original-en.structural.json	3.title	8f9d9d08d8fe8a92
original-en.structural.json	3.0	ab6b97d7fe4a7d2a
original-en.structural.json	3.1	257d5fc291454738
original-en.structural.json	3.2	1ad8fb013f5c9d57
original-en.structural.json	3.3	edf0be12fe8d8571
original-en.structural.json	3.4	e80eccdae26a9183
original-en.structural.json	3.5	cb66b8bee60b1ab7
original-en.structural.json	3.6	1aa98e241e4a415c
original-en.structural.json	3.7	fea4670fbbbac133
original-en.structural.json	3.8	cba80b2efaa48f5a
original-en.structural.json	3.9	7e4df63d65e05798
original-en.structural.json	3.10	b53302d00c828eb8
original-en.structural.json	3.11	e4eab2c1f734d051
original-en.structural.json	3.12	1ab83021406b58f8
original-en.structural.json	3.13	de364c052cf31d61
original-en.structural.json	3.14	c05a70dce3dde44a
original-en.structural.json	3.15	e2e7d6fb034969c5
original-en.structural.json	3.16	d9b1b250d82fbb38
original-en.structural.json	3.17	493b1f39528df2e7
original-en.structural.json	3.18	4a4631aff211db4b
original-en.structural.json	3.19	25a6b6a01f027a73
original-en.structural.json	3.20	e6bd6e6988f214bf
original-en.structural.json	3.21	2ebcabee8948897c
original-en.structural.json	3.22	a473ee99f89ec357
original-en.structural.json	3.23	62a4271383a8f6c4
original-en.structural.json	3.24	fc0a60f4844d3440
original-en.structural.json	3.25	38bc4d00ec94c219
original-en.structural.json	3.26	4692a558e6590842
original-en.structural.json	3.27	1f01e4e2cea9db0c
original-en.structural.json	3.28	1b345ba762fcacc7
original-en.structural.json	3.29	a008201ed237075d
original-en.structural.json	3.30	2b745d1fb474907b
original-en.structural.json	3.31	df2324864425527f
original-en.structural.json	3.32	9c9ba64fba76dd23
original-en.structural.json	3.33	5e8983af8ead0da4
original-en.structural.json	3.34	0860adf870048d9a
original-en.structural.json	3.35	fe22780b33499d06
original-en.structural.json	3.36	a5e34c5ae1ed4326
original-en.structural.json	3.37	f2556328300f18fc
original-en.structural.json	3.38	969d4a82a1a128f9
original-en.structural.json	3.39	449a6b46c1366d77
original-en.structural.json	3.40	c2ef3e56c108d4f4
original-en.structural.json	3.41	8ac1da0837e8fb00
original-en.structural.json	3.42	545b96bff2e65060
original-en.structural.json	3.43	1068c228d1db212f
original-en.structural.json	3.44	9c2c555c93649581
original-en.structural.json	3.45	000e1c452ab818fb
original-en.structural.json	3.46	be1bbc67935bc66c
original-en.structural.json	3.47	07ec0a4b66e5aa47
original-en.structural.json	3.48	326db86b6cfd16e4
original-en.structural.json	3.49	a6334b69ac5f6fb0
original-en.structural.json	3.50	88ed0bbb4f5ff5de
original-en.structural.json	3.51	0c1aed0374e06451
original-en.structural.json	3.52	847750eb386ccabb
original-en.structural.json	3.53	31bf156a09913cfc
original-en.structural.json	3.54	71febd0ea249a48e
original-en.structural.json	3.55	a587ce9d6cd5ca84
original-en.structural.json	3.56	0bc4d35b85d54485
original-en.structural.json	3.57	1d011e310dcec56d
original-en.structural.json	3.58	09ca77900e53a3a8
original-en.structural.json	3.59	fc9b6dfcde5b2414
original-en.structural.json	3.60	2c58e79863f5b2ea
original-en.structural.json	3.61	2cf377c7a1e476bc
original-en.structural.json	3.62	62a596ce31907378
original-en.structural.json	3.63	6889a68eb6a8e910
original-en.structural.json	3.64	31a768fd5b47c5bc
original-en.structural.json	3.65	d3f67282191149b6
original-en.structural.json	3.66	24d692f3f1c3d2b7
original-en.structural.json	3.67	2180f7eda967f565
original-en.structural.json	3.68	cd93b7ce4c1868de
original-en.structural.json	3.69	25eaeb673c5b99b8
original-en.structural.json	3.70	09ec0f0536a4407f
original-en.structural.json	3.71	eafe3c3b2e7214cd
original-en.structural.json	3.72	b2d466fb0afab552
original-en.structural.json	3.73	6182c9792a410d8a
original-en.structural.json	4.title	621c34c4c1d4b75f
original-en.structural.json	4.0	96c06aa805d9f4bc
original-en.structural.json	4.1	082a6efa546ebbae
original-en.structural.json	4.2	3ae7e954d8ce4184
original-en.structural.json	4.3	9f435a14164963c8
original-en.structural.json	4.4	3ba7fad6b1614922
original-en.structural.json	4.5	f955a0aa02dfcb83
original-en.structural.json	4.6	bf8ff51b1827afde
original-en.structural.json	5.title	4096626fc2575544
original-en.structural.json	5.0	a7263ae76a538fe4
original-en.structural.json	5.1	146306dd334ff266
original-en.structural.json	5.2	b5f177db2832c184
original-en.structural.json	5.3	d267f632eb512769
original-en.structural.json	5.4	9b1c1b78e48a29b5
original-en.structural.json	5.5	95c0fff4b8d3da2d
original-en.structural.json	5.6	6c85a73f33c15008
original-en.structural.json	5.7	737db967cfe5fc40
original-en.structural.json	5.8	67f04c2267353fda
original-en.structural.json	6.title	fe497e99d8523338
original-en.structural.json	6.0	8ff186617e75c3f7
original-en.structural.json	6.1	ea0f491546ce5f6e
original-en.structural.json	6.2	99a3d82c13d961a7
original-en.structural.json	6.3	ce0aacedb039dec3
original-en.structural.json	6.4	45033723c0c58f81
original-en.structural.json	6.5	6fff228344aac7f1
original-en.structural.json	6.6	ad40d5395a44dcb3
original-en.structural.json	6.7	b175eb4a63aaaa9a
original-en.structural.json	6.8	2cb21be94eae73e1
original-en.structural.json	7.title	daeb3f8344ab21b7
original-en.structural.json	7.0	4dfaf657ec774545
original-en.structural.json	7.1	bcae10adcf8c6a5e
original-en.structural.json	7.2	36e83fd42267a106
original-en.structural.json	7.3	4581e8c8beb2c539
original-en.structural.json	7.4	ced9094186379776
original-en.structural.json	7.5	814e2b5af1423dfa
original-en.structural.json	7.6	3f3aafa97ac546d2
original-en.structural.json	7.7	5649cbcfa54123af
original-en.structural.json	7.8	3950c9931176fc5e
original-en.structural.json	7.9	32b3c3c4a7d1ea8f
original-en.structural.json	8.title	28965bc6020d6a9a
original-en.structural.json	8.0	ac76f8a066e733f6
original-en.structural.json	8.1	aa2582e9c99b4664
original-en.structural.json	8.2	15e69132f6baa68d
original-en.structural.json	8.3	86c9ac3888d8b016
original-en.structural.json	8.4	1c6755f7b5de20c9
original-en.structural.json	8.5	937798740e18686f
original-en.structural.json	8.6	0d15465b21ac7f8d
original-en.structural.json	9.title	835c6a35aee7a654
original-en.structural.json	9.0	e7ae825b39433699
original-en.structural.json	9.1	3118fd64ac53d047
original-en.structural.json	9.2	2c92d971ea4d67b5
original-en.structural.json	9.3	2c2015a525ff84b9
original-en.structural.json	9.4	35da541b33ac0a0a
original-en.structural.json	9.5	fb741b5c862f1b33
original-en.structural.json	9.6	d208083318173089
original-en.structural.json	9.7	eeb67cfe55b20550
original-en.structural.json	9.8	9d6e8dabf98965a2
original-en.structural.json	9.9	bd623cade9f0bb17
original-en.structural.json	9.10	e01416f7d9860111
original-en.structural.json	9.11	0d6cb7d22095a3e0
original-en.structural.json	9.12	1f3e644962ee0560
original-en.structural.json	9.13	eb3cb65b6ae2bdd1
original-en.structural.json	9.14	1bee8660577f9c06
original-en.structural.json	9.15	07c2b66187512b0e
original-en.structural.json	9.16	5f5b6f19b5e6b2c9
original-en.structural.json	9.17	d347b08b4f337b32
original-en.structural.json	9.18	e499509c24786313
original-en.structural.json	9.19	69bfa8a77200324f
original-en.structural.json	9.20	72cd007bb497713d
original-en.structural.json	9.21	37b1a67af8d4310f
original-en.structural.json	9.22	3aaf990481ff3f5e
original-en.structural.json	9.23	ca562914944cee58
original-en.structural.json	9.24	3ace9ed2e058a09c
original-en.structural.json	9.25	bec1776d8e78399e
original-en.structural.json	9.26	99483e084c32b2c5
original-en.structural.json	10.title	0266505c164df2a2
original-en.structural.json	10.0	90f4d07efea31882
original-en.structural.json	10.1	3dee7f03d64514b5
original-en.structural.json	10.2	e2649055ee0675fc
original-en.structural.json	10.3	912da61992d54fb0
original-en.structural.json	10.4	13e2b2fcd63f9116
original-en.structural.json	10.5	fbd85d78a1210a4e
original-en.structural.json	10.6	929de901dfd605a3
original-en.structural.json	10.7	4d0d4641b24f723e
original-en.structural.json	10.8	b4f9014891d8fa47
original-en.structural.json	10.9	929d350398e0fa2c
original-en.structural.json	11.title	5ca7d484df06de72
original-en.structural.json	11.0	99e1ddac9d35bde6
original-en.structural.json	11.1	0e0e92356003739a
original-en.structural.json	11.2	db5d27f62f49e475
original-en.structural.json	11.3	b9fabcbc358cd33f
original-en.structural.json	12.title	89101c15a0a68337
original-en.structural.json	12.0	30699dc4fb455719
original-en.structural.json	12.1	2085913c643b24bd
original-en.structural.json	12.2	9249441343a9bf4f
original-en.structural.json	12.3	bff94902798c43c7
original-en.structural.json	12.4	c483be2c077ccd56
original-en.structural.json	12.5	bcec778a7ae52b80
original-en.structural.json	12.6	924219cf8b938642
original-en.structural.json	12.7	50d1a9be6f2ec639
original-en.structural.json	13.title	d6985f17a7d5fe68
original-en.structural.json	13.0	f6bb52a87dff4f5a
original-en.structural.json	13.1	8d4e1cae09603788
original-en.structural.json	13.2	6a47b693815fe48d
original-en.structural.json	13.3	79c4b595adbd4353
original-en.structural.json	13.4	c63e288a66c174a7
original-en.structural.json	13.5	fc86e3472a77bbbb
original-en.structural.json	13.6	3f4ba48e994b6c09
original-en.structural.json	13.7	baa2ce3a33e40d97
original-en.structural.json	13.8	15c0846b5cd22053
original-en.structural.json	13.9	f0823fcd95235d91
original-en.structural.json	13.10	55ccafd9ca06ea6d
original-en.structural.json	13.11	7d27680f5981ceea
original-en.structural.json	13.12	7ccb3c4aad09b630
original-en.structural.json	13.13	863ec6d0ea4abca5
original-en.structural.json	13.14	1d0e01c5b789f5ea
original-en.structural.json	14.title	d267b09d006f6c4f
original-en.structural.json	14.0	8072a3c44a174268
original-en.structural.json	14.1	c69f24db4d4133a9
original-en.structural.json	14.2	06230e14e1eea050
original-en.structural.json	14.3	ae9da7a07dd49627
original-en.structural.json	14.4	2cf5939c423ad0e3
original-en.structural.json	15.title	66846bebdd5a1911
original-en.structural.json	15.0	9a60f68550d47c19
original-en.structural.json	15.1	a4dba256c6da522e
original-en.structural.json	15.2	20b46bdd8826d023
original-en.structural.json	15.3	4ef5eaf9d84d3e2e
original-en.structural.json	15.4	6118f3d1bd2cf0ee
original-en.structural.json	15.5	3aa474f4b5afdf84
original-en.structural.json	15.6	5e462d5fd5bf2937
original-en.structural.json	15.7	cb3b31b6c19a4703
original-en.structural.json	15.8	f6be6f5533549ee0
original-en.structural.json	15.9	eb992045eb9046c5
original-en.structural.json	15.10	d4e5591cf8b93f25
original-en.structural.json	15.11	bcd2603813d6066c
original-en.structural.json	15.12	208eaef7d69728cc
original-en.structural.json	15.13	547f70997462f564
original-en.structural.json	15.14	6afbcb7b1dd759c4
original-en.structural.json	15.15	438fc6b824d48071
original-en.structural.json	16.title	6495124a0bde016c
original-en.structural.json	16.0	656da0feffebbccc
original-en.structural.json	16.1	2a3af20cbf7e270a
original-en.structural.json	16.2	c63ea3b73e7efeda
original-en.structural.json	16.3	79ae1b6ec5d57fb4
original-en.structural.json	16.4	edf01e042d61326c
original-en.structural.json	16.5	bcbfb0e74e95b0ae
original-en.structural.json	16.6	83fecc63ca6f6de4
original-en.structural.json	16.7	a1f1c456a62363bf
original-en.structural.json	16.8	177143263a174aa2
original-en.structural.json	16.9	28aa95c4bb33e6da
original-en.structural.json	16.10	0127e78ae0bde24b
original-en.structural.json	16.11	4c0c8c603ba2a8e7
original-en.structural.json	16.12	ae3dc37ca925a4a6
original-en.structural.json	16.13	c9aac15052bcc40b
original-en.structural.json	16.14	21b65c6813875946
original-en.structural.json	16.15	3d1dee32e43f4878
original-en.structural.json	16.16	8a7968e4bc290e4e
original-en.structural.json	16.17	31d074e9733ab602
original-en.structural.json	16.18	85057938135721c5
original-en.structural.json	16.19	69a51c91ed43fe75
original-en.structural.json	16.20	4b371bf8882d4f99
original-en.structural.json	16.21	5eb80521948a7417
original-en.structural.json	16.22	69d4687a3c700207
original-en.structural.json	16.23	73e9704b4b944815
original-en.structural.json	16.24	62e2679d8f292dc1
original-en.structural.json	16.25	4ac32a0e3fe8e729
original-en.structural.json	16.26	5c2b3dc6ca584c40
original-en.structural.json	16.27	31afead073ab3877
original-en.structural.json	16.28	efb22eb1a9017d13
original-en.structural.json	16.29	b377577c14bacdc0
original-en.structural.json	16.30	31432ebd1eb05180
original-en.structural.json	16.31	877987e04bd6bcb4
original-en.structural.json	16.32	979b2eb767ba455d
original-en.structural.json	16.33	bcc3e6638271deca
original-en.structural.json	16.34	b0d59d28c0d35962
original-en.structural.json	16.35	3335db64f5f450e6
original-en.structural.json	16.36	0c4f743c2e5c3c80
original-en.structural.json	16.37	28738d232e9a8d3d
original-en.structural.json	16.38	6d48c809be657625
original-en.structural.json	16.39	2181418f16149945
original-en.structural.json	16.40	cc51c6a0f1e7a08b
original-en.structural.json	16.41	f4dbdb608f2631e4
original-en.structural.json	16.42	160bbeaf0179d82d
original-en.structural.json	16.43	a6da31f6e44a3037
original-en.structural.json	16.44	c9779ad825095e75
original-en.structural.json	16.45	228afae16955702a
original-en.structural.json	16.46	5eee4924841e2f8c
original-en.structural.json	16.47	83feafe8432b93b3
original-en.structural.json	16.48	f237cf640cfb76c6
original-en.structural.json	16.49	ffc5f8263d4ae102
original-en.structural.json	16.50	6e2dbb5e92d63e39
original-en.structural.json	16.51	52799cbefdfde4ca
original-en.structural.json	16.52	700d13e28a9458bc
original-en.structural.json	16.53	5e236cfed8415114
original-en.structural.json	16.54	695a472dd058ecee
original-en.structural.json	16.55	21c35179178e4758
original-en.structural.json	16.56	4ee3989d0a747264
original-en.structural.json	16.57	638c215397650823
original-en.structural.json	16.58	628a8ccdbfdfe617
original-en.structural.json	16.59	8ef9062b27d31ad5
original-en.structural.json	16.60	4165ba0edc321588
original-en.structural.json	16.61	3377d4521df10457
original-en.structural.json	16.62	d4e0367cc9818f09
original-en.structural.json	16.63	b66b4fe966d9f596
original-en.structural.json	16.64	db6de5f692945f51
original-en.structural.json	16.65	3953e23776a11cdc
original-en.structural.json	16.66	36c609d882178257
original-en.structural.json	16.67	4ccad6f4b7bf0337
original-en.structural.json	16.68	e188328cd84bc7f9
original-en.structural.json	16.69	bc9b700fe62fe149
original-en.structural.json	16.70	0512ecd12df411ac
original-en.structural.json	16.71	039045fc92e3cf0e
original-en.structural.json	16.72	b1b3fe30d67b9630
original-en.structural.json	16.73	a921195470468953
original-en.structural.json	16.74	8af84a4d8371c9a2
original-en.structural.json	16.75	a6e33361f884076e
original-en.structural.json	16.76	b62fbddc29ced414
original-en.structural.json	16.77	ee92bb4d94750c0b
original-en.structural.json	16.78	746d19bb330d8dae
original-en.structural.json	16.79	581f4b3f6fc4d455
original-en.structural.json	16.80	e68d46e03cb4e807
original-en.structural.json	16.81	69a767e2e8c22673
original-en.structural.json	17.title	fc2cf5d143937022
original-en.structural.json	17.0	f0610d938c62e5d2
original-en.structural.json	17.1	af5545d1d12d40cb
original-en.structural.json	17.2	bb0611d35fc13894
original-en.structural.json	17.3	3efc67af85577c49
original-en.structural.json	17.4	4ab808d77e8fe2ae
original-en.structural.json	17.5	a700228935ff6d37
original-en.structural.json	17.6	7130650a8b2bf786
original-en.structural.json	17.7	7e15abddf2a77397
original-en.structural.json	17.8	20d52cca1d155d47
original-en.structural.json	17.9	91618d879b9b64b3
original-en.structural.json	17.10	ea90d4dabb1fb145
original-en.structural.json	17.11	3c93c10aa0521140
original-en.structural.json	17.12	75b7622ec7b0f371
original-en.structural.json	17.13	b33720f6445dbaf1
original-en.structural.json	17.14	2a14ffd4e61bd2f4
original-en.structural.json	17.15	5e94d8f7dbe0a39d
original-en.structural.json	17.16	c2dccba15d65dc1d
original-en.structural.json	17.17	6b54904b861d36f2
original-en.structural.json	17.18	c38fd2f7b9e3a896
original-en.structural.json	17.19	759040c2407ecfe5
original-en.structural.json	17.20	f3bb32a805e0a4c3
original-en.structural.json	17.21	8b6093a1152cb452
original-en.structural.json	17.22	333f6ca0ac279841
original-en.structural.json	17.23	785a8c5e2a3d030d
original-en.structural.json	17.24	8c11e1025b488bdc
original-en.structural.json	17.25	8e59a1719a3ae2fb
original-en.structural.json	17.26	87537eb4c34e8133
original-en.structural.json	17.27	52d31b008efc7a21
original-en.structural.json	17.28	a8c1e20b3cfbbc85
original-en.structural.json	17.29	53ce222084c1f844
original-en.structural.json	18.title	4252839d8d80e874
original-en.structural.json	18.0	49ef4af6ebfd5b85
original-en.structural.json	18.1	98fe99d8ab4d34fa
original-en.structural.json	18.2	f878d47559eaeb70
original-en.structural.json	18.3	2c0528d38aa3c7dd
original-en.structural.json	18.4	89907ca34724ea0e
original-en.structural.json	18.5	2a625e7656f6ac12
original-en.structural.json	18.6	646231783a32cdda
original-en.structural.json	18.7	d1f16f6f72237e7d
original-en.structural.json	18.8	637c2f0d5f5ea90d
original-en.structural.json	18.9	430d4de03b563819
original-en.structural.json	18.10	e42d874a7973fbe8
original-en.structural.json	18.11	d331e51ecf3348c8
original-en.structural.json	18.12	098ab5e288d747b9
original-en.structural.json	18.13	84de9aad0d7f7e92
original-en.structural.json	18.14	39dd8c1475b73925
original-en.structural.json	18.15	5121d6ddd8d0fbaa
original-en.structural.json	18.16	fe16a2816993ea70
original-en.structural.json	18.17	9eb77fd02617370d
original-en.structural.json	18.18	fe4eea5a19c06798
original-en.structural.json	18.19	15c296378fb31c7a
original-en.structural.json	18.20	bffdbec8c0e41306
original-en.structural.json	18.21	b819e229aeb6330d
original-en.structural.json	18.22	a463338cf12a00a2
original-en.structural.json	18.23	37570719159faafd
original-en.structural.json	18.24	cd553a94e9951b93
original-en.structural.json	18.25	3c0db0f107d7be6c
original-en.structural.json	18.26	d77d66214feea96d
original-en.structural.json	19.title	72746ab7bb084d26
original-en.structural.json	19.0	0584db328be0aecb
original-en.structural.json	19.1	df99c3965ca56b79
original-en.structural.json	19.2	a29eef3f88cca743
original-en.structural.json	19.3	3d86e86e66463c81
original-en.structural.json	19.4	84d7a682a313b9a2
original-en.structural.json	19.5	f863d73cc073a10d
original-en.structural.json	19.6	df794c6a6bae6a63
original-en.structural.json	19.7	fe0ae7473c304194
original-en.structural.json	19.8	c7507b7210546f06
original-en.structural.json	19.9	9b03797aedc685ec
original-en.structural.json	19.10	ec129ee57f7e56a9
original-en.structural.json	19.11	3fb1114120308541
original-en.structural.json	19.12	7e99eae75a498f7f
original-en.structural.json	19.13	69e2898f378bea79
original-en.structural.json	19.14	e0b84c14c5599988
original-en.structural.json	19.15	38d722dfe7b462e3
original-en.structural.json	19.16	4106d74b27ed75de
original-en.structural.json	19.17	b63d62562c57b85e
original-en.structural.json	19.18	c110cd3757492e93
original-en.structural.json	19.19	9e791ab5738c3d6f
original-en.structural.json	19.20	fd4c84d9f376e38a
original-en.structural.json	19.21	f21fabf3a72b9276
original-en.structural.json	19.22	188dd73a1dd3ffcd
original-en.structural.json	19.23	d6f2a7347ca9935d
original-en.structural.json	19.24	4eaf680ac91bb295
original-en.structural.json	19.25	98087ddcebe99017
original-en.structural.json	19.26	7f26be2ba189f921
original-en.structural.json	19.27	06453b9fe9e710f9
original-en.structural.json	19.28	fbd17327d947034b
original-en.structural.json	19.29	e83f972d77d259d3
original-en.structural.json	19.30	3a17db853e53ad62
original-en.structural.json	19.31	f7657690908650d0
original-en.structural.json	19.32	6f09b767c799f53f
original-en.structural.json	19.33	6bfe2cbe1f279c27
original-en.structural.json	19.34	4a2ddf7edabb27b7
original-en.structural.json	20.title	7c3356e6e4e9dd1b
original-en.structural.json	20.0	07c68eb56e81946b
original-en.structural.json	20.1	41e2827ae7113428
original-en.structural.json	20.2	cfd0662d22d00e43
original-en.structural.json	20.3	ef2eb789b47156ec
original-en.structural.json	20.4	caf2a8d2edf8289e
original-en.structural.json	20.5	9b56f909ddf4fa4d
original-en.structural.json	20.6	bb9f6ed473eb1442
original-en.structural.json	20.7	299846e96400b7c6
original-en.structural.json	21.title	60ade2442d16a2b0
original-en.structural.json	21.0	14a60aa777a4d0ca
original-en.structural.json	21.1	b0201138935cd75c
original-en.structural.json	21.2	63d058e5e8763456
original-en.structural.json	21.3	1b18901157784daa
original-en.structural.json	21.4	be5f963aa7d9d945
original-en.structural.json	21.5	78c9f6738b2f614b
original-en.structural.json	21.6	08851c326aaad333
original-en.structural.json	21.7	db29bec6f276fa7b
original-en.structural.json	21.8	622a0d5fadc6a81e
original-en.structural.json	21.9	d490febcf9586622
original-en.structural.json	21.10	be912e0cd1999e28
original-en.structural.json	21.11	50b9ff38f819b7db
original-en.structural.json	21.12	217ce5d7837d9f15
original-en.structural.json	21.13	d3bbc41f815e71c7
original-en.structural.json	21.14	23ddf4000d33f46a
original-en.structural.json	21.15	2f7b9917f38c954e
original-en.structural.json	21.16	a707df4bbc2f969b
original-en.structural.json	21.17	e7b7c680ba2e8b6c
original-en.structural.json	21.18	013e6095c5b68eb8
original-en.structural.json	21.19	ec15c6becc90833f
original-en.structural.json	21.20	a71b792b09a440e8
original-en.structural.json	21.21	e1db57f8cc07187e
original-en.structural.json	21.22	a24882a4fddab8b3
original-en.structural.json	21.23	7565d8d1a78e8b69
original-en.structural.json	21.24	6d694cbbae5c52d6
original-en.structural.json	21.25	66e13f3b84c54bcf
original-en.structural.json	21.26	71c3534dcb683f55
original-en.structural.json	21.27	a3044d6298945fb1
original-en.structural.json	21.28	fe6493c3b7b61055
original-en.structural.json	21.29	4e3ce33e81a64fdb
original-en.structural.json	21.30	711d6a65a95f152e
original-en.structural.json	21.31	072e74703eec10c1
original-en.structural.json	21.32	2266d2400bd2234b
original-en.structural.json	21.33	ea3ff72f22a66dde
original-en.structural.json	21.34	63def1183abbbcd9
original-en.structural.json	21.35	71d34b465b15209b
original-en.structural.json	21.36	eb1d31c11fc7383b
original-en.structural.json	21.37	bb486601e7e64a52
original-en.structural.json	22.title	1009198b821fb03a
original-en.structural.json	22.0	163dbd2edfe99a38
original-en.structural.json	22.1	bbc7f1fe46fa6c4d
original-en.structural.json	22.2	b82db69bf3d2932e
original-en.structural.json	22.3	7d66d619f9501d77
original-en.structural.json	22.4	cb2a6735e5654e1f
original-en.structural.json	22.5	4ccb9e89f83779ab
original-en.structural.json	22.6	4a5c3e7d249ae543
original-en.structural.json	22.7	c658018f28311802
original-en.structural.json	22.8	78199ad9a8a6f112
original-en.structural.json	22.9	6c21d7571cd73d58
original-en.structural.json	22.10	83f6861888128e6d
original-en.structural.json	22.11	5e8bb3eed6cd0141
original-en.structural.json	22.12	9d39f45357fa67e7
original-en.structural.json	22.13	ca2ce2aa11b0db74
original-en.structural.json	22.14	2200827e3c42cb6f
original-en.structural.json	22.15	7d80f81d973bf367
original-en.structural.json	22.16	d2ba8f0209ec5d6b
original-en.structural.json	22.17	c0917b6c3c1b41ac
original-en.structural.json	22.18	52c140b208c266e5
original-en.structural.json	22.19	62b9c2eea7717fa3
original-en.structural.json	22.20	9add065bc8a2780c
original-en.structural.json	22.21	05c5bb1f950e31a7
original-en.structural.json	23.title	1a60ca468847748f
original-en.structural.json	23.0	2a00de32e37dd07d
original-en.structural.json	23.1	4553fabf137761c3
original-en.structural.json	23.2	5fa3bb42646822e5
original-en.structural.json	23.3	06910fba291fa923
original-en.structural.json	24.title	855bc0873e6e3c1b
original-en.structural.json	24.0	79762686807c0467
original-en.structural.json	24.1	e02decdf5b22ee7d
original-en.structural.json	24.2	97c3ac42b187faa6
original-en.structural.json	24.3	00550f249ba0a43d
original-en.structural.json	24.4	53a30dffca8faa26
original-en.structural.json	24.5	09aa4b29ba6d345f
original-en.structural.json	24.6	ba2c55d9427dfaf0
original-en.structural.json	24.7	7e34f7c15ebc7fc9
original-en.structural.json	24.8	70540f084184cad0
original-en.structural.json	24.9	a0e776efcf560a92
original-en.structural.json	24.10	e92d30ddd282cf48
original-en.structural.json	24.11	e092b0d6f8a58694
original-en.structural.json	24.12	409d5ac47b3c5eb8
original-en.structural.json	24.13	8f91b4fce77986ad
original-en.structural.json	24.14	ef8ed9557600f730
original-en.structural.json	24.15	541b98ebaa2faaae
original-en.structural.json	24.16	3188afcd8baad523
original-en.structural.json	24.17	36a2d72d33525730
original-en.structural.json	24.18	bc26bc1d23324561
original-en.structural.json	24.19	d204f79eac7cd011
original-en.structural.json	24.20	43b6dfc52ff9965a
original-en.structural.json	24.21	85ca694f45853d3e
original-en.structural.json	24.22	709de15e79c1514b
original-en.structural.json	25.title	57d2c5c5cf47d35c
original-en.structural.json	25.0	ce3b891ad0e47634
original-en.structural.json	25.1	efdc030b7a69c806
original-en.structural.json	25.2	9cb2392f0c586864
original-en.structural.json	25.3	beede0e6501c61af
original-en.structural.json	26.title	7aa570af8ba2ee01
original-en.structural.json	26.0	128f98a2f08cb882
original-en.structural.json	26.1	6b9400e65eb1f952
original-en.structural.json	26.2	ca60f37de4b71a0d
original-en.structural.json	26.3	dccded4dcfa91667
original-en.structural.json	26.4	800a07f9f931a555
original-en.structural.json	26.5	bea6db9270a8e198
original-en.structural.json	27.title	7112080321ad6e53
original-en.structural.json	27.0	7b87c1930aead72d
original-en.structural.json	27.1	4e5444b606262515
original-en.structural.json	27.2	73b3bdc6ba4c2c42
original-en.structural.json	27.3	1248b16073ac17cd
original-en.structural.json	27.4	e2804ee4f46eebbb
original-en.structural.json	27.5	1f1bc0e5ce34e15e
original-en.structural.json	27.6	f8dc92f8e8bc785c
original-en.structural.json	27.7	216680f41b3b64bf
original-en.structural.json	27.8	78769ae80f9b63cb
original-en.structural.json	28.title	d9ea123ac0f815a7
original-en.structural.json	28.0	dd70908ab13f79fa
original-en.structural.json	28.1	5c5333e87084dfc4
original-en.structural.json	28.2	d4b46ea4ca3a1aa7
original-en.structural.json	28.3	fe7282c64c57e201
original-en.structural.json	28.4	0cfcdd1249c6e00c
original-en.structural.json	28.5	a3b01bd17cba5c64
original-en.structural.json	28.6	e045f56c2caf5503
original-en.structural.json	29.title	111f7b227033ea34
original-en.structural.json	29.0	f0006e2f3a7e1a73
original-en.structural.json	29.1	56ba37850b168f37
original-en.structural.json	29.2	648caeddd11e8062
original-en.structural.json	29.3	6f97ef395e915842
original-en.structural.json	29.4	740e35634e34fb0c
original-en.structural.json	29.5	634b95852b7a0d82
original-en.structural.json	29.6	36bf2b93eb504d53
original-en.structural.json	29.7	8f71d2793ef02230
original-en.structural.json	29.8	6e59b3beb5bb0503
original-en.structural.json	29.9	fe8971b3fa9d0993
original-en.structural.json	30.title	1852bffc59c8d701
original-en.structural.json	30.0	3e2701d1ab60ada9
original-en.structural.json	30.1	573c280551c68677
original-en.structural.json	30.2	39d8b2af51b83be6
original-en.structural.json	30.3	156b22fafb4ee650
original-en.structural.json	31.title	d037ff5d72c7d526
original-en.structural.json	31.0	f0212a34e754d1de
original-en.structural.json	31.1	2d9f51441bfcc9d3
original-en.structural.json	31.2	edd8c5fe704b434c
original-en.structural.json	31.3	5d3caae9838a5fc5
original-en.structural.json	31.4	1e17eb94225c8ffa
original-en.structural.json	31.5	633f56d1d1037984
original-en.structural.json	31.6	864553b16b68b5f3
original-en.structural.json	32.title	60938ad0249abb15
original-en.structural.json	32.0	14ed64b77648cbef
original-en.structural.json	32.1	110db6aaac0e734f
original-en.structural.json	32.2	6bfdfb04633c7b89
original-en.structural.json	32.3	dc53d35b42149028
original-en.structural.json	32.4	19d728720d6fbb29
original-en.structural.json	32.5	5c47a280fc92d6cc
original-en.structural.json	32.6	d1a1f6a7570faf3f
original-en.structural.json	32.7	ca7d762f32f5e078
original-en.structural.json	32.8	3c038a68a5643255
original-en.structural.json	32.9	a0694d2775987455
original-en.structural.json	32.10	0928c75c103d3a10
original-en.structural.json	32.11	868bbce05472266e
original-en.structural.json	32.12	d1438ede42ee30fb
original-en.structural.json	32.13	36939d17ccab7fae
original-en.structural.json	32.14	8e518fd9d5413e53
original-en.structural.json	32.15	f73a8559cf7a76a7
original-en.structural.json	32.16	70c16a5722ec294c
original-en.structural.json	32.17	27897acf1e21b110
original-en.structural.json	32.18	8abad4436001246d
original-en.structural.json	32.19	c73df1a175f1535b
original-en.structural.json	32.20	0643a0ef66257295
original-en.structural.json	32.21	a5fa5f2d9a5238f4
original-en.structural.json	32.22	1d6cd53d9e4ca95d
original-en.structural.json	32.23	4396085c8f9a30d3
original-en.structural.json	32.24	919a82f86e4a8ad8
original-en.structural.json	32.25	29b44af35a04e1bd
original-en.structural.json	32.26	72f33d14069c3bfa
original-en.structural.json	32.27	2ec7d94241c94c0f
original-en.structural.json	32.28	1f2c0a0ba1e8ac66
original-en.structural.json	32.29	c45774e6653a5a6d
original-en.structural.json	32.30	1f3769f2cb011a3b
original-en.structural.json	32.31	4a3f2da6fedb7e09
original-en.structural.json	32.32	48a5d57bdf7405fb
original-en.structural.json	32.33	8a0624835aaf4acb
original-en.structural.json	32.34	bfff2c99d28886fb
original-en.structural.json	32.35	02aeece48cd210c0
original-en.structural.json	32.36	a020e192ce7decea
original-en.structural.json	32.37	2ae1a43b3ed4e8cc
original-en.structural.json	32.38	13c92d9543740bd7
original-en.structural.json	32.39	88b3a008aadc317e
original-en.structural.json	32.40	7f869fe70935956f
original-en.structural.json	32.41	6962b16d0588e0a8
original-en.structural.json	32.42	af3f58f7bf5a2f5f
original-en.structural.json	32.43	271bd7242a27c2bb
original-en.structural.json	32.44	14e74e58e46b35d4
original-en.structural.json	32.45	ee0402b3e368b250
original-en.structural.json	32.46	b4306f7a954c2a27
original-en.structural.json	33.title	d8971e20f3cbf83b
original-en.structural.json	33.0	5aa0d83b9f732b14
original-en.structural.json	33.1	20b60e264ff7eed5
original-en.structural.json	33.2	da9212b50d71fd26
original-en.structural.json	33.3	3df186751b23e9df
original-en.structural.json	33.4	42ebb6606b2a60c7
original-en.structural.json	33.5	21610caea7b4277b
original-en.structural.json	33.6	0c3a120b7b42529a
original-en.structural.json	34.title	df4c6173bbd133d0
original-en.structural.json	34.0	3d51fd799f35c265
original-en.structural.json	34.1	ac19d8ca0c0ab6c2
original-en.structural.json	34.2	d09ddee5a3136eb5
original-en.structural.json	34.3	bf89514d01d1bca4
original-en.structural.json	34.4	a642c4deafb64e0c
original-en.structural.json	34.5	8a80ef409ac556a6
original-en.structural.json	34.6	7b4af55de4ba1ae7
original-en.structural.json	34.7	5cbd5a52dc025cea
original-en.structural.json	34.8	1473e4c630c2d886
original-en.structural.json	34.9	75054d36b780d1f2
original-en.structural.json	34.10	0a4bc9f8df86674b
original-en.structural.json	35.title	239cd480b8ef8fef
original-en.structural.json	35.0	4cde04758cf5d98b
original-en.structural.json	35.1	f7fff45e1ca8c0b2
original-en.structural.json	35.2	72053db8c6e8f156
original-en.structural.json	35.3	b40b732c9620a004
original-en.structural.json	35.4	46b20e8ed300311b
original-en.structural.json	35.5	6277ab1e4cabe0ad
original-en.structural.json	35.6	6453d7835d35238d
original-en.structural.json	35.7	3c731e60fea0bfc1
original-en.structural.json	35.8	74c70188fd0e93e7
original-en.structural.json	35.9	4db2bc76cd50456f
original-en.structural.json	35.10	22a2348e8ccfd2a0
original-en.structural.json	35.11	ce36157c3b29498c
original-en.structural.json	35.12	a01328acb3a7352b
original-en.structural.json	36.title	58f0e68f9ff5c718
original-en.structural.json	36.0	8a24df65093357f4
original-en.structural.json	36.1	352f362abe9eebea
original-en.structural.json	36.2	e67050881aa7766b
original-en.structural.json	36.3	8246bf054de5f487
original-en.structural.json	36.4	7b4fcdf81df68f19
original-en.structural.json	36.5	d500fa8283c7e4c8
original-en.structural.json	36.6	60bae9c554b6fcac
original-en.structural.json	36.7	f56c63f3b7ccd879
original-en.structural.json	36.8	2c862fb172ac7785
original-en.structural.json	36.9	d30998dbd505b5b2
original-en.structural.json	36.10	732d94e5fccfc518
original-en.structural.json	36.11	4e0df9cc75611809
original-en.structural.json	36.12	aff29faa0e6fb4b0
original-en.structural.json	36.13	a30fc97477c5cbe4
original-en.structural.json	36.14	4fb7e1ae2b5d5589
original-en.structural.json	36.15	5b2242cd7f2bd530
original-en.structural.json	36.16	ef72b75b3e4b1873
original-en.structural.json	36.17	b31cbea741029375
original-en.structural.json	36.18	54aa61ea5b34f00a
original-en.structural.json	36.19	61d57edae9482ca0
original-en.structural.json	36.20	839d14b7b84e3fde
original-en.structural.json	36.21	3f5abfa8e84431e6
original-en.structural.json	36.22	6f99ea80fc8d5088
original-en.structural.json	36.23	9541a126149cc63b
original-en.structural.json	36.24	8656036cf89d059a
original-en.structural.json	36.25	307212478184100b
original-en.structural.json	36.26	6c5e21a90ef9fe86
original-en.structural.json	36.27	c5f03a5ea6b2a77d
original-en.structural.json	36.28	ffaa86c23b275b62
original-en.structural.json	36.29	0b69e6190ca158d7
original-en.structural.json	36.30	6a02ec76f36b0603
original-en.structural.json	36.31	07239f7d5add5516
original-en.structural.json	36.32	b495b1e80405e049
original-en.structural.json	36.33	a3d154bd2a2b4770
original-en.structural.json	36.34	aeefad709062a49c
original-en.structural.json	36.35	24c5bd5b1cb8439a
original-en.structural.json	36.36	3dfbd8f819b4dd6d
original-en.structural.json	36.37	43874420c3f40bee
original-en.structural.json	36.38	b5fc10b93d3304cf
original-en.structural.json	36.39	2c7075978e39bc18
original-en.structural.json	36.40	4f428261e551b0df
original-en.structural.json	36.41	363d8efd59bdb4de
original-en.structural.json	36.42	d50fa70865efa3ff
original-en.structural.json	36.43	b972e5f7bd872a05
original-en.structural.json	36.44	487b5272afcc5043
original-en.structural.json	36.45	ec7253cfa4da70f9
original-en.structural.json	36.46	964cd4271bdd0c4a
original-en.structural.json	36.47	d0814d0d938436ed
original-en.structural.json	36.48	ccb84e39ccabc53e
original-en.structural.json	36.49	92339ced98aca91d
original-en.structural.json	36.50	0b65a90bb70832d9
original-en.structural.json	37.title	630affa568038f3e
original-en.structural.json	37.0	24aea4240ee61aa1
original-en.structural.json	37.1	c5f228f0c958c2c4
original-en.structural.json	37.2	3380a936e16a5805
original-en.structural.json	37.3	9e63a4136e83e293
original-en.structural.json	37.4	d3d309365a998f89
original-en.structural.json	38.title	e8667071aecbd925
original-en.structural.json	38.0	fce67fd8b6c6fe50
original-en.structural.json	38.1	4b3b12c782bc5352
original-en.structural.json	38.2	1ca29c5cdf74ef16
original-en.structural.json	38.3	123d4e2557e70a7b
original-en.structural.json	39.title	d86e6b97eba1bcec
original-en.structural.json	39.0	b4661894758529eb
original-en.structural.json	39.1	7b6259e0643a559a
original-en.structural.json	39.2	c94fd91c65ae7b40
original-en.structural.json	39.3	3086307ed12fa9d3
original-en.structural.json	39.4	6a78d6c43cefa650
original-en.structural.json	40.title	a2712a92366f04e2
original-en.structural.json	40.0	13770e8628101b5a
original-en.structural.json	40.1	7a55efc791cc4f78
original-en.structural.json	40.2	94b20456319760ea
original-en.structural.json	40.3	59e0bd6fc6c04da6
original-en.structural.json	40.4	03b31704537aee97
original-en.structural.json	40.5	46ed7a6a927a11de
original-en.structural.json	40.6	42af7fc1d8ec4c2d
original-en.structural.json	40.7	2f3d3695225ea322
original-en.structural.json	40.8	a53fc10550dd7d91
original-en.structural.json	40.9	d00f19f84090ec18
original-en.structural.json	40.10	d22c1908170c85c4
original-en.structural.json	40.11	e986c21c388830fe
original-en.structural.json	40.12	33fb282c8d9bedce
original-en.structural.json	40.13	94d2087ddb3051ca
original-en.structural.json	40.14	e13055127c8a604e
original-en.structural.json	40.15	4b76c7607e232733
original-en.structural.json	40.16	fe4cca8dc34b991e
original-en.structural.json	40.17	9296ec72a06d470b
original-en.structural.json	40.18	aa6a75c7404e3d42
original-en.structural.json	40.19	90d7f91dc4ba94ff
original-en.structural.json	40.20	a64ff6fa6bdc8b5a
original-en.structural.json	40.21	badead7bb28dbf78
original-en.structural.json	40.22	855bf24ac60a70a7
original-en.structural.json	40.23	4f0ecdcc21eb3875
original-en.structural.json	40.24	6a596868cb5c4e9c
original-en.structural.json	40.25	f0fc445fa089c5a0
original-en.structural.json	40.26	77c401211501f492
original-en.structural.json	40.27	84e2f9da5a8ca7e8
original-en.structural.json	40.28	557cf246efa6f0d2
original-en.structural.json	40.29	7e06c506145b6a2b
original-en.structural.json	40.30	52968437b2a4d7ba
original-en.structural.json	40.31	e58637d07c991de1
original-en.structural.json	40.32	ae3ca1498cb861e6
original-en.structural.json	40.33	61606cd04076c5d8
original-en.structural.json	40.34	0ab5e1c8e389db44
original-en.structural.json	40.35	9991f784417f7145
original-en.structural.json	40.36	d537c2c0dbf1ae13
original-en.structural.json	40.37	bd61b75d0e51daff
original-en.structural.json	40.38	e6ac0e1b18efc5c9
original-en.structural.json	40.39	f10179db72057008
original-en.structural.json	40.40	49c426dea7b9778a
original-en.structural.json	40.41	27b4a4aa9dd8eec0
original-en.structural.json	40.42	588c968536c159b6
original-en.structural.json	40.43	e10dc87f0f135b0e
original-en.structural.json	40.44	fef2f34ad82e0f08
original-en.structural.json	40.45	81cebff640af0f9b
original-en.structural.json	40.46	65ea05570bf9b427
original-en.structural.json	40.47	ee9873d975c6e065
original-en.structural.json	40.48	6b8c2767a8a6a143
original-en.structural.json	40.49	9241bc50a359b831
original-en.structural.json	40.50	c13967c2dd77fafb
original-en.structural.json	41.title	f0e47b6e366fae43
original-en.structural.json	41.0	62b338e3b1f35494
original-en.structural.json	41.1	c81f4f0c5596e6b3
original-en.structural.json	41.2	772edfd22441dca6
original-en.structural.json	41.3	b8f0b6c43e1fa503
original-en.structural.json	41.4	65067987e6936466
original-en.structural.json	41.5	23bf7dcf97e10705
original-en.structural.json	41.6	9d5a2e9cb141ed9c
original-en.structural.json	41.7	572390ce74197d72
original-en.structural.json	41.8	571393898b9ced2a
original-en.structural.json	41.9	ca563201e82d54c3
original-en.structural.json	41.10	3ad935cdcf0e0811
original-en.structural.json	41.11	d507d2bf9f9504db
original-en.structural.json	41.12	b972f121841cfa07
original-en.structural.json	41.13	d9f676592aa223ad
original-en.structural.json	41.14	f6de50d7523f4ec4
original-en.structural.json	41.15	faa591ae9be3ddee
original-en.structural.json	41.16	2c3a9c4a8fe8467c
original-en.structural.json	41.17	cbb09907bcdba46f
original-en.structural.json	41.18	f8615aa40fc2cfa4
original-en.structural.json	41.19	efd87d302b7c07f6
original-en.structural.json	41.20	89e2afe01e5ab2c2
original-en.structural.json	41.21	4b317572b76977af
original-en.structural.json	41.22	8ed6988a460b2ba9
original-en.structural.json	41.23	51affd850e4cf7ee
original-en.structural.json	42.title	5a392a1ce7d611d8
original-en.structural.json	42.0	67ceaa3a124348da
original-en.structural.json	42.1	5bca84d841c490a1
original-en.structural.json	42.2	6154067b1affebcd
original-en.structural.json	42.3	51a198e6e1fd6918
original-en.structural.json	42.4	797c017b667f2f03
original-en.structural.json	42.5	32aac72c42b0d458
original-en.structural.json	42.6	b4dc6266350649b8
original-en.structural.json	42.7	8f2fc3e1d7d1dbe6
original-en.structural.json	42.8	eae9c902f7145020
original-en.structural.json	42.9	bef89651381248f6
original-en.structural.json	42.10	81ca210ceb433f3e
original-en.structural.json	42.11	656ab5477cb89134
original-en.structural.json	42.12	b96aaa69c8c0529a
original-en.structural.json	42.13	c94cf7a334ec07c0
original-en.structural.json	42.14	7ae027898601bf65
original-en.structural.json	42.15	2aa739f33462c0b0
original-en.structural.json	42.16	4431afcfe5430ab4
original-en.structural.json	42.17	78e8921fd8db1c00
original-en.structural.json	42.18	756420dfa3e45028
original-en.structural.json	42.19	fed8bde1065201e4
original-en.structural.json	42.20	e15b9021f3329b62
original-en.structural.json	42.21	2e87f2a6bbf4bf91
original-en.structural.json	42.22	26bbecddbc2e9b32
original-en.structural.json	42.23	7826e3fda637b817
original-en.structural.json	42.24	91205fae47dd8149
original-en.structural.json	42.25	b5151e2ba68e8a8c
original-en.structural.json	42.26	7b390a102e10ab1d
original-en.structural.json	42.27	0ff5fe734f8f7d25
original-en.structural.json	42.28	848e79a7c9c2ac4b
original-en.structural.json	42.29	46164226337f9883
original-en.structural.json	42.30	1ad5a7d4f888f6b6
original-en.structural.json	43.title	678dcc635cd218f1
original-en.structural.json	43.0	1a079e9f1b1393d1
original-en.structural.json	43.1	b593ae07cb4c79f3
original-en.structural.json	43.2	dd128de56665b9bb
original-en.structural.json	43.3	9abddb332f519463
original-en.structural.json	43.4	87f789dc8c0e29c1
original-en.structural.json	43.5	535c2b97199d67b9
original-en.structural.json	43.6	81f4cc32d6610bbf
original-en.structural.json	43.7	6eaa6d0774ae1fed
original-en.structural.json	43.8	6834008a099d5037
original-en.structural.json	43.9	4354768ea021881d
original-en.structural.json	43.10	7f76367b0771ccb9
original-en.structural.json	43.11	aed81b9f2c7905b8
original-en.structural.json	43.12	01b17150494bbb8b
original-en.structural.json	44.title	dcb990028a26a23f
original-en.structural.json	44.0	b6d93b592ce02a79
original-en.structural.json	44.1	57959db4d661f802
original-en.structural.json	44.2	befaebe80a465e67
original-en.structural.json	44.3	afb8e22bd6a1796f
original-en.structural.json	44.4	0458a9989d812be2
original-en.structural.json	44.5	3dd7cad4a642ae3b
original-en.structural.json	44.6	7f50ebfe2b2e6ef3
original-en.structural.json	44.7	d56c39fc92b68f31
original-en.structural.json	44.8	014f23e76121d972
original-en.structural.json	44.9	0729b5593bcba862
original-en.structural.json	44.10	74a3658602d94a33
original-en.structural.json	44.11	47029755382bac84
original-en.structural.json	45.title	278174afb4145b16
original-en.structural.json	45.0	b987a922c4314f82
original-en.structural.json	45.1	20974c392ed1f811
original-en.structural.json	45.2	599d8d98d780f2ea
original-en.structural.json	45.3	1fb2dad0583b1788
original-en.structural.json	45.4	434e975bc8817715
original-en.structural.json	45.5	2a7509b09f5259be
original-en.structural.json	45.6	98a02f0b25560e3e
original-en.structural.json	45.7	529170dfd5c74e82
original-en.structural.json	45.8	25d7d47c8e112936
original-en.structural.json	45.9	55b1dc35284fa97b
original-en.structural.json	45.10	bebaedd52b63490f
original-en.structural.json	45.11	f413f11726a4d929
original-en.structural.json	45.12	30b0501e6af28fb3
original-en.structural.json	45.13	53fb9ae46c2379af
original-en.structural.json	45.14	d9ca0795088b9c3c
original-en.structural.json	45.15	5df0bd7bff165fbf
original-en.structural.json	45.16	a1a00960078ba5b2
original-en.structural.json	45.17	cd9a960f324d295f
original-en.structural.json	45.18	d44352b6837577c7
original-en.structural.json	45.19	41ef3ce2ee1afd56
original-en.structural.json	45.20	931a80ae6a78e793
original-en.structural.json	45.21	60ae5f84941984ae
original-en.structural.json	45.22	2e629e357ddc3d89
original-en.structural.json	45.23	9d33eed7d679e7a7
original-en.structural.json	45.24	452d9edbfb1cbb54
original-en.structural.json	46.title	66bd01609f7c2372
original-en.structural.json	46.0	7f2fb3a1758ba676
original-en.structural.json	46.1	32aa84566622e220
original-en.structural.json	46.2	e55c6c607310c325
original-en.structural.json	46.3	95c4f31488ce07c3
original-en.structural.json	46.4	4b196fdbb40dd8dd
original-en.structural.json	46.5	747959ab46e0ce81
original-en.structural.json	47.title	039da3a10bee8b08
original-en.structural.json	47.0	9d15ff572bd5b46e
original-en.structural.json	47.1	ff0275d00703ee85
original-en.structural.json	47.2	a3fd072815cbd4bd
original-en.structural.json	47.3	1c219ce51d9f44a2
original-en.structural.json	47.4	3447cd1aae27ac2d
original-en.structural.json	47.5	ce1371857a8f7262
original-en.structural.json	47.6	afc3449831c7bc07
original-en.structural.json	47.7	5f7ed5b8e37ee224
original-en.structural.json	47.8	16b09dea6946b56a
original-en.structural.json	47.9	0c9acd003c288e56
original-en.structural.json	47.10	c8adfe5d2d6febf2
original-en.structural.json	47.11	a1d9be9706a0f45f
original-en.structural.json	47.12	5f94b153144c0ac6
original-en.structural.json	47.13	90f3178ee904bcba
original-en.structural.json	48.title	29f74cac26fc3d16
original-en.structural.json	48.0	cc14da0cfafd3c10
original-en.structural.json	48.1	8c234425ce7bba54
original-en.structural.json	48.2	28fe35a09ad18294
original-en.structural.json	48.3	43f4a7702ac5a1ee
original-en.structural.json	48.4	8244cc7277471098
original-en.structural.json	48.5	735f7de566069aa4
original-en.structural.json	48.6	a5a4e8a43a8c68a0
original-en.structural.json	48.7	f5fa60fab7fb3e7b
original-en.structural.json	48.8	c6228ea134fbb0aa
original-en.structural.json	48.9	e829261041153d70
original-en.structural.json	48.10	aa360bdab6870113
original-en.structural.json	48.11	9f02fb77bddcbbef
original-en.structural.json	48.12	8794dda23fd561fa
original-en.structural.json	48.13	fcde2c32afe7d42e
original-en.structural.json	48.14	de4bdc2657736247
original-en.structural.json	48.15	d624509843ab0911
original-en.structural.json	48.16	7576fcd19a0ee165
original-en.structural.json	48.17	e1728343196e1fdd
original-en.structural.json	48.18	17e991a9aa3c7a3a
original-en.structural.json	48.19	404fea4d38b8f49f
original-en.structural.json	48.20	71417228dc344456
original-en.structural.json	48.21	e285256430b197c7
original-en.structural.json	48.22	7496209a8ef2c2ff
original-en.structural.json	48.23	9f9e45790c75bf97
original-en.structural.json	48.24	e3059c0c6d26db38
original-en.structural.json	48.25	551e475a6afa1c3c
original-en.structural.json	48.26	795819d8f4ea57ca
original-en.structural.json	48.27	e5e51f371b3ba9f2
original-en.structural.json	48.28	b049b108c7f6f16f
original-en.structural.json	48.29	00500fe7d08b06ad
original-en.structural.json	48.30	27d513844a33625c
original-en.structural.json	48.31	e3655669ba53445f
original-en.structural.json	48.32	08df040d1b710c22
original-en.structural.json	48.33	2dac90725b5860c3
original-en.structural.json	48.34	a82f77a59dcf96c2
original-en.structural.json	48.35	83bf57943be88cdb
original-en.structural.json	48.36	dbdecf36035903ce
original-en.structural.json	48.37	ff3d9f62ba857a59
original-en.structural.json	48.38	fd2ad619a517b748
original-en.structural.json	48.39	ad34143c02426a4f
original-en.structural.json	48.40	96d4e8297a46ff6d
original-en.structural.json	48.41	a0fdb6fedf79f513
original-en.structural.json	48.42	3d220ee4432cfdb6
original-en.structural.json	48.43	7fb861f872f1f757
original-en.structural.json	48.44	881b80b31d1f2f69
original-en.structural.json	48.45	978f02bc07b21cc7
original-en.structural.json	48.46	769e97129ac3822c
original-en.structural.json	48.47	17e9d36bf5014197
original-en.structural.json	48.48	2c7f1c0671a5c636
original-en.structural.json	48.49	f79de67d967cba4b
original-en.structural.json	48.50	4fcd5f82b7617728
original-en.structural.json	49.title	a366a004ad0573f8
original-en.structural.json	49.0	188f558de934bd55
original-en.structural.json	49.1	2bceb5f33b638841
original-en.structural.json	49.2	86435e836cde3d8f
original-en.structural.json	49.3	54a893cb555fee9d
original-en.structural.json	49.4	9946b40ee03389c8
original-en.structural.json	49.5	6715a7a9876d5001
original-en.structural.json	49.6	096dda985964f3a0
original-en.structural.json	49.7	be463287da0cde83
original-en.structural.json	49.8	939e4f23bd50de89
original-en.structural.json	50.title	4c460368549e1576
original-en.structural.json	50.0	092bb3f84f2ee81a
original-en.structural.json	50.1	f12d3fea7727cb06
original-en.structural.json	50.2	8f41ad8f3933a7a0
original-en.structural.json	50.3	1116051e65d1b421
original-en.structural.json	50.4	4601717a63683e5e
original-en.structural.json	50.5	17bf32b096cf4491
original-en.structural.json	50.6	b498078faee3c8c5
original-en.structural.json	50.7	665251133bcfc2d6
original-en.structural.json	51.title	0fddcd71be404322
original-en.structural.json	51.0	bd0eac149a6bed9f
original-en.structural.json	51.1	b19027f892f978a3
original-en.structural.json	51.2	831dc0237f09e1c3
original-en.structural.json	51.3	ec67008a2b65c290
original-en.structural.json	51.4	61ff1db4bb89746d
original-en.structural.json	51.5	7d24425e4ab4bac1
original-en.structural.json	51.6	095c2bb8976cf1ec
original-en.structural.json	51.7	b815f76980777399
original-en.structural.json	51.8	a00f32ae87361fdb
original-en.structural.json	51.9	5c8288350907c437
original-en.structural.json	51.10	812e15ba46780a4f
original-en.structural.json	51.11	4b7eba4ae43fba2a
original-en.structural.json	52.title	f0e1a7a70275d565
original-en.structural.json	52.0	99c68f118a7ffbd0
original-en.structural.json	52.1	10e1be66e06fba6c
original-en.structural.json	52.2	5b866473c693aa50
original-en.structural.json	52.3	29621f1b22d45a26
original-en.structural.json	52.4	c1b85ad2e438485e
original-en.structural.json	52.5	3b972aed41480792
original-en.structural.json	52.6	700dca1eaa1bca9f
original-en.structural.json	52.7	97b61d96a69c9af5
original-en.structural.json	53.title	5b808e0eed66bf24
original-en.structural.json	53.0	309ad05f30eeeb3d
original-en.structural.json	53.1	4ef2868cbdae8ee4
original-en.structural.json	53.2	bc119090712e924a
original-en.structural.json	53.3	16ad5add4871f0fd
original-en.structural.json	53.4	7a1431a8b219bd55
original-en.structural.json	53.5	68e4d0aeba69bd39
original-en.structural.json	53.6	fc5df448c743d431
original-en.structural.json	53.7	098ca6ef5041affe
original-en.structural.json	53.8	58fc62f18642c79a
original-en.structural.json	54.title	d191bb8ef01bb35b
original-en.structural.json	54.0	28cc5f74b5cdca25
original-en.structural.json	54.1	d2d01f84425fec02
original-en.structural.json	54.2	5c556f9082786b6d
original-en.structural.json	54.3	3550eb2fcad052f5
original-en.structural.json	54.4	ffde15f3f41bc0db
original-en.structural.json	54.5	e8494a691a7e7fb4
original-en.structural.json	54.6	9c16fc5e2b9c122c
original-en.structural.json	54.7	3d01fd8a7b681c76
original-en.structural.json	54.8	302b93b5e7770638
original-en.structural.json	54.9	3e1e7238dc5639a0
original-en.structural.json	54.10	9b202c1775661d1d
original-en.structural.json	54.11	33e21796375d2f96
original-en.structural.json	54.12	3b2d80986c127b01
original-en.structural.json	54.13	8a51f1ed9b4e8ae6
original-en.structural.json	54.14	5b07c2dbe78c5caf
original-en.structural.json	54.15	36a757cb6e33f872
original-en.structural.json	54.16	d866ef78e280251a
original-en.structural.json	54.17	29b6ec0ed3d76afa
original-en.structural.json	54.18	9a9d97013777ae87
original-en.structural.json	54.19	ac0cf69b7f540318
original-en.structural.json	54.20	8a1615fccfffa0b6
original-en.structural.json	54.21	c65c0c1016a7748a
original-en.structural.json	54.22	13699dd24cb812fa
original-en.structural.json	54.23	edf442d23ec88482
original-en.structural.json	54.24	790a12463f560572
original-en.structural.json	54.25	fb6bee6dacbbdb9a
original-en.structural.json	54.26	d1438ac23fed3a5c
original-en.structural.json	54.27	251928323e5d8ffc
original-en.structural.json	54.28	790f86be4ea30651
original-en.structural.json	54.29	2dc9d91366ef44a6
original-en.structural.json	54.30	015ea3aa9c0e93e8
original-en.structural.json	54.31	73fe0b9cbe4f249c
original-en.structural.json	54.32	65728785a5d1d4d7
original-en.structural.json	54.33	84b15e4c624b0223
original-en.structural.json	54.34	7bf1f2d917e18b86
original-en.structural.json	54.35	fa1a5b1326b44194
original-en.structural.json	54.36	6b0caf8484accb4b
original-en.structural.json	54.37	fb77d3d5a0710f50
original-en.structural.json	54.38	b1d70a2ff5d32992
original-en.structural.json	54.39	86387eefc0f01fac
original-en.structural.json	54.40	5ae60ffdcf91cb06
original-en.structural.json	54.41	9d85ceccd70736b4
original-en.structural.json	54.42	a86b04b31b36ffde
original-en.structural.json	54.43	11723ef228c0dd6c
original-en.structural.json	54.44	b7b2ff2027923f84
original-en.structural.json	54.45	ccca43d5dcd17a9b
original-en.structural.json	54.46	28649ac6be75e617
original-en.structural.json	54.47	e94c3bc010dd2426
original-en.structural.json	54.48	3c548970ec598673
original-en.structural.json	54.49	1916f360dc40f9b0
original-en.structural.json	54.50	09da3b53593c0f12
original-en.structural.json	54.51	8cbc86d98de996ec
original-en.structural.json	54.52	c6a90dff073fb8a4
original-en.structural.json	54.53	cbea361837994a97
original-en.structural.json	54.54	513a134efdc8caa3
original-en.structural.json	54.55	162550f4b5a2da77
original-en.structural.json	54.56	311408493f092342
original-en.structural.json	54.57	b3a4cbc6e4053514
original-en.structural.json	54.58	a91b0f6446b5f704
original-en.structural.json	54.59	0fb4d8638546a31c
original-en.structural.json	54.60	edb90c815c89e2bf
original-en.structural.json	54.61	f6652095e9e8ad81
original-en.structural.json	54.62	88d5ac69ead10814
original-en.structural.json	54.63	9c3ca3f6ee27101c
original-en.structural.json	54.64	2165805beb8cb7eb
original-en.structural.json	54.65	47d3661d6e7e0aea
original-en.structural.json	54.66	a853b168d209f782
original-en.structural.json	54.67	a4e9a5b7c394cf65
original-en.structural.json	54.68	2736dbce4e7e267a
original-en.structural.json	54.69	c0da0989947c2238
original-en.structural.json	54.70	7e4698f00fe064ce
original-en.structural.json	54.71	6a95f603308c2480
original-en.structural.json	54.72	8eee5d648d0cd049
original-en.structural.json	54.73	856f9ef7fba08453
original-en.structural.json	54.74	698b1e00fe1ca367
original-en.structural.json	54.75	f698891cc9a60d49
original-en.structural.json	54.76	b4f9f8662707156d
original-en.structural.json	54.77	7808d2c993ed1e20
original-en.structural.json	54.78	e1e70ecf9d50d63f
original-en.structural.json	54.79	7547418419729a2a
original-en.structural.json	54.80	a4d8885ba7448176
original-en.structural.json	54.81	1936ad66c9b79567
original-en.structural.json	54.82	b7e1a7d5252c8b0e
original-en.structural.json	54.83	689f97473be40aa6
original-en.structural.json	54.84	856ee299c3c8be53
original-en.structural.json	54.85	7bb18016b9f341df
original-en.structural.json	54.86	4de511c9246dd7f0
original-en.structural.json	54.87	c151b5399c10f8ff
original-en.structural.json	54.88	4f20a32991ecb01e
original-en.structural.json	54.89	5f070a38a393f674
original-en.structural.json	54.90	1acc716893bdd53e
original-en.structural.json	54.91	4692e52fc8e1ce74
original-en.structural.json	54.92	1278a717c4c03ff0
original-en.structural.json	54.93	b6e5a25aeeea9598
original-en.structural.json	54.94	e919414a9f11db77
original-en.structural.json	54.95	fe843f71324acf2a
original-en.structural.json	54.96	4a10e6efe495a158
original-en.structural.json	54.97	f91de4e307b409ce
original-en.structural.json	54.98	77c93a777114fb7d
original-en.structural.json	54.99	275c1659d5ecead7
original-en.structural.json	54.100	e6d27712974b152b
original-en.structural.json	54.101	7c4f294b8984ee03
original-en.structural.json	54.102	c83999fc30307705
original-en.structural.json	54.103	adc1b093e98854b3
original-en.structural.json	54.104	7528e93805cb0ec9
original-en.structural.json	54.105	15455f6658e07ff5
original-en.structural.json	54.106	2cb2f20577875e23
original-en.structural.json	54.107	a6b48bfdd0b201b2
original-en.structural.json	54.108	14e74e58e46b35d4
original-en.structural.json	54.109	28f1763ff4d9abe6
original-en.structural.json	54.110	2c75676bc53ed47e
original-en.structural.json	54.111	d346615ef7e5bdff
original-en.structural.json	55.title	e741b82c2564e38a
original-en.structural.json	55.0	0db06580ff5a6364
original-en.structural.json	55.1	d26877ca4353f228
original-en.structural.json	55.2	3b08337ace97d1d9
original-en.structural.json	55.3	e7f74efb95dc49e7
original-en.structural.json	55.4	452d2afdf9968497
original-en.structural.json	55.5	024334ee8a1e06ab
original-en.structural.json	55.6	dc8245f9ae942d32
original-en.structural.json	55.7	5fff683b8ee34a51
original-en.structural.json	55.8	217bf8091b897a5b
original-en.structural.json	55.9	d222a836c331a89f
original-en.structural.json	55.10	8a109242aefd6879
original-en.structural.json	55.11	21abaf0e5e07ae4f
original-en.structural.json	55.12	311a2be2d1adf932
original-en.structural.json	55.13	e141ebf7e0e3fa76
original-en.structural.json	56.title	3a674fe2f1c5d700
original-en.structural.json	56.0	12cf029c543eb6f4
original-en.structural.json	56.1	1d133a847f68eab4
original-en.structural.json	56.2	5a07112de62e1454
original-en.structural.json	56.3	68a52b9d58595d94
original-en.structural.json	56.4	dd609a6f1eb1af0a
original-en.structural.json	56.5	300e5a293c7c41d5
original-en.structural.json	56.6	280b1087c2d86fcf
original-en.structural.json	56.7	ab25e7686f94ae7c
original-en.structural.json	57.title	ec1ae29590b71453
original-en.structural.json	57.0	4224a2f085c92bb3
original-en.structural.json	57.1	bea86f0a04571f21
original-en.structural.json	57.2	ba8a9d539914e937
original-en.structural.json	57.3	e97b2915e58e449b
original-en.structural.json	57.4	59b7531c46a41cb1
original-en.structural.json	57.5	0b67853aa4bae352
original-en.structural.json	57.6	3a2270bf94075f9f
original-en.structural.json	57.7	96249172545fc554
original-en.structural.json	57.8	df89eb4a8e816a02
original-en.structural.json	57.9	1333d1ce2bc70624
original-en.structural.json	57.10	91f3ef0b57eb400f
original-en.structural.json	58.title	6e3d3f1fde3ecbbb
original-en.structural.json	58.0	56ecfaa4e7164b76
original-en.structural.json	58.1	58f24fc74180220c
original-en.structural.json	58.2	114c681ad70597ce
original-en.structural.json	58.3	df0626d22b6ecc70
original-en.structural.json	58.4	25e8bb34c6a81e44
original-en.structural.json	58.5	fa926afa5bca27b3
original-en.structural.json	58.6	981e643822b177a0
original-en.structural.json	58.7	06254562a3d0bb2b
original-en.structural.json	58.8	32eeaf92b1539609
original-en.structural.json	58.9	889f0fe5b4cdd466
original-en.structural.json	58.10	2d684e7868f0d56c
original-en.structural.json	58.11	a3887f3aeed5094c
original-en.structural.json	59.title	abf3fb91f3fb4e36
original-en.structural.json	59.0	66ad62fd1fcf38b0
original-en.structural.json	59.1	0729f8e989a26ead
original-en.structural.json	59.2	3ed41f591a98fdca
original-en.structural.json	59.3	fb82f4878a94b05f
original-en.structural.json	59.4	68cbe1af3e0c39db
original-en.structural.json	59.5	a30987320bb043fb
original-en.structural.json	59.6	0959478a9de0fad1
original-en.structural.json	59.7	eebaf28797488d5c
original-en.structural.json	59.8	0b0827ead0ca7d94
original-en.structural.json	59.9	a96a2ce01c50ba81
original-en.structural.json	59.10	232f8e2ddf91997e
original-en.structural.json	59.11	f853b5ec5122eded
original-en.structural.json	59.12	c04ad628ce30be01
original-en.structural.json	60.title	d41f36ca753b5e1f
original-en.structural.json	60.0	38d8e8b736dd9b8f
original-en.structural.json	60.1	ca4b48bddcd9a00b
original-en.structural.json	60.2	00bcccce7d45a309
original-en.structural.json	60.3	5364689f2b171397
original-en.structural.json	60.4	0c5c424abd6a871d
original-en.structural.json	60.5	0380c29aa2092820
original-en.structural.json	60.6	8549ae0c5b381efb
original-en.structural.json	60.7	30a9ce731a48b3f5
original-en.structural.json	60.8	12d06dc59dad5733
original-en.structural.json	60.9	e59f1f033089013f
original-en.structural.json	61.title	ec94b0a2932c3c19
original-en.structural.json	61.0	33a62f34da84612f
original-en.structural.json	61.1	755a18cdaeb2d30c
original-en.structural.json	61.2	3f86cb6f0dfc05ef
original-en.structural.json	61.3	f32d0936bacd4f4a
original-en.structural.json	61.4	4474b9f7f543706f
original-en.structural.json	61.5	72861ad261315292
original-en.structural.json	61.6	a27c49cd04d6fd4a
original-en.structural.json	61.7	3feeae034c2e4c8d
original-en.structural.json	61.8	c840611e533c4a72
original-en.structural.json	61.9	81b5a943e7fc8e91
original-en.structural.json	61.10	f192b76986eeaab4
original-en.structural.json	61.11	431ece9e96125fad
original-en.structural.json	61.12	e35835d70728721c
original-en.structural.json	61.13	598d57c3fcab1ff4
original-en.structural.json	61.14	5aaaf5bd377d030b
original-en.structural.json	61.15	7c0a0d7580dbb22b
original-en.structural.json	61.16	7245e952eb0216ab
original-en.structural.json	61.17	01861e0639ac98b9
original-en.structural.json	61.18	ed112c1346a1d402
original-en.structural.json	61.19	4422f95a9abe95c1
original-en.structural.json	61.20	9bee75099793d58b
original-en.structural.json	61.21	9b139ffec4aecc1c
original-en.structural.json	61.22	0e56ddc2085916f3
original-en.structural.json	61.23	b7678e5307f171da
original-en.structural.json	62.title	c415eaea648ca292
original-en.structural.json	62.0	785c14ce86364ede
original-en.structural.json	62.1	b5e34ef964f64c26
original-en.structural.json	62.2	10dfb43320870201
original-en.structural.json	62.3	6d4c9bdd5e60e5aa
original-en.structural.json	62.4	8fe50d06a5ac2171
original-en.structural.json	63.title	d4bee09bf5a53e16
original-en.structural.json	63.0	a4e4dae0b6e4055b
original-en.structural.json	63.1	ccd135e25e183108
original-en.structural.json	63.2	fab88903bb8e5f0e
original-en.structural.json	63.3	ba59f7fe748b8eac
original-en.structural.json	63.4	c844445ebbe0f5cb
original-en.structural.json	64.title	1c7f1f3cc00759cd
original-en.structural.json	64.0	a4c81114bdba7466
original-en.structural.json	64.1	bc66d162929520ad
original-en.structural.json	64.2	bdf6098f2d5beda3
original-en.structural.json	64.3	e383c27188682894
original-en.structural.json	64.4	c1535f3e3b6efe30
original-en.structural.json	64.5	0cad07c3e9639c61
original-en.structural.json	64.6	bc31e5778dc6ffc9
original-en.structural.json	64.7	04dd9553a42ee9b3
original-en.structural.json	64.8	0b693330ef88c936
original-en.structural.json	64.9	086ed2ee04292c58
original-en.structural.json	64.10	149184f201ff3f76
original-en.structural.json	64.11	1570873f183e7d24
original-en.structural.json	64.12	ed0280be46cebdb5
original-en.structural.json	64.13	97e33bd03d6db510
original-en.structural.json	64.14	8b181050f921a90f
original-en.structural.json	64.15	6be0d06f4404ec16
original-en.structural.json	64.16	a6399839e452177a
original-en.structural.json	64.17	37e40b4f80f650e8
original-en.structural.json	64.18	5a6c279410c29e78
original-en.structural.json	64.19	f1f254d959394227
original-en.structural.json	64.20	4f34c40c788a8e16
original-en.structural.json	64.21	ae0a18b264b8ed25
original-en.structural.json	64.22	57db565a9454637c
original-en.structural.json	64.23	36ffd657fa337216
original-en.structural.json	64.24	c23adbe7875768f6
original-en.structural.json	64.25	6a3cad20fd4fe306
original-en.structural.json	64.26	df5c0d1df874cafc
original-en.structural.json	64.27	9ab970fb87aff77c
original-en.structural.json	64.28	d6203a0085a13864
original-en.structural.json	64.29	03e73e5171c78dde
original-en.structural.json	64.30	22d8c2490f09a62a
original-en.structural.json	64.31	3892a71e77e5d0c5
original-en.structural.json	64.32	dd5e53b12c7ce6c5
original-en.structural.json	64.33	81382b2626709961
original-en.structural.json	64.34	189ef04ef014096f
original-en.structural.json	64.35	56c67381d8164ef1
original-en.structural.json	64.36	2d92b3d5eadc3fac
original-en.structural.json	64.37	e50243375cb055ec
original-en.structural.json	64.38	bacf0b09c616f802
original-en.structural.json	64.39	432de031a2aaa0ff
original-en.structural.json	64.40	97e0a583707e0ee2
original-en.structural.json	64.41	0ef091f63683453b
original-en.structural.json	64.42	01586c667ab7335b
original-en.structural.json	64.43	5a64db641a1020d8
original-en.structural.json	64.44	4d7aa27b47487805
original-en.structural.json	64.45	d9edced5b6fa6c54
original-en.structural.json	64.46	faab4fc040e933d7
original-en.structural.json	64.47	ecb85747ff45c2a3
original-en.structural.json	64.48	51c4aaaf77733c9f
original-en.structural.json	64.49	26199c8292d2adb6
original-en.structural.json	64.50	b5aa30e71ff25074
original-en.structural.json	64.51	7fdf6b3d5ea0267b
original-en.structural.json	64.52	c77aa5871345b9b4
original-en.structural.json	64.53	275d8f7adc06dfd2
original-en.structural.json	64.54	008808319157646b
original-en.structural.json	64.55	855376974bc4f33c
original-en.structural.json	64.56	7654dc49e6d304e9
original-en.structural.json	64.57	140e0afe3e1ec050
original-en.structural.json	64.58	244da27628231610
original-en.structural.json	65.title	3826e29ae1521d80
original-en.structural.json	65.0	acda07613e97aa63
original-en.structural.json	65.1	fc2dc47864c5eb91
original-en.structural.json	65.2	2a642878c9691f23
original-en.structural.json	65.3	5efdfe9b0db45c89
original-en.structural.json	65.4	87258e5155ecb615
original-en.structural.json	65.5	8d0232e320722fe2
original-en.structural.json	65.6	5d0fa57666b2141b
original-en.structural.json	66.title	aea9f0a0c1b2cc15
original-en.structural.json	66.0	4ede6b3c6d05daba
original-en.structural.json	66.1	38ad1301c637bebc
original-en.structural.json	66.2	16eeeea9946cd944
original-en.structural.json	66.3	2666ca2cab83a72f
original-en.structural.json	66.4	3ac4862f0c658968
original-en.structural.json	67.title	f627cee9b8046f0d
original-en.structural.json	67.0	e670daa13d8b7804
original-en.structural.json	67.1	1ca3e7703d19f8a7
original-en.structural.json	67.2	dec1eba7187edba3
original-en.structural.json	68.title	94832f4825837e52
original-en.structural.json	68.0	436c7854a1ae5fcf
original-en.structural.json	68.1	748e6f943bc90ca7
original-en.structural.json	68.2	468b4b4b8eb25788
original-en.structural.json	68.3	856775c12bb542ec
original-en.structural.json	68.4	1a9a4a2b1a530ed7
original-en.structural.json	68.5	7f697758bd93061a
original-en.structural.json	68.6	6b8f418acac5e652
original-en.structural.json	68.7	186728aa980fcdff
original-en.structural.json	69.title	d425dc10e8090ee6
original-en.structural.json	69.0	2613e9416d358bf4
original-en.structural.json	69.1	9821d592b0185058
original-en.structural.json	69.2	95278010ce44e289
original-en.structural.json	69.3	5ebca0b8e57eaf86
original-en.structural.json	69.4	1863b2321512aeaf
original-en.structural.json	69.5	5e988fcb1d05c94f
original-en.structural.json	70.title	8e7466d49faa10f2
original-en.structural.json	70.0	e45518a7d5211b20
original-en.structural.json	70.1	7b9025cc5cac83a6
original-en.structural.json	70.2	010560b8916eb172
original-en.structural.json	70.3	7a7324469018771a
original-en.structural.json	70.4	46672666882a5095
original-en.structural.json	70.5	12e7027d49b83d86
original-en.structural.json	70.6	3c452bc48fc8cbac
original-en.structural.json	70.7	816683e0afa6dbbd
original-en.structural.json	70.8	b01f24c584f17860
original-en.structural.json	70.9	e9e68252299d0c88
original-en.structural.json	70.10	d21eda8ff9a55120
original-en.structural.json	71.title	646ea03f9f9e8f56
original-en.structural.json	71.0	95b2b069f9d38a78
original-en.structural.json	71.1	25756e0e7e779858
original-en.structural.json	71.2	14aaf55ba1ad40a4
original-en.structural.json	71.3	600adee247b0e64d
original-en.structural.json	71.4	61e6b0b1b47214a4
original-en.structural.json	71.5	62f68b2bff6977b2
original-en.structural.json	71.6	9de2e03bf2f20863
original-en.structural.json	71.7	e1394582140a9148
original-en.structural.json	71.8	5eae2d85d91c4dbf
original-en.structural.json	71.9	342daf8367485de2
original-en.structural.json	71.10	bae7807b6052f1c3
original-en.structural.json	71.11	526d621d682ebed5
original-en.structural.json	71.12	044b2a3505a82473
original-en.structural.json	71.13	86e7962573f58461
original-en.structural.json	71.14	3874280eb2a27c13
original-en.structural.json	71.15	42399b3a532c455d
original-en.structural.json	71.16	96ee0afd3cb15662
original-en.structural.json	71.17	d2f99c59d374a70e
original-en.structural.json	71.18	825296729ef4afdf
original-en.structural.json	71.19	c78bf3fa5655c818
original-en.structural.json	71.20	5590ca9c97dfec41
original-en.structural.json	71.21	9eb75ff82837213a
original-en.structural.json	71.22	80f50bb587dfcd88
original-en.structural.json	71.23	dd790fbd8f1a2ba2
original-en.structural.json	71.24	8fa49c0ff58e0651
original-en.structural.json	71.25	b2e2b750be165e7f
original-en.structural.json	71.26	072a1abe77514e87
original-en.structural.json	71.27	391fcdee13e21af9
original-en.structural.json	71.28	f08b6a34b6ad4037
original-en.structural.json	72.title	58a8f53fc11f0183
original-en.structural.json	72.0	559f3f104ce30434
original-en.structural.json	72.1	d18c0d6454241185
original-en.structural.json	72.2	d0530b1dc6204f02
original-en.structural.json	72.3	8150271e4ec7e588
original-en.structural.json	72.4	d263eefb7c0f98ef
original-en.structural.json	72.5	0664240ddf0c408c
original-en.structural.json	72.6	1d53047e1c316501
original-en.structural.json	72.7	c1418a2fe83f2552
original-en.structural.json	72.8	4bc699c4b33c54e4
original-en.structural.json	72.9	6c0338482cf7ff3c
original-en.structural.json	72.10	3ceb0a73138c0452
original-en.structural.json	72.11	fc3500d021efdb9a
original-en.structural.json	72.12	266a1f065a13b86f
original-en.structural.json	72.13	1ebf1398c5cf1d17
original-en.structural.json	72.14	55859d2e4aabef05
original-en.structural.json	72.15	66bbc5c847c26f8f
original-en.structural.json	72.16	564fd964d6801e46
original-en.structural.json	72.17	30b8210556618556
original-en.structural.json	72.18	16b4c9fde7ace19b
original-en.structural.json	72.19	f860ab8056413120
original-en.structural.json	73.title	19eafcc2d69759a2
original-en.structural.json	73.0	88c5293277aec0fe
original-en.structural.json	73.1	3e0fe3b32c286b98
original-en.structural.json	73.2	2f1c21a4a4d942d4
original-en.structural.json	73.3	6b495a71575ff53c
original-en.structural.json	73.4	beb8a69c5e400483
original-en.structural.json	73.5	3f23240ab0bc586e
original-en.structural.json	73.6	739325851b9269ac
original-en.structural.json	73.7	f27d1d3ed89cb524
original-en.structural.json	73.8	8c45c483231ad4a3
original-en.structural.json	73.9	4e1ec9520795a50e
original-en.structural.json	73.10	cb4885ead76aa58e
original-en.structural.json	73.11	d8ee40aeef8deb97
original-en.structural.json	73.12	a4a91a613434cbd8
original-en.structural.json	73.13	9cab12cf57a85868
original-en.structural.json	73.14	ab6612ad45c614f2
original-en.structural.json	73.15	04e602e363dfff7b
original-en.structural.json	73.16	8752a7878bb6348f
original-en.structural.json	73.17	4fb04070bdf0cb84
original-en.structural.json	73.18	b98bd9547bcb294a
original-en.structural.json	73.19	9088139bb699c910
original-en.structural.json	73.20	25c99f8904635552
original-en.structural.json	73.21	e47962ed03c1b578
original-en.structural.json	73.22	b9fbd1f16808b94f
original-en.structural.json	73.23	4501f87a4b55f38e
original-en.structural.json	73.24	314fc89f0fbff054
original-en.structural.json	73.25	3e535807e6fd9c52
original-en.structural.json	73.26	4347e22caa4c7b36
original-en.structural.json	73.27	40e79ccaaf4ff230
original-en.structural.json	73.28	18ad38be81977dc4
original-en.structural.json	73.29	e8bd7cdc7c9ebde2
original-en.structural.json	73.30	269ab4f297c550ef
original-en.structural.json	73.31	e98446767d5080cd
original-en.structural.json	73.32	060a002358d7510b
original-en.structural.json	73.33	6d53bbb16b6a388f
original-en.structural.json	73.34	d69db31769dec61e
original-en.structural.json	73.35	3c620e496b2dff7b
original-en.structural.json	73.36	2694b49ea07d2b00
original-en.structural.json	73.37	3dfd476e3105f24b
original-en.structural.json	73.38	95901c30a2162d9b
original-en.structural.json	73.39	d7ad91f715123323
original-en.structural.json	73.40	f6e3623219e17ad9
original-en.structural.json	73.41	2896cf05a8933f96
original-en.structural.json	74.title	066eef6b06d8b8a0
original-en.structural.json	74.0	a75d1d789e1fcfff
original-en.structural.json	74.1	a5cad5a6407a3616
original-en.structural.json	74.2	91af58944f9d2a86
original-en.structural.json	74.3	6d54ff909483f6ac
original-en.structural.json	74.4	811369dd6f544652
original-en.structural.json	74.5	09fc67a8da5dfee0
original-en.structural.json	74.6	b81575827bb12d96
original-en.structural.json	74.7	26bc4f23d6651439
original-en.structural.json	74.8	898b3731bf282d0b
original-en.structural.json	74.9	e57d82306402a3ac
original-en.structural.json	74.10	55d90885edb65cf7
original-en.structural.json	74.11	6b12ae228c275fb8
original-en.structural.json	74.12	fe774c959301e4ba
original-en.structural.json	74.13	2e010755ef5aea08
original-en.structural.json	75.title	0ac87ffa2e30a8a0
original-en.structural.json	75.0	7b79ae3d4319a7bb
original-en.structural.json	75.1	b297b662e4b5d713
original-en.structural.json	75.2	c5839842ed7c1f34
original-en.structural.json	75.3	1547ec5363b5d662
original-en.structural.json	75.4	7d47ec95d4290791
original-en.structural.json	75.5	038a21315a24f95f
original-en.structural.json	75.6	b36e6faf18e72522
original-en.structural.json	75.7	ab241e05176cf482
original-en.structural.json	75.8	24e88bfb172f4d7a
original-en.structural.json	75.9	a2911df67c660955
original-en.structural.json	75.10	9ae67b7d07b6ff0e
original-en.structural.json	76.title	ea221d71ec3ada6b
original-en.structural.json	76.0	6219f69b036bb53a
original-en.structural.json	76.1	eb02ba7682a39cb7
original-en.structural.json	76.2	c19fbd562a18d87f
original-en.structural.json	76.3	197ce3e453f28fcc
original-en.structural.json	77.title	2140591e2073db72
original-en.structural.json	77.0	aacb9fbf7c9d8a88
original-en.structural.json	77.1	1c764e04d9267e5c
original-en.structural.json	77.2	5b242e7f3f52d2fa
original-en.structural.json	77.3	32bbef6604eac336
original-en.structural.json	77.4	0814b00f5aeea051
original-en.structural.json	77.5	03cacbe9c8b0da8d
original-en.structural.json	77.6	38d946dd2e6e01d0
original-en.structural.json	77.7	5663a2ffcd1b1716
original-en.structural.json	78.title	8cf62c7b44075b30
original-en.structural.json	78.0	cbcd659fa760ea56
original-en.structural.json	78.1	c305854ccf7f74fd
original-en.structural.json	78.2	33a5a83ab0fb041d
original-en.structural.json	78.3	1650fc65682f47c4
original-en.structural.json	78.4	7bfd7e4b59be22b3
original-en.structural.json	78.5	d0fb3dc7199375ad
original-en.structural.json	78.6	231bdef52ff30163
original-en.structural.json	78.7	0e24aa155a0761a2
original-en.structural.json	78.8	6877166cfb329340
original-en.structural.json	78.9	b6bd92d25a603e10
original-en.structural.json	78.10	400809af9c4f4b22
original-en.structural.json	78.11	610a6ce0a2ed4cd8
original-en.structural.json	78.12	ff98580bf961d986
original-en.structural.json	78.13	71e58db8d399078d
original-en.structural.json	78.14	6d27dbeaf182473a
original-en.structural.json	79.title	14b3e01a2dd7d200
original-en.structural.json	79.0	16aef27bb40ffcfa
original-en.structural.json	79.1	05ec57d8ba355615
original-en.structural.json	79.2	0e3397167e4d6e04
original-en.structural.json	79.3	97f450ebeafee6f7
original-en.structural.json	79.4	461ae06d4eb99f33
original-en.structural.json	79.5	38d653bdb2fc1f92
original-en.structural.json	80.title	1f4ef117b2c7f4df
original-en.structural.json	80.0	104f70cdd195f360
original-en.structural.json	80.1	107708305fb51f58
original-en.structural.json	80.2	37b237dbc15e5737
original-en.structural.json	80.3	0820eadbb5e48e5a
original-en.structural.json	80.4	2865b85bea1c1921
original-en.structural.json	80.5	94070552065f7819
original-en.structural.json	80.6	82bbb1ef8974dc8f
original-en.structural.json	81.title	1bd4e49caddb05d2
original-en.structural.json	81.0	b49641a9e938aeb3
original-en.structural.json	81.1	91bad1b50aabe014
original-en.structural.json	81.2	4799d5cc5b45182c
original-en.structural.json	81.3	084909b6ab6ebcd0
original-en.structural.json	81.4	da2801a2e24da841
original-en.structural.json	81.5	c835fceb7def4427
original-en.structural.json	81.6	38506fc34d1fdabd
original-en.structural.json	81.7	aa0b86faac479103
original-en.structural.json	81.8	96fcc628f61c7fc9
original-en.structural.json	81.9	f38a129dd7c83047
original-en.structural.json	81.10	943b70974b24e970
original-en.structural.json	81.11	76ac67962223ac38
original-en.structural.json	81.12	011e68b37824b9d0
original-en.structural.json	81.13	5b360eb149351202
original-en.structural.json	81.14	634176a58f3f98ed
original-en.structural.json	81.15	466e7b8f049ec677
original-en.structural.json	81.16	fd60fa77bec50b94
original-en.structural.json	81.17	3f28713f9d52b16a
original-en.structural.json	81.18	785505bfe5b291c2
original-en.structural.json	81.19	4ac7fdb3770682ff
original-en.structural.json	81.20	8014f55400327fb4
original-en.structural.json	81.21	2f82d7485a4f289a
original-en.structural.json	81.22	b7fb63ffa470a72a
original-en.structural.json	81.23	461d10aa7316fd92
original-en.structural.json	81.24	33b4d0a4f65c44f9
original-en.structural.json	81.25	865879d224d258a3
original-en.structural.json	81.26	e1a7408abce3a5f9
original-en.structural.json	81.27	8afeb10d3bd0048d
original-en.structural.json	81.28	bebcec2db3c0be9c
original-en.structural.json	81.29	bcabae805ea5a58e
original-en.structural.json	81.30	2c94032a31136e95
original-en.structural.json	81.31	1d0e624dbe18dfed
original-en.structural.json	81.32	e7fadd5ca7deb8c5
original-en.structural.json	81.33	a1652107877b1e95
original-en.structural.json	81.34	e0c6a9ea140947d2
original-en.structural.json	81.35	fa9d3b7256bf0695
original-en.structural.json	81.36	8e9065cb40981a5b
original-en.structural.json	81.37	426a61f0755e825d
original-en.structural.json	81.38	871b4b1d296c3338
original-en.structural.json	81.39	2248802a30084c29
original-en.structural.json	81.40	e05ebf2f996fcc33
original-en.structural.json	81.41	254868b7ebaee6d8
original-en.structural.json	81.42	d66bf94c087fc8e7
original-en.structural.json	81.43	8d6322d3daf13639
original-en.structural.json	81.44	63a337dd08508bb8
original-en.structural.json	81.45	16762f31010f5ddb
original-en.structural.json	81.46	cf3c46a05527b6cc
original-en.structural.json	81.47	00a323fe1d845ba9
original-en.structural.json	82.title	c7447d6272e812ba
original-en.structural.json	82.0	30d80769b653efc1
original-en.structural.json	82.1	014f678906557ed8
original-en.structural.json	82.2	15d7650519495634
original-en.structural.json	82.3	0ab7a29d6ff0a9e1
original-en.structural.json	82.4	8b8736016786157a
original-en.structural.json	82.5	6d37198a71abeb85
original-en.structural.json	82.6	49581861b8856e7e
original-en.structural.json	82.7	ad8957f086bb666a
original-en.structural.json	82.8	28cd8fbade914758
original-en.structural.json	83.title	8e6c79a931cc2637
original-en.structural.json	83.0	3c9035ac1684d742
original-en.structural.json	83.1	a932152d80c7031a
original-en.structural.json	83.2	6c63d7f57a108802
original-en.structural.json	83.3	cec3528e72680e51
original-en.structural.json	83.4	23732df17612553c
original-en.structural.json	84.title	5391ce9e3497ecd3
original-en.structural.json	84.0	fe9ade364076a1bd
original-en.structural.json	84.1	f0d010ca0978e84f
original-en.structural.json	84.2	81058f43f261f5f5
original-en.structural.json	84.3	e0d3467bfa5037ee
original-en.structural.json	84.4	733f864b9b25943a
original-en.structural.json	84.5	635d46e6f17c1272
original-en.structural.json	84.6	7830544b2181f305
original-en.structural.json	84.7	c1e0d3ba73afd461
original-en.structural.json	85.title	7f7b2503fa6d1c1c
original-en.structural.json	85.0	f2a1c2f9f1ca4abb
original-en.structural.json	85.1	43b76269456febf1
original-en.structural.json	85.2	ce0289818925676e
original-en.structural.json	85.3	7ead9423224e8edc
original-en.structural.json	85.4	2baf20df323fbb30
original-en.structural.json	85.5	384afac5be1ae076
original-en.structural.json	85.6	c363c1ec41d251c9
original-en.structural.json	85.7	90da9e6069451e70
original-en.structural.json	85.8	41ce7fa0af288c50
original-en.structural.json	85.9	0a03df6c1c4b64cf
original-en.structural.json	85.10	a274e28d95f4eaf6
original-en.structural.json	85.11	aedd04c56d9b2bae
original-en.structural.json	86.title	56de011e6d9f00ea
original-en.structural.json	86.0	bf2acc27358260a9
original-en.structural.json	86.1	45ae6eaf441d5a1f
original-en.structural.json	86.2	f35505848c06c626
original-en.structural.json	86.3	3652e253b4f1d562
original-en.structural.json	86.4	159becab05ffc805
original-en.structural.json	86.5	ae13253dcfcbb362
original-en.structural.json	86.6	c87498d65fbee701
original-en.structural.json	86.7	5e2c4569a246e91e
original-en.structural.json	86.8	138b504ade5c6c71
original-en.structural.json	86.9	2eabdb52ceeb1975
original-en.structural.json	86.10	c7cfb6fe4d975aa9
original-en.structural.json	86.11	c6a78f8303b14cb1
original-en.structural.json	86.12	9d60bc8fb6c81e2e
original-en.structural.json	86.13	696e376aeede715a
original-en.structural.json	86.14	6123d169b9f642e8
original-en.structural.json	87.title	ec4cfd5e36840209
original-en.structural.json	87.0	2bef56fee5332767
original-en.structural.json	87.1	a0f29d0a600fc8f9
original-en.structural.json	87.2	9080ed933beb3a76
original-en.structural.json	87.3	52358f48b681f339
original-en.structural.json	87.4	b550599bf2967b1d
original-en.structural.json	87.5	acc427e37798e39f
original-en.structural.json	87.6	c22ecee185a53a92
original-en.structural.json	87.7	b9996ecb8e635425
original-en.structural.json	87.8	3841c67827b22a24
original-en.structural.json	87.9	9694da4aa0180f37
original-en.structural.json	87.10	117daf2ae5ef6c38
original-en.structural.json	87.11	82650986ffe679e9
original-en.structural.json	87.12	245735245564d546
original-en.structural.json	87.13	97c3964f0068765b
original-en.structural.json	87.14	f2ae01a8c6af10bc
original-en.structural.json	87.15	63db3c98c67a53de
original-en.structural.json	87.16	a775bffe7fb9a62e
original-en.structural.json	87.17	c831d751d509cb01
original-en.structural.json	87.18	87a98455ef3527ed
original-en.structural.json	87.19	ca26310962e95d49
original-en.structural.json	87.20	e041e3ac0311bbad
original-en.structural.json	87.21	df018025e60082a5
original-en.structural.json	87.22	2ba53fac13e28d67
original-en.structural.json	87.23	b1f84d86a06723be
original-en.structural.json	87.24	f096438ee6145ce8
original-en.structural.json	87.25	1d419036383c1bd4
original-en.structural.json	87.26	03073e3f706fd6af
original-en.structural.json	87.27	867a6c3935ea1b05
original-en.structural.json	87.28	563e08a5a29dbf2c
original-en.structural.json	87.29	3a7ae3b27bbaa293
original-en.structural.json	87.30	c36fdb60e101e126
original-en.structural.json	87.31	1e0601b5c4a97802
original-en.structural.json	87.32	3835805155bd0efb
original-en.structural.json	87.33	8d6815bd7ff5913d
original-en.structural.json	87.34	067b60d90d942ec5
original-en.structural.json	88.title	f7719b8ea6cf53ad
original-en.structural.json	88.0	e802afd3037f61b7
original-en.structural.json	88.1	a93b205abec2f7cf
original-en.structural.json	88.2	cfdc3aa91f382ce7
original-en.structural.json	88.3	64b3932395a7ecc9
original-en.structural.json	88.4	adaafef36b01e83b
original-en.structural.json	88.5	811995f8624204f2
original-en.structural.json	88.6	76727872bb9d34a8
original-en.structural.json	88.7	9113492f60149ed3
original-en.structural.json	88.8	a7be70f0b9b4a784
original-en.structural.json	88.9	b532b48a8766d0f3
original-en.structural.json	88.10	92537ca9f88afcb8
original-en.structural.json	89.title	fea5b953c23386a7
original-en.structural.json	89.0	d22eb21cfd579ce4
original-en.structural.json	89.1	376e52ba9dc1e6b7
original-en.structural.json	89.2	58ba905802c91e5a
original-en.structural.json	89.3	89970ae704f42a9c
original-en.structural.json	89.4	afb3690a06085a0f
original-en.structural.json	89.5	11ed56112a71903a
original-en.structural.json	89.6	0b32af8b5d6ba5d8
original-en.structural.json	89.7	11158f4d987de761
original-en.structural.json	89.8	6f48adc6502c5a3e
original-en.structural.json	89.9	2b3121f8005a3539
original-en.structural.json	89.10	d567695cca5d5187
original-en.structural.json	89.11	ee8a5ad171f03dcd
original-en.structural.json	89.12	32ba9b121c3892ad
original-en.structural.json	89.13	efc67b906e478142
original-en.structural.json	89.14	2bf9fea9fb22cae1
original-en.structural.json	89.15	7db5fcd8ea120a56
original-en.structural.json	89.16	a9db53194ec1adb4
original-en.structural.json	90.title	2e9a3b538cbb84c2
original-en.structural.json	90.0	125357c68a062670
original-en.structural.json	90.1	84897d64328bb481
original-en.structural.json	90.2	cf6aa7c8996d0da2
original-en.structural.json	90.3	a1ced22bd034647e
original-en.structural.json	90.4	3a8a40b20d3b9c10
original-en.structural.json	90.5	3cdac8c66b7cc65b
original-en.structural.json	90.6	e8365370ac0b31b0
original-en.structural.json	90.7	98609c885508bd5b
original-en.structural.json	90.8	dd79a99a2fea56f4
original-en.structural.json	90.9	98609c885508bd5b
original-en.structural.json	90.10	3aaa72eaa7bdda72
original-en.structural.json	90.11	98609c885508bd5b
original-en.structural.json	90.12	67ef34152e737176
original-en.structural.json	90.13	98609c885508bd5b
original-en.structural.json	90.14	129de0542ac1c330
original-en.structural.json	90.15	98609c885508bd5b
original-en.structural.json	90.16	ccf9514335575e3a
original-en.structural.json	90.17	ae38499a5c410916
original-en.structural.json	90.18	68ca5d180eb0c052
original-en.structural.json	90.19	c6aa52c08475567f
original-en.structural.json	90.20	c991bd94255118cd
original-en.structural.json	91.title	4cccfd76fe3cbe68
original-en.structural.json	91.0	ca59b393f7931beb
original-en.structural.json	91.1	42cc65747209f5c8
original-en.structural.json	91.2	56acba9dfbdbd888
original-en.structural.json	91.3	f7d5ad8010353126
original-en.structural.json	91.4	529d52726f512c3e
original-en.structural.json	91.5	11b794dc4dc83624
original-en.structural.json	91.6	d3514cde01da6cb5
original-en.structural.json	91.7	317e8e44354e5425
original-en.structural.json	91.8	2dbbef469b8f11f5
original-en.structural.json	91.9	8c7cfd662ce97162
original-en.structural.json	91.10	46699c681b3d669c
original-en.structural.json	91.11	942b915f476ae666
original-en.structural.json	91.12	850f7b0d10119e00
original-en.structural.json	91.13	c400d7f0c3bbd7b6
original-en.structural.json	91.14	9b08a2e52f27d753
original-en.structural.json	91.15	9db442cee5713b08
original-en.structural.json	91.16	4fcd0b8293953e1d
original-en.structural.json	91.17	31ec34a56e45b284
original-en.structural.json	91.18	4d81e20113b33b7f
original-en.structural.json	91.19	78f9b729fcb9f22a
original-en.structural.json	91.20	b3ff3898839b5e15
original-en.structural.json	91.21	683aed0c56abc405
original-en.structural.json	91.22	113f64769a820bc7
original-en.structural.json	91.23	57eb4f0b7b0eafce
original-en.structural.json	91.24	859c91ef602d3f35
original-en.structural.json	91.25	1a8b394d398c6f2b
original-en.structural.json	91.26	2204c2e1ed40ea62
original-en.structural.json	91.27	b421401a4aa75572
original-en.structural.json	91.28	8d78cf4215c2af35
original-en.structural.json	91.29	ebc11b428d20ba6c
original-en.structural.json	91.30	44dfdc0071cdacdb
original-en.structural.json	91.31	d181820bbac64605
original-en.structural.json	91.32	f8bee57101ef909b
original-en.structural.json	91.33	868d45474b57ea52
original-en.structural.json	91.34	fe720e077a881e3e
original-en.structural.json	91.35	e48c8d5686b3e31d
original-en.structural.json	91.36	21e4902bd9815d6d
original-en.structural.json	91.37	c255ff679ad2a73c
original-en.structural.json	91.38	ae546b064bcdc4e9
original-en.structural.json	91.39	704bf875f21ecd17
original-en.structural.json	91.40	380b94a7bb5ca9b0
original-en.structural.json	91.41	ba2bd621fd737cb6
original-en.structural.json	91.42	f75a214f88a749df
original-en.structural.json	91.43	e9a114da3ed300ca
original-en.structural.json	91.44	18eb9b975ebeef64
original-en.structural.json	91.45	7ff183dd4dd279db
original-en.structural.json	91.46	d9f954eaf81f1e8e
original-en.structural.json	91.47	21bff8c5c03998d1
original-en.structural.json	91.48	9349f217cbb583fc
original-en.structural.json	91.49	652c199e2d946b54
original-en.structural.json	92.title	3c2087749588c215
original-en.structural.json	92.0	cd9be6597378c5ca
original-en.structural.json	92.1	bba2d0426c72912e
original-en.structural.json	92.2	26cf9ffd430168d2
original-en.structural.json	92.3	f70d4c7893805ac9
original-en.structural.json	92.4	64d63ab037476727
original-en.structural.json	92.5	6d1449300835eb1b
original-en.structural.json	92.6	eaace5a33ad42dc7
original-en.structural.json	93.title	29f1c04fae937594
original-en.structural.json	93.0	d23572862be5b5ec
original-en.structural.json	93.1	7e75abfe3c3c06ab
original-en.structural.json	93.2	1c237eb1cae8b0b0
original-en.structural.json	93.3	605b8d828c5aceb3
original-en.structural.json	93.4	6914f0c713b5f3fa
original-en.structural.json	93.5	d764349459dadd54
original-en.structural.json	93.6	0fc75c8ebe0e1e88
original-en.structural.json	93.7	40051db1f46c70c4
original-en.structural.json	93.8	b8d818a7bdfdc58c
original-en.structural.json	93.9	8c67c99565235781
original-en.structural.json	93.10	b64f099f4b63f8ac
original-en.structural.json	93.11	4de2a8a76830c96b
original-en.structural.json	93.12	14672a9f75a4639b
original-en.structural.json	93.13	0fdea9ad2a410cc6
original-en.structural.json	94.title	a3fc9fcf0ca26666
original-en.structural.json	94.0	8d9e966eb26d7fad
original-en.structural.json	94.1	a116dffe93cd8a9a
original-en.structural.json	94.2	708d1adce9db778e
original-en.structural.json	94.3	d936e7abb47ec6fd
original-en.structural.json	94.4	64a250b0aa166a25
original-en.structural.json	94.5	331b6d0397850510
original-en.structural.json	94.6	7c019f6e7f58a601
original-en.structural.json	94.7	dfc796774db0646a
original-en.structural.json	94.8	00b91f81bc46bd15
original-en.structural.json	94.9	3d32c48a243a21b7
original-en.structural.json	94.10	3ed242bca63a19a2
original-en.structural.json	94.11	a03c358cb666ec5c
original-en.structural.json	94.12	dd5730fe72fa711c
original-en.structural.json	95.title	caa67318ac2de9b1
original-en.structural.json	95.0	0d917a30cc047763
original-en.structural.json	95.1	a501dabd75b5ca89
original-en.structural.json	95.2	acfcd4908970db16
original-en.structural.json	95.3	5569bdb96520446b
original-en.structural.json	96.title	b98fcb7f608c23f3
original-en.structural.json	96.0	24d7c20a7c4aa0a0
original-en.structural.json	96.1	6e7ced8d550332b3
original-en.structural.json	96.2	2c0840139ddc9a08
original-en.structural.json	96.3	fec62c14a57bfc2c
original-en.structural.json	96.4	60016fbb3ca87024
original-en.structural.json	96.5	42a1f6700e53518c
original-en.structural.json	96.6	7f3737368c4ab0c7
original-en.structural.json	96.7	c388a19be3eaa7a5
original-en.structural.json	96.8	d83fc3a34fe8d018
original-en.structural.json	96.9	aa888bb5cb1f12a0
original-en.structural.json	96.10	515eef3f04ca58ed
original-en.structural.json	96.11	96d9ba6095cb753e
original-en.structural.json	97.title	93cb647cff17c4ed
original-en.structural.json	97.0	d8fceffa62e94578
original-en.structural.json	97.1	b1b6abd7ccebbb0a
original-en.structural.json	97.2	f04bd29704e486ed
original-en.structural.json	98.title	0f74c586379d3f59
original-en.structural.json	98.0	6c32e57fca67e73c
original-en.structural.json	98.1	fb4db1bbe4422693
original-en.structural.json	98.2	ba8cf5122cdc8c9c
original-en.structural.json	98.3	b466c1a13fff2b8d
original-en.structural.json	98.4	37e906b755228910
original-en.structural.json	98.5	b405b1d7c66f39e5
original-en.structural.json	98.6	1bb68445acae15e5
original-en.structural.json	98.7	cf001b5046cb6c17
original-en.structural.json	99.title	5107c76eb1db7941
original-en.structural.json	99.0	fd8c81f9ab3df8ec
original-en.structural.json	99.1	95137def147316d0
original-en.structural.json	99.2	217004a8fcb84423
original-en.structural.json	99.3	3db630a85b6558be
original-en.structural.json	99.4	f3e7a30c42d568e8
original-en.structural.json	99.5	66e1004e5b61a871
original-en.structural.json	99.6	2554f902e86a4218
original-en.structural.json	99.7	028be7338b1fa845
original-en.structural.json	99.8	73dd3ca83e9fe61f
original-en.structural.json	99.9	feee311e039f2b4a
original-en.structural.json	99.10	4b31c9b9fde975f1
original-en.structural.json	99.11	df2fe3c8debae444
original-en.structural.json	99.12	901d569dbf2b342d
original-en.structural.json	99.13	5edc200acecf8757
original-en.structural.json	99.14	56564d4e4a112893
original-en.structural.json	99.15	5edc200acecf8757
original-en.structural.json	99.16	b4954511024e1ec7
original-en.structural.json	99.17	5edc200acecf8757
original-en.structural.json	99.18	1780299470488d85
original-en.structural.json	99.19	cdc5fa359d70ddae
original-en.structural.json	99.20	62636755a4cc0cf7
original-en.structural.json	99.21	ef4304f2f1fc6c9b
original-en.structural.json	100.title	c50184e234f1d632
original-en.structural.json	100.0	983b93486729b591
original-en.structural.json	100.1	c3443f39943c2f27
original-en.structural.json	100.2	c290fd13743e7ad3
original-en.structural.json	100.3	63c2e3c9068abe07
original-en.structural.json	100.4	177c20bba8fe7f92
original-en.structural.json	100.5	f57a570add4e1616
original-en.structural.json	100.6	d47677f956d363aa
original-en.structural.json	100.7	a0bf1f4b212da724
original-en.structural.json	100.8	8053eaa18a78b397
original-en.structural.json	100.9	57e0e9a9530049be
original-en.structural.json	100.10	7e9bcb5aff817eb4
original-en.structural.json	100.11	0fe2a0137a9f6c0f
original-en.structural.json	100.12	957a914a67a0a608
original-en.structural.json	100.13	9f43557acff11a43
original-en.structural.json	100.14	ab75a4523f42ff58
original-en.structural.json	100.15	a0f7781d9e6e21ff
original-en.structural.json	100.16	19df94cd56f60c38
original-en.structural.json	100.17	b064598256fb0d0d
original-en.structural.json	100.18	a30295c11ece8476
original-en.structural.json	100.19	ef896e8851de5f46
original-en.structural.json	100.20	5ce56b3e16d8ed01
original-en.structural.json	100.21	6fd886749658d782
original-en.structural.json	100.22	e51079d259a22351
original-en.structural.json	100.23	f27784c4bcae2a49
original-en.structural.json	100.24	147f8b983a3ac32a
original-en.structural.json	100.25	785254d9084f8d02
original-en.structural.json	100.26	5146134d506e0470
original-en.structural.json	100.27	87399969da647d05
original-en.structural.json	100.28	04bf634ffcc44a78
original-en.structural.json	100.29	fde0f0b4003e2893
original-en.structural.json	100.30	dbb6046b9fb36338
original-en.structural.json	100.31	3906e8f8889596e6
original-en.structural.json	100.32	310f1226e53fc2fe
original-en.structural.json	100.33	834a4621579bbadf
original-en.structural.json	100.34	af05b3c0332e650a
original-en.structural.json	100.35	29a90c7b42e574df
original-en.structural.json	100.36	d0ca05a991f15aa4
original-en.structural.json	100.37	0b4d888e412cb3b6
original-en.structural.json	100.38	2d8aede07ca4be14
original-en.structural.json	100.39	3252d3dda0eb093d
original-en.structural.json	100.40	92e39ff1eff33018
original-en.structural.json	100.41	d7bc59aedc06a26f
original-en.structural.json	100.42	66a7d20757dd6f86
original-en.structural.json	101.title	44c9dd642b41201d
original-en.structural.json	101.0	3940c71649a3f0dc
original-en.structural.json	101.1	cec88f70b1f6d45a
original-en.structural.json	101.2	9ba539fb0ecac191
original-en.structural.json	101.3	e4288c0c106814bc
original-en.structural.json	101.4	98d2db4b6304e2d4
original-en.structural.json	101.5	257a728c8d368511
original-en.structural.json	101.6	3df52f9400f8b2ba
original-en.structural.json	101.7	bc10c8e07c483546
original-en.structural.json	101.8	b9b99a91344f84a1
original-en.structural.json	101.9	ce3c2ef24d42d2d1
original-en.structural.json	101.10	947afc70bd6b74b4
original-en.structural.json	101.11	91d56f4d1613e031
original-en.structural.json	101.12	3fd7ae7a365442d9
original-en.structural.json	102.title	0e07d518edefa0d2
original-en.structural.json	102.0	9b579be5a3ab9492
original-en.structural.json	102.1	a7ea2ca98a1f0b92
original-en.structural.json	102.2	c78c9a15c09f83e0
original-en.structural.json	102.3	009cbff098104c89
original-en.structural.json	102.4	25494d6fa310d24e
original-en.structural.json	102.5	b6c6b067d2ee8f01
original-en.structural.json	102.6	57470048e58b125c
original-en.structural.json	102.7	3ddf352f3de015df
original-en.structural.json	102.8	a6291a5193c5bdf0
original-en.structural.json	102.9	cd83e098c43ada0a
original-en.structural.json	102.10	230aface918cf391
original-en.structural.json	102.11	865974336fae2fd2
original-en.structural.json	102.12	e93c74ff67f9cfb7
original-en.structural.json	102.13	ef9653b1c9ac293f
original-en.structural.json	103.title	d0ee3ee17f8e8337
original-en.structural.json	103.0	91f17e0d12a9084a
original-en.structural.json	103.1	e5b34a6334a08527
original-en.structural.json	103.2	a0f5358b3901b230
original-en.structural.json	103.3	e970e3fbc0e1bf2c
original-en.structural.json	103.4	4b7358f81d446a58
original-en.structural.json	103.5	d966cfb5d715eda0
original-en.structural.json	103.6	bcad58e8716fd3b6
original-en.structural.json	103.7	81c0dae372be0fdd
original-en.structural.json	103.8	9d05e8d94dbe1f61
original-en.structural.json	103.9	7b0e0ac735053d01
original-en.structural.json	103.10	a408b2dcea57eb96
original-en.structural.json	104.title	12ddead7285450a1
original-en.structural.json	104.0	f58f85622521ae85
original-en.structural.json	104.1	23ea76b04a59de8d
original-en.structural.json	104.2	d5c1bbdccf78f6d6
original-en.structural.json	104.3	464b0c4574f686bc
original-en.structural.json	104.4	24840f2dcc9afb93
original-en.structural.json	104.5	4e127dc1172d5fba
original-en.structural.json	104.6	ec29239a72252409
original-en.structural.json	104.7	dc009c45e2430142
original-en.structural.json	104.8	2a81dce60bfebb0c
original-en.structural.json	104.9	0f20d07f1df3c6dc
original-en.structural.json	104.10	5a1ad78712a32677
original-en.structural.json	105.title	677fdae65bc24bff
original-en.structural.json	105.0	30076d3e84a625b1
original-en.structural.json	105.1	ee4f498dc1ad6157
original-en.structural.json	105.2	1e6761eb99b37c73
original-en.structural.json	105.3	075af36e06f85d61
original-en.structural.json	105.4	e8e467f21de9c0d9
original-en.structural.json	105.5	e734ce1137640baa
original-en.structural.json	105.6	f73052492e5cef0b
original-en.structural.json	105.7	cb306322cd1c4059
original-en.structural.json	105.8	4de78cfa668a19df
original-en.structural.json	105.9	1916ae9ce3ef2e01
original-en.structural.json	105.10	ba857f1cc8180330
original-en.structural.json	105.11	f13cfcb0c31f4c74
original-en.structural.json	105.12	18e394f758f1ccd2
original-en.structural.json	105.13	db9cdeef78fb12d1
original-en.structural.json	105.14	c440a22139a31d7b
original-en.structural.json	106.title	631987643329ac79
original-en.structural.json	106.0	349da9bf0f8b8d63
original-en.structural.json	106.1	e0ada413af6ca0cf
original-en.structural.json	106.2	d31ecfa3ebcb661c
original-en.structural.json	106.3	59384e6d9f6a519f
original-en.structural.json	106.4	9a7d6e656365f1bc
original-en.structural.json	106.5	4020ab174ecc5d52
original-en.structural.json	107.title	707079718faa8651
original-en.structural.json	107.0	e065cdff5cb62162
original-en.structural.json	107.1	77356817fae3514b
original-en.structural.json	107.2	46415c3982cdbe03
original-en.structural.json	107.3	62bffac00700391e
original-en.structural.json	107.4	2c80bdc3fb8d3740
original-en.structural.json	107.5	619e93bfbdb17f9d
original-en.structural.json	108.title	9d8881f7e29823f6
original-en.structural.json	108.0	06cd69ac3fb3710a
original-en.structural.json	108.1	091fe963bbca6b7c
original-en.structural.json	108.2	42fb62e27d6cdf9f
original-en.structural.json	108.3	82b622233dee2ac9
original-en.structural.json	108.4	2b426e0b4aba1876
original-en.structural.json	108.5	7c5673551dfc282e
original-en.structural.json	108.6	db63b65c2639cc8f
original-en.structural.json	108.7	1c3fcebb8c4b32b3
original-en.structural.json	108.8	fe40b4a8187163b2
original-en.structural.json	108.9	7c498a08439ca36a
original-en.structural.json	108.10	78b66322b48022fb
original-en.structural.json	108.11	bbb345df45f55b5d
original-en.structural.json	108.12	135c5cd1beccd500
original-en.structural.json	108.13	e8a577b709fa8470
original-en.structural.json	108.14	fbf86b00f229e861
original-en.structural.json	108.15	504634a3ff8e97fa
original-en.structural.json	108.16	fc72c4ee409943f0
original-en.structural.json	108.17	31b78bc0292d9e9c
original-en.structural.json	108.18	fc501755fe4456fe
original-en.structural.json	108.19	4a5e18e9bc79358b
original-en.structural.json	108.20	c4b209e73bffc9c7
original-en.structural.json	108.21	e221b6ad6d8221a9
original-en.structural.json	108.22	65122e114d6e40cf
original-en.structural.json	108.23	c72e4258e97b6c34
original-en.structural.json	108.24	c5e536d2ce4e0af8
original-en.structural.json	108.25	bb9d8a7a76c64cb1
original-en.structural.json	108.26	2df7e4dddad70c68
original-en.structural.json	108.27	777d7aa0eecd5c86
original-en.structural.json	108.28	4e0504af68d644ad
original-en.structural.json	108.29	d9cf657eff47663e
original-en.structural.json	108.30	55287cd047b02c80
original-en.structural.json	108.31	2150a4bb45f20520
original-en.structural.json	108.32	d1ef7671ff5f02af
original-en.structural.json	108.33	66c949f77f39bd2f
original-en.structural.json	108.34	faa93cd3798975c8
original-en.structural.json	108.35	d36fe27282ac001b
original-en.structural.json	108.36	00c87a1a38422394
original-en.structural.json	109.title	22a22078013f4e87
original-en.structural.json	109.0	ea8c68e13d47bfe5
original-en.structural.json	109.1	f3296db01c0ed957
original-en.structural.json	109.2	e41916928290206c
original-en.structural.json	109.3	864dc2a314c69c0d
original-en.structural.json	109.4	c937d70dd13af53c
original-en.structural.json	109.5	ea17d6b519a39c03
original-en.structural.json	109.6	6a14febbe7ded95d
original-en.structural.json	109.7	59424ffd6edc470a
original-en.structural.json	109.8	e8dddef85aaedfb0
original-en.structural.json	109.9	06217569de1522f3
original-en.structural.json	109.10	deb732a8ffb70cb3
original-en.structural.json	109.11	8411b3abfe07fe25
original-en.structural.json	109.12	5cd4bdbd19baecc6
original-en.structural.json	109.13	6cd3b73ad9506e73
original-en.structural.json	109.14	ab7a29d3ecc9d006
original-en.structural.json	109.15	c745c6e2f22bee99
original-en.structural.json	109.16	f0dbc2a5d2794cda
original-en.structural.json	109.17	6ed3195ee24022b6
original-en.structural.json	109.18	b11ec8189e9fea16
original-en.structural.json	109.19	50619e02ff5bb093
original-en.structural.json	110.title	04168d3dfe93bb71
original-en.structural.json	110.0	368fb13e62977626
original-en.structural.json	110.1	903d1a9f286d858b
original-en.structural.json	110.2	014af19fdc562766
original-en.structural.json	110.3	18f31c3776c9d1f8
original-en.structural.json	110.4	addb0b6cbdda2c45
original-en.structural.json	110.5	136ff9a2f0bed971
original-en.structural.json	110.6	4ce2f5541a14adbe
original-en.structural.json	110.7	f5cf819127c9a7a3
original-en.structural.json	110.8	359e41f9bae9e575
original-en.structural.json	110.9	1cb50ab091ab9fc1
original-en.structural.json	110.10	57687f7b464e5d01
original-en.structural.json	110.11	280202de0890c3dc
original-en.structural.json	110.12	fa8994e162e3e232
original-en.structural.json	110.13	a899cbc9c0609274
original-en.structural.json	110.14	5df5365ba8938f04
original-en.structural.json	110.15	e4c1912cdc578809
original-en.structural.json	110.16	a74b4861b517542b
original-en.structural.json	110.17	fd176ca928bbd1f6
original-en.structural.json	110.18	382c1cd5268d92de
original-en.structural.json	111.title	e6b3a5067c3618b7
original-en.structural.json	111.0	9fb074f1b769d00e
original-en.structural.json	111.1	a27dfbb40c94f901
original-en.structural.json	111.2	fadb54b8b0eded30
original-en.structural.json	111.3	f4c1bb7baef4573c
original-en.structural.json	112.title	c427c523fbc60d96
original-en.structural.json	112.0	050c357eb2558e3c
original-en.structural.json	112.1	ae8a38cf04d401df
original-en.structural.json	112.2	a99d9edd64230392
original-en.structural.json	112.3	88d41d6f42337977
original-en.structural.json	112.4	c1d8753cc6591818
original-en.structural.json	112.5	af4eed60e8d7c95e
original-en.structural.json	112.6	303bd8938eb5bc79
original-en.structural.json	112.7	28027a25f992cf75
original-en.structural.json	113.title	6e6a8807bbc31c68
original-en.structural.json	113.0	17a5172c38f042cb
original-en.structural.json	113.1	78986a9dccddff14
original-en.structural.json	113.2	53340909cf4e0eea
original-en.structural.json	113.3	754d8fecc190ad41
original-en.structural.json	113.4	a673a8cf92a24373
original-en.structural.json	113.5	40267a499d9f21de
original-en.structural.json	113.6	914b50abdbc43ad0
original-en.structural.json	113.7	64fe54f5907cc4a7
original-en.structural.json	113.8	60396c87fabf5718
original-en.structural.json	113.9	4cf906a93d9634a7
original-en.structural.json	113.10	3e0b59c7c72abdf9
original-en.structural.json	113.11	e3ec5a7bfb9a4a42
original-en.structural.json	113.12	4155f09d53b5b286
original-en.structural.json	113.13	635ac9fc5dbe5a70
original-en.structural.json	113.14	753815e77aabae56
original-en.structural.json	113.15	51bd68e431e8f70d
original-en.structural.json	113.16	12bda10b10fab612
original-en.structural.json	113.17	c43e453e6e186808
original-en.structural.json	113.18	7e93054478db62d5
original-en.structural.json	113.19	310dac1e4fb5656d
original-en.structural.json	113.20	6903d3658fc3c4f0
original-en.structural.json	113.21	ef5afec496d4f228
original-en.structural.json	113.22	27e6662d28532ddb
original-en.structural.json	113.23	abd99b06ea4c3028
original-en.structural.json	113.24	af259d17407b4294
original-en.structural.json	113.25	543e981df4791d4d
original-en.structural.json	113.26	0664ea38035861f1
original-en.structural.json	113.27	b665c2977d163e01
original-en.structural.json	114.title	c19a33b1418ea346
original-en.structural.json	114.0	edbd0ed28c905937
original-en.structural.json	114.1	d871d5d6452c3ff2
original-en.structural.json	114.2	6afbd85581db8d87
original-en.structural.json	114.3	9c4bff5404635e10
original-en.structural.json	114.4	665b12187316a906
original-en.structural.json	114.5	2ae7c8abf65c8105
original-en.structural.json	114.6	fe6495e5b636563a
original-en.structural.json	114.7	93d10ca8397bd516
original-en.structural.json	114.8	f12c9bd11f9ac48b
original-en.structural.json	114.9	2b9d76c29da76ba2
original-en.structural.json	115.title	e4a315c46f897814
original-en.structural.json	115.0	89d8a73fdd55ae3a
original-en.structural.json	115.1	a99ec0c0c5c20002
original-en.structural.json	115.2	84dbfa0c527ed377
original-en.structural.json	115.3	001e5ec0f0b63364
original-en.structural.json	115.4	df9f9c2117509245
original-en.structural.json	115.5	35426697814e08b7
original-en.structural.json	115.6	7093f30a383de4ab
original-en.structural.json	115.7	bf1b51e431f81ed1
original-en.structural.json	115.8	2f23617695ade6a5
original-en.structural.json	115.9	3efca196b57e4d20
original-en.structural.json	115.10	f8d47c8b5bdc4c33
original-en.structural.json	115.11	9e4b99a750b2faa2
original-en.structural.json	115.12	261b663039557425
original-en.structural.json	115.13	3f19faceb1e0a89a
original-en.structural.json	116.title	c04f9ac78a14e9a9
original-en.structural.json	116.0	0a640611a9ecb50a
original-en.structural.json	116.1	546d0ed39c299c94
original-en.structural.json	116.2	d8c7afd8dd0ee5e4
original-en.structural.json	116.3	b5c81a4283f5e600
original-en.structural.json	116.4	19c2bc3248b4415a
original-en.structural.json	116.5	ba4a95a9db5d13af
original-en.structural.json	116.6	3453ef960755d5f5
original-en.structural.json	117.title	3ee05d0371012240
original-en.structural.json	117.0	daf972521e4a596c
original-en.structural.json	117.1	d5ab1f4fef265291
original-en.structural.json	117.2	94d40dac966b8cb5
original-en.structural.json	117.3	82da2f15c8527a4d
original-en.structural.json	117.4	7a05c5203ca8b844
original-en.structural.json	117.5	586e3f75007088c5
original-en.structural.json	117.6	e2651bf10b676b14
original-en.structural.json	117.7	31e2bfa3ce85de5e
original-en.structural.json	117.8	1a94c85313c93af2
original-en.structural.json	117.9	5d27cb64704b9938
original-en.structural.json	117.10	f851c7e7f1da8ce0
original-en.structural.json	117.11	836287709afb5152
original-en.structural.json	117.12	a554d3ecc3c74bd8
original-en.structural.json	117.13	ddb0a72a41caa799
original-en.structural.json	117.14	76b46ed3e3ff5d39
original-en.structural.json	118.title	a5cd0754e008e454
original-en.structural.json	118.0	48691ff8d0589e3c
original-en.structural.json	118.1	02a5f775addca59c
original-en.structural.json	118.2	892d31ecb1b35930
original-en.structural.json	118.3	7bf8bfd3029d23c7
original-en.structural.json	118.4	2758b5aab4599c4b
original-en.structural.json	118.5	0c7088bc598c2df3
original-en.structural.json	118.6	04f020861f604f00
original-en.structural.json	118.7	a0be92e608ca1069
original-en.structural.json	119.title	4a83fb7324f2dfba
original-en.structural.json	119.0	2324a4a325f3cd42
original-en.structural.json	119.1	5c84d8ac9bb50900
original-en.structural.json	119.2	d57f7882d9552116
original-en.structural.json	119.3	06372ebd48e7eac5
original-en.structural.json	119.4	acaabec9afb11d3c
original-en.structural.json	119.5	9d492fa9162d24a1
original-en.structural.json	119.6	ea1876979df6f559
original-en.structural.json	119.7	be51cce4257b0179
original-en.structural.json	119.8	2e865ae04dbc8838
original-en.structural.json	119.9	d70f654d5e480235
original-en.structural.json	119.10	ae8b126b40402489
original-en.structural.json	119.11	0423267932f72782
original-en.structural.json	119.12	f5b898ba830659cc
original-en.structural.json	119.13	1dc1883350fe61df
original-en.structural.json	119.14	8ac1e298a7a0fa31
original-en.structural.json	119.15	ef1bf8430810cabb
original-en.structural.json	119.16	0059973498489c3d
original-en.structural.json	119.17	17d9c0e8cb1e7de1
original-en.structural.json	119.18	c487c3257c735865
original-en.structural.json	119.19	a23eef76bc6f4e0d
original-en.structural.json	119.20	3019ff6aefb17284
original-en.structural.json	119.21	ec2feedd5268bd59
original-en.structural.json	119.22	5340f93ead25b7f7
original-en.structural.json	119.23	45a6b0ec485a91b9
original-en.structural.json	119.24	ae78495ac8411467
original-en.structural.json	119.25	8025b42fc5a24f46
original-en.structural.json	119.26	bdc52c9762ca7fd0
original-en.structural.json	119.27	790d5abb61490a98
original-en.structural.json	119.28	1f307f08f7a47a01
original-en.structural.json	119.29	31dd072e96adbb52
original-en.structural.json	119.30	f9e9a7b4380d300f
original-en.structural.json	119.31	3f86ece7ec3daa65
original-en.structural.json	119.32	31c787a142631570
original-en.structural.json	119.33	9e139571c993d3b3
original-en.structural.json	119.34	50fcb10bd9a03baa
original-en.structural.json	119.35	769df73570942b5f
original-en.structural.json	119.36	5856c5eb57c06cb5
original-en.structural.json	119.37	82f7fd1d96473801
original-en.structural.json	119.38	509f827ed6ef080a
original-en.structural.json	119.39	7d9fbf5f5b90fc9a
original-en.structural.json	120.title	4ad348533019ad15
original-en.structural.json	120.0	9603c9b6e748a074
original-en.structural.json	120.1	767c2f98174d8adf
original-en.structural.json	120.2	6bca72e5f3b3b472
original-en.structural.json	120.3	b4edef6af208e532
original-en.structural.json	120.4	5b682352cc334a8c
original-en.structural.json	120.5	a0615ba2d4681442
original-en.structural.json	120.6	12396f98d5206d47
original-en.structural.json	121.title	75e1b77fc16fe720
original-en.structural.json	121.0	ff1f34fbb95b6e13
original-en.structural.json	121.1	96e71f68d8785ff1
original-en.structural.json	121.2	0348c2c288d7fb12
original-en.structural.json	121.3	4c09a4d3de3f838e
original-en.structural.json	121.4	055bbd43212b080c
original-en.structural.json	122.title	94db36fc52530fde
original-en.structural.json	122.0	3ff098f4c8a4b905
original-en.structural.json	122.1	2806ebd27519a79c
original-en.structural.json	123.title	8bd516d04c8321dd
original-en.structural.json	123.0	8c4f0021c37046ca
original-en.structural.json	123.1	7d24df2724de099f
original-en.structural.json	123.2	002fd372d33e046f
original-en.structural.json	123.3	e1dde5b339ff5ff9
original-en.structural.json	123.4	77b44d6144c5681c
original-en.structural.json	123.5	782a83162139d3a2
original-en.structural.json	123.6	e33c544a786eee0e
original-en.structural.json	123.7	52a8e9cab1d45e51
original-en.structural.json	123.8	4013a1ebb564db97
original-en.structural.json	123.9	d6b8ebd68b959d8d
original-en.structural.json	123.10	8c6f51fa83f7277d
original-en.structural.json	123.11	a1105a7ea7646363
original-en.structural.json	123.12	8ee7e931d27d6cb3
original-en.structural.json	124.title	711dad4f2cba51f3
original-en.structural.json	124.0	1324c68b07da00aa
original-en.structural.json	124.1	9ca4b32685663f7e
original-en.structural.json	124.2	50e50af1e92c030d
original-en.structural.json	124.3	40f1404f28ccf2a7
original-en.structural.json	124.4	df82c69a4cd6be50
original-en.structural.json	124.5	32da5dccac9d74f3
original-en.structural.json	124.6	14d9358909025fd3
original-en.structural.json	124.7	1da7827cf5332125
original-en.structural.json	124.8	e0478c576820106a
original-en.structural.json	124.9	3b0075378fc28e68
original-en.structural.json	124.10	40ab220dfaae9dce
original-en.structural.json	124.11	ce772c4c54b5404d
original-en.structural.json	124.12	5db17066a987a40e
original-en.structural.json	124.13	c6ea1154838f01df
original-en.structural.json	124.14	9247e019bdb0353f
original-en.structural.json	124.15	797cf4860bc9a729
original-en.structural.json	124.16	4059a4f3f7ed9d02
original-en.structural.json	124.17	d55e5ae5f0b3d7e5
original-en.structural.json	124.18	eb354518908b0834
original-en.structural.json	124.19	7dc22dfb5544e34c
original-en.structural.json	124.20	2060c6b722de5fe3
original-en.structural.json	125.title	5d4bc75f121ed18e
original-en.structural.json	125.0	6ecbcd162a86c9ee
original-en.structural.json	125.1	52c62ce3e7ffd0ea
original-en.structural.json	125.2	dbd1dd1224b291e3
original-en.structural.json	125.3	bb7d71c0955876c7
original-en.structural.json	125.4	991ccdc22d4455a7
original-en.structural.json	125.5	2d24808b29eb72a9
original-en.structural.json	125.6	c1806b2e9be8f803
original-en.structural.json	125.7	79ac28598646a027
original-en.structural.json	125.8	61f83d50f69fda55
original-en.structural.json	125.9	241802ad7e6912da
original-en.structural.json	125.10	984faa87e0e1692f
original-en.structural.json	125.11	0347857dfe6b95d3
original-en.structural.json	125.12	1f7313382b666dd1
original-en.structural.json	125.13	5ce6a95fffed89ef
original-en.structural.json	125.14	4949eef529029413
original-en.structural.json	125.15	3f11f1cfe60106bc
original-en.structural.json	125.16	abcb17a38854e8cc
original-en.structural.json	125.17	2c67a7499fc9810e
original-en.structural.json	125.18	0d4cf4e627604358
original-en.structural.json	125.19	463fd79c32372a74
original-en.structural.json	125.20	e803312cdaea03a1
original-en.structural.json	125.21	dd3d66d061082653
original-en.structural.json	125.22	3df00b3778df3ca0
original-en.structural.json	125.23	a00296d4fdcd1fbf
original-en.structural.json	125.24	ad771501155697b3
original-en.structural.json	125.25	6ea5ae3d14059248
original-en.structural.json	125.26	a5d7537c2283fbc3
original-en.structural.json	125.27	4c9f4c4fb49bcd29
original-en.structural.json	125.28	2f96f8f7c9f8985d
original-en.structural.json	126.title	7aee05fccee5b25f
original-en.structural.json	126.0	e5cda3db88bb646f
original-en.structural.json	126.1	64807e731c4ae86d
original-en.structural.json	126.2	0c87a938e304f1a5
original-en.structural.json	126.3	04e98f2546ad54bd
original-en.structural.json	126.4	37a242316ad8e206
original-en.structural.json	126.5	c79dfd3841cfe4e9
original-en.structural.json	126.6	d60f497f02c75053
original-en.structural.json	126.7	cdfaf9c65268c060
original-en.structural.json	126.8	2e4a45ad8e6e5d55
original-en.structural.json	126.9	b10dd6b4a976759f
original-en.structural.json	126.10	2823975cb635e3cf
original-en.structural.json	126.11	9a35fbc965d469c9
original-en.structural.json	126.12	f4129c12d0bf258e
original-en.structural.json	126.13	a8eeece8d75091ad
original-en.structural.json	126.14	f0d187b49d7b82d5
original-en.structural.json	126.15	a8eeece8d75091ad
original-en.structural.json	126.16	8d9f2fb67a7fd7fd
original-en.structural.json	126.17	7140663b441d70f8
original-en.structural.json	126.18	2dcbd8b19f66e753
original-en.structural.json	127.title	783d7d7aa55abc8a
original-en.structural.json	127.0	84c17b1f40d84507
original-en.structural.json	127.1	a99d8d0ab34241c1
original-en.structural.json	127.2	68dadff7d1b07191
original-en.structural.json	127.3	5c4bdac5737a2c26
original-en.structural.json	127.4	cbaaf9d367ecd090
original-en.structural.json	127.5	f200ba7a23bee417
original-en.structural.json	127.6	5fe40f90220f0723
original-en.structural.json	127.7	1ac8073915881228
original-en.structural.json	127.8	08294bcbcf58edf0
original-en.structural.json	127.9	48e3aa3f938946df
original-en.structural.json	127.10	7f911fefac8d61ac
original-en.structural.json	127.11	bc27d07c3544d572
original-en.structural.json	127.12	a210147d0b0a4b72
original-en.structural.json	127.13	668ff60ad7b5abbf
original-en.structural.json	127.14	cebec17d503dab68
original-en.structural.json	127.15	39cd33eb7b018204
original-en.structural.json	127.16	d3ed29243f32bbab
original-en.structural.json	127.17	36dacfe644bcd3a5
original-en.structural.json	127.18	89198f12309aefec
original-en.structural.json	127.19	dc77e0979e0596eb
original-en.structural.json	127.20	f4a3f4e53268f928
original-en.structural.json	127.21	ae1bf7200eec5c01
original-en.structural.json	127.22	9101732a1ef04478
original-en.structural.json	128.title	07b584d998f8e97c
original-en.structural.json	128.0	655e1740eccfe4c2
original-en.structural.json	128.1	b4945a7af0d3b523
original-en.structural.json	128.2	63c2e3c9068abe07
original-en.structural.json	128.3	880dadb66325e073
original-en.structural.json	128.4	99dbbe4cb7bbd5a9
original-en.structural.json	128.5	1bc85332a67f390b
original-en.structural.json	128.6	1b16813ddfe4ab94
original-en.structural.json	128.7	1fd5b3fb09d341cc
original-en.structural.json	128.8	3649970a4da86cc2
original-en.structural.json	128.9	36e6efc47538ff62
original-en.structural.json	128.10	86280e77e97a8196
original-en.structural.json	128.11	55fa60edc9b59485
original-en.structural.json	128.12	2d69d6c375262ccb
original-en.structural.json	128.13	328249e28785e2ea
original-en.structural.json	128.14	88d3510129f3ca6c
original-en.structural.json	128.15	84339152ad637039
original-en.structural.json	128.16	3b8ab486644acf58
original-en.structural.json	128.17	dfe82bc994314195
original-en.structural.json	128.18	031361254c06afed
original-en.structural.json	129.title	779c9213ae67a1d3
original-en.structural.json	129.0	a52ef18e6d618125
original-en.structural.json	129.1	6e5a8d29565496e3
original-en.structural.json	129.2	2b0ea9d01d1786d6
original-en.structural.json	129.3	04f82377cb55cd71
original-en.structural.json	129.4	e502e3099dd1a77a
original-en.structural.json	129.5	0938bfdca3bbf721
original-en.structural.json	129.6	758473c7e3aa92dc
original-en.structural.json	129.7	a4aea4deeb133872
original-en.structural.json	129.8	14b668cf0ee14581
original-en.structural.json	129.9	411736e8b5710fbf
original-en.structural.json	130.title	4e7bb4ba501040ee
original-en.structural.json	130.0	dfc4f489afc0ed80
original-en.structural.json	130.1	e556d1c12e51d7a6
original-en.structural.json	130.2	03f0bd29eb37acc4
original-en.structural.json	130.3	ae0e16dc49e1c94f
original-en.structural.json	130.4	2c79fab432120b49
original-en.structural.json	130.5	7cc596a4be2278d9
original-en.structural.json	130.6	48da1f2305b43519
original-en.structural.json	130.7	46cffb2e009dc88a
original-en.structural.json	130.8	c1b09218e3a480f6
original-en.structural.json	130.9	51fc7d06e8d19745
original-en.structural.json	130.10	e511ac8e2fec5441
original-en.structural.json	130.11	5874879cf437bab4
original-en.structural.json	130.12	aedf2bd3f630edbc
original-en.structural.json	130.13	205edf86e8d38675
original-en.structural.json	130.14	946f95065af4298c
original-en.structural.json	131.title	7690a7f0f03256de
original-en.structural.json	131.0	21e7abc3a8fed0f0
original-en.structural.json	131.1	682a213699f67a62
original-en.structural.json	131.2	63c2e3c9068abe07
original-en.structural.json	131.3	a0dc8a679a94cf00
original-en.structural.json	131.4	a6472d069a55e1db
original-en.structural.json	131.5	4b65113eb50a4ea0
original-en.structural.json	131.6	fdfe885bdbe0a97d
original-en.structural.json	131.7	477931411071bcd7
original-en.structural.json	131.8	1eca743021292b7b
original-en.structural.json	131.9	3f02cc2598d2a5b5
original-en.structural.json	131.10	3fe343f4cf1d561b
original-en.structural.json	131.11	0b8b1296cf44de0a
original-en.structural.json	132.title	b86879af71a8d5d8
original-en.structural.json	132.0	84d346225cd15bbc
original-en.structural.json	132.1	abea771eb0fa9e2d
original-en.structural.json	132.2	08a16335e0bff8d6
original-en.structural.json	132.3	8ea34fc52f4ec221
original-en.structural.json	132.4	9ef0b5fc24967361
original-en.structural.json	132.5	e56516745e9aa516
original-en.structural.json	132.6	2295b206bc64d32f
original-en.structural.json	132.7	3d5b9d6bbbbc1a68
original-en.structural.json	132.8	61cf172f74821545
original-en.structural.json	132.9	d0ea34d47fcc6323
original-en.structural.json	132.10	76b3bc2535469f70
original-en.structural.json	132.11	c07d8b21eac1a6b7
original-en.structural.json	132.12	07bd094d4e1ddc4b
original-en.structural.json	132.13	98696a1c83b57738
original-en.structural.json	132.14	6ec92bacf19e2d39
original-en.structural.json	132.15	27703185a05331c5
original-en.structural.json	132.16	07034fd11c7a53dd
original-en.structural.json	132.17	7ac4e7d47a597c5e
original-en.structural.json	132.18	4eae4d383c37ad0c
original-en.structural.json	133.title	88c6d54d49a0e6ec
original-en.structural.json	133.0	b7e564bc571625db
original-en.structural.json	133.1	445165723ca5cadb
original-en.structural.json	133.2	9a8703c087fa92c6
original-en.structural.json	133.3	243c4b798481a32c
original-en.structural.json	133.4	af961367c7e5882d
original-en.structural.json	133.5	e4d39562730697ad
original-en.structural.json	133.6	460ff45bbbf06f8f
original-en.structural.json	133.7	1c585672168c2d96
original-en.structural.json	133.8	f07cc8114f4af386
original-en.structural.json	133.9	900c792afb77167e
original-en.structural.json	133.10	63aa9fa7e19fc9f1
original-en.structural.json	133.11	131e2e747962a05b
original-en.structural.json	133.12	45b8c8205e271849
original-en.structural.json	133.13	08ccab7edd85ce6a
original-en.structural.json	133.14	ec7a061b76b824c0
original-en.structural.json	133.15	6878414f5fef4beb
original-en.structural.json	133.16	a26b7b33af5adb20
original-en.structural.json	133.17	e1a34c655985ebc3
original-en.structural.json	133.18	c8bee9f96d5ca5a5
original-en.structural.json	133.19	38adbfe37a15574a
original-en.structural.json	133.20	562d47b64f178b7e
original-en.structural.json	133.21	b4dd553d8d56c64f
original-en.structural.json	133.22	d0f2ad515efbfa3a
original-en.structural.json	133.23	7d71305bc8e7aaa8
original-en.structural.json	133.24	c3b0796bbe898b6c
original-en.structural.json	133.25	fa0933b52b237112
original-en.structural.json	133.26	390be8993f9a9403
original-en.structural.json	133.27	2e9d64e10ac97d04
original-en.structural.json	133.28	333ce83ec4411666
original-en.structural.json	133.29	c14e977577651d40
original-en.structural.json	133.30	fdfc6f117206d5d6
original-en.structural.json	133.31	6c3e67d91200d007
original-en.structural.json	133.32	2c4162c9bbdd854b
original-en.structural.json	133.33	97385d8a4b298bfc
original-en.structural.json	133.34	eb5e690160747d29
original-en.structural.json	133.35	51bddab41d66af6a
original-en.structural.json	133.36	a57d962208c7837b
original-en.structural.json	133.37	f92590c2e7d66630
original-en.structural.json	133.38	a1d3ad9e0163f853
original-en.structural.json	133.39	337ac1a6c7f21b6e
original-en.structural.json	133.40	a1600667f3819670
original-en.structural.json	133.41	1cd9bcb805127f96
original-en.structural.json	133.42	a1318aac0dc0d8ae
original-en.structural.json	133.43	628207dc1143f504
original-en.structural.json	133.44	6ab8b2e10a127355
original-en.structural.json	133.45	a1da7bd47c33cabb
original-en.structural.json	133.46	bd10da94f9ec6937
original-en.structural.json	133.47	48111bdc388c1a1f
original-en.structural.json	133.48	f04cf5c63347a12d
original-en.structural.json	133.49	2e13ad8e5fd3ca2e
original-en.structural.json	133.50	fe98f8a60d0f2fc3
original-en.structural.json	134.title	38c9a9ea90a58747
original-en.structural.json	134.0	77cbd6b86d7366dc
original-en.structural.json	134.1	0c54e58e60a2edf8
original-en.structural.json	134.2	f342ad020092af55
original-en.structural.json	134.3	24c010e3f9b5621c
original-en.structural.json	134.4	b4a1c257a1105f6d
original-en.structural.json	134.5	10b36d8bdb695de6
original-en.structural.json	134.6	2b1b9f5373122952
original-en.structural.json	134.7	bccb35d48f319962
original-en.structural.json	134.8	032f97783dfe0361
original-en.structural.json	134.9	8f1bab3cf6e631e8
original-en.structural.json	134.10	e57811905e22261a
original-en.structural.json	134.11	cd8d35605f883ea6
original-en.structural.json	134.12	5a03fea2cc6ba4a2
original-en.structural.json	134.13	2f9374c6e169eda4
original-en.structural.json	134.14	87f7e2d0bfbf1ef9
original-en.structural.json	134.15	319538b2524713b4
original-en.structural.json	134.16	7b1abab39b115d43
original-en.structural.json	134.17	d119e529174f55cc
original-en.structural.json	134.18	cb03be23169dd407
original-en.structural.json	134.19	e1aab146c05d8655
original-en.structural.json	134.20	840038628343fa81
original-en.structural.json	134.21	1a802bd56aeca1d9
original-en.structural.json	134.22	d4bd12f98dbf9f89
original-en.structural.json	134.23	d251d9556de582c0
original-en.structural.json	134.24	b9fa1c63290c9162
original-en.structural.json	134.25	ed50739fa7e928c6
original-en.structural.json	134.26	26e84c1de53be7f8
original-en.structural.json	134.27	5b3baa5aabd64e43
original-en.structural.json	134.28	1f7b035c5fc50065
original-en.structural.json	134.29	9cf376feeefb2ff2
original-en.structural.json	134.30	a372770af899e6c6
original-en.structural.json	134.31	502c3f4d5b483680
original-en.structural.json	134.32	88239b59fbb64e1e
original-en.structural.json	134.33	c45ce329788e3add
original-en.structural.json	134.34	5386006a5f437e49
original-en.structural.json	134.35	f2f3d14b0361bbb9
original-en.structural.json	134.36	ac3100c7c6093d33
original-en.structural.json	134.37	ae48df3cc455a94f
original-en.structural.json	134.38	ce292b7a9828e8a4
original-en.structural.json	134.39	6eadd83013f74657
original-en.structural.json	134.40	7ee40c5ff2dac772
original-en.structural.json	134.41	809aa64f227841ec
original-en.structural.json	134.42	e6d95fbac7dfaa6f
original-en.structural.json	134.43	1ee450aafed70c35
original-en.structural.json	134.44	207b24bc44379e8c
original-en.structural.json	134.45	ebd5262c6c6abe02
original-en.structural.json	134.46	609c4df2423ca21e
original-en.structural.json	135.title	b1c5c4476d5d7c79
original-en.structural.json	135.0	a9127216cc929018
original-en.structural.json	135.1	ecb6159c9dda803c
original-en.structural.json	135.2	227e448334732bf7
original-en.structural.json	135.3	1707e6120cefef8b
original-en.structural.json	135.4	8539812c7b18cd32
original-en.structural.json	135.5	1040b4985f6c7559
original-en.structural.json	135.6	91cf6e3ce9104ab1
original-en.structural.json	135.7	4e512df286743b74
original-en.structural.json	135.8	d55afb59008750cc
original-en.structural.json	135.9	9514e2fc4006c845
original-en.structural.json	135.10	991dac8ca0a6a0b8
original-en.structural.json	135.11	900ec5a7c634039a
original-en.structural.json	135.12	636c7be1637f2d41
original-en.structural.json	135.13	d0ea34d47fcc6323
original-en.structural.json	135.14	c45ce329788e3add
original-en.structural.json	135.15	d16f1c428a09f14c
original-en.structural.json	135.16	473c85e9a47cf4f6
original-en.structural.json	135.17	f23f60b5cc9bf99c
original-en.structural.json	135.18	3ea55f518c88be33
original-en.structural.json	135.19	34cb42eec6199b5f
original-en.structural.json	135.20	acb397007be39fb8
original-en.structural.json	135.21	f0728b11b79b8905
original-en.structural.json	135.22	6a88de1a64e0e8d6
original-en.structural.json	135.23	def88cb777a3d8e4
original-en.structural.json	135.24	748d09445a8e4adb
original-en.structural.json	135.25	ee0c432cc3613940
original-en.structural.json	135.26	4013c609b12007f2
original-en.structural.json	135.27	f025c90546b6f58a
original-en.structural.json	135.28	d638e7efece9f363
original-en.structural.json	135.29	837645983ffdad15
original-en.structural.json	135.30	2696f962c973847d
original-en.structural.json	135.31	85544969bc48c926
original-en.structural.json	135.32	c8071930d0c135e0
original-en.structural.json	135.33	7c9a9156f2324925
original-en.structural.json	135.34	54f341817157cad5
original-en.structural.json	135.35	a56b09fdfb905be4
original-en.structural.json	135.36	1eb8459ffcbedec0
original-en.structural.json	135.37	dcf2ee7b7ff14538
original-en.structural.json	135.38	3bfead74b6d56c02
original-en.structural.json	135.39	1079b3951082c1bc
original-en.structural.json	135.40	212fab70297577e3
original-en.structural.json	135.41	2a34e5f6cca00d7a
original-en.structural.json	135.42	abfef9bfee0b81fd
original-en.structural.json	135.43	2f90ec702947fa2b
original-en.structural.json	135.44	7a160ad729955361
original-en.structural.json	135.45	2e42d492a71e40c9
original-en.structural.json	135.46	94c0ad1fdf29ac1d
original-en.structural.json	135.47	8e4748182252ba0f
original-en.structural.json	135.48	bf82f7554b34e5a9
original-en.structural.json	135.49	d540f1448746331f
original-en.structural.json	135.50	dfc9bf4ec6b65d7f
original-en.structural.json	135.51	8540b7c56a716b2f
original-en.structural.json	135.52	c6d3b482c0d5fab9
original-en.structural.json	135.53	ec6d050777f39b74
original-en.structural.json	135.54	8db3e5c9b31f48c2
original-en.structural.json	135.55	ba23f06919789225
original-en.structural.json	135.56	989366ce9b7ac04e
original-en.structural.json	135.57	9b4f3633e2302c87
original-en.structural.json	135.58	a8451991fa5e6834
original-en.structural.json	135.59	15ddc5fd419f2ca3
original-en.structural.json	135.60	bbbb2b49881ea3b9
original-en.structural.json	135.61	ad16402991d371ce
original-en.structural.json	136.title	8fc1d4a05d16eeb7
original-en.structural.json	136.0	a39c63639d6a3576
original-en.structural.json	136.1	50dfe25e234f1ac2
original-en.structural.json	136.2	e7b8f8d79a892117
modern-en.structural.json	1.title	f49e96a5ac762b39
modern-en.structural.json	1.0	26c62170abd6e98a
modern-en.structural.json	1.1	fb0d316f226165c3
modern-en.structural.json	1.2	36eda031c762811b
modern-en.structural.json	1.3	faee0c22574b66fb
modern-en.structural.json	1.4	267bdf23b6b9b984
modern-en.structural.json	1.5	9868f36e7ce3cab5
modern-en.structural.json	1.6	7e793b45e94069ef
modern-en.structural.json	1.7	bbe4b08b57b26b75
modern-en.structural.json	1.8	8e9b00f9640c222a
modern-en.structural.json	1.9	28ecc393c6344116
modern-en.structural.json	1.10	2b8ef44d4719c189
modern-en.structural.json	1.11	838affb6cafc09fd
modern-en.structural.json	1.12	e7842dc21fbe7d6f
modern-en.structural.json	1.13	f6dbe6d41a510f4a
modern-en.structural.json	1.14	44dcdb21ebaab1fd
modern-en.structural.json	2.title	d94819ca914cb929
modern-en.structural.json	2.0	f76442b605eca06c
modern-en.structural.json	2.1	c07bfddb593318ce
modern-en.structural.json	2.2	8c7de1f721bbd2c3
modern-en.structural.json	2.3	043f909df777eaea
modern-en.structural.json	2.4	095006ee92e4cfc9
modern-en.structural.json	2.5	d317a3bd9971a3c5
modern-en.structural.json	2.6	e3f6e443549ebc55
modern-en.structural.json	2.7	792928d2eefa53ce
modern-en.structural.json	2.8	4e2b4e4e110a8bd4
modern-en.structural.json	2.9	ad29044401a2689f
modern-en.structural.json	2.10	863fb53320458ba3
modern-en.structural.json	2.11	8eb0a4ef1386734f
modern-en.structural.json	3.title	8f9d9d08d8fe8a92
modern-en.structural.json	3.0	58211dc46dbcb24f
modern-en.structural.json	3.1	19ffaff04cc5725d
modern-en.structural.json	3.2	c65c18b7e4f0536d
modern-en.structural.json	3.3	8dc82061546c7c54
modern-en.structural.json	3.4	04da8716f626faa5
modern-en.structural.json	3.5	13efbb0bd2185c0c
modern-en.structural.json	3.6	6ca6fd8e2f7e86b2
modern-en.structural.json	3.7	c1d3b77c0614cf55
modern-en.structural.json	3.8	60f25ee59104145e
modern-en.structural.json	3.9	5a7c5c63d2e323dd
modern-en.structural.json	3.10	a3b944a1e97e14e5
modern-en.structural.json	3.11	7ac20bcbacbea07c
modern-en.structural.json	3.12	d833446744bf4f7a
modern-en.structural.json	3.13	615a08759800c755
modern-en.structural.json	3.14	23d25514d51c5a99
modern-en.structural.json	3.15	c1b5f69409a9d5c2
modern-en.structural.json	3.16	fd44a745a0d7f886
modern-en.structural.json	3.17	a4189d83c7ebc076
modern-en.structural.json	3.18	0c6abb82f4b599a1
modern-en.structural.json	3.19	bec4b9ad896293b8
modern-en.structural.json	3.20	2deedeec85002ae5
modern-en.structural.json	3.21	3319fcd24e0fd3e9
modern-en.structural.json	3.22	29db897ae7eb248d
modern-en.structural.json	3.23	38e71f4e2caaaa95
modern-en.structural.json	3.24	4ecd59d215d088c9
modern-en.structural.json	3.25	0a5af872d5619179
modern-en.structural.json	3.26	3ca3e55a5611369d
modern-en.structural.json	3.27	b04281661f9bd12b
modern-en.structural.json	3.28	ee96fa5da1c30048
modern-en.structural.json	3.29	fdf609125d3c40f6
modern-en.structural.json	3.30	6c0c80282adc914b
modern-en.structural.json	3.31	de527e34ea7d9e53
modern-en.structural.json	3.32	1ef823c08726a4cb
modern-en.structural.json	3.33	40c07d8c5f6cee90
modern-en.structural.json	3.34	7c37637e8ad0003b
modern-en.structural.json	3.35	c2d990740cfe19b4
modern-en.structural.json	3.36	e74ed40fdb10117c
modern-en.structural.json	3.37	3aca3b1e0da82205
modern-en.structural.json	3.38	8ecc42159cffadf2
modern-en.structural.json	3.39	60dfcb3939b80cf7
modern-en.structural.json	3.40	e1430b45825ac370
modern-en.structural.json	3.41	a2e984e91c05ab2d
modern-en.structural.json	3.42	39332962c23076a3
modern-en.structural.json	3.43	d689acdadebf8a1e
modern-en.structural.json	3.44	ef3a0bf245d142f7
modern-en.structural.json	3.45	b4f0c91e6da7e79e
modern-en.structural.json	3.46	a5afcc7920eb9c56
modern-en.structural.json	3.47	1c6ae38650a616b9
modern-en.structural.json	3.48	fe8945511499e376
modern-en.structural.json	3.49	5c7ec27c2b63dc77
modern-en.structural.json	3.50	3d7d244b6187555e
modern-en.structural.json	3.51	817d4c0d2a5dfb7a
modern-en.structural.json	3.52	b148dedca8d31174
modern-en.structural.json	3.53	77c0796c85f10593
modern-en.structural.json	3.54	32c1f86ae3a1eecc
modern-en.structural.json	3.55	83091f095dc66b7b
modern-en.structural.json	3.56	922910dec491db4f
modern-en.structural.json	3.57	29510689e29f4c49
modern-en.structural.json	3.58	a5024abc6e3fa4a9
modern-en.structural.json	3.59	0639a87d9928cd81
modern-en.structural.json	3.60	5ee1a76b3e078379
modern-en.structural.json	3.61	28d76dcbacf80ce8
modern-en.structural.json	3.62	7a12b4a50ff7d11e
modern-en.structural.json	3.63	26a156bff0b2be3b
modern-en.structural.json	3.64	dc12b39a9821f1d6
modern-en.structural.json	3.65	1332d217c0288d6c
modern-en.structural.json	3.66	5579fb139e9cd665
modern-en.structural.json	3.67	1ded7133c14ead90
modern-en.structural.json	3.68	0a3c7251fca6f7ef
modern-en.structural.json	3.69	f83a3091585aae72
modern-en.structural.json	3.70	1668d6a57b863b4f
modern-en.structural.json	3.71	bb7262ebb587b7a8
modern-en.structural.json	3.72	b8965faeb0470aed
modern-en.structural.json	3.73	6182c9792a410d8a
modern-en.structural.json	4.title	621c34c4c1d4b75f
modern-en.structural.json	4.0	5d242d2bfdc0a32a
modern-en.structural.json	4.1	18361c26677797d4
modern-en.structural.json	4.2	eb4147a0a8ec0965
modern-en.structural.json	4.3	9f643b77540d487b
modern-en.structural.json	4.4	baa1c0567260981b
modern-en.structural.json	4.5	ae3317a9ceedf8cb
modern-en.structural.json	4.6	bb72b60c654654d6
modern-en.structural.json	5.title	4096626fc2575544
modern-en.structural.json	5.0	154dfcdb41138de9
modern-en.structural.json	5.1	c1f75e4039faeb9f
modern-en.structural.json	5.2	d1d2b1b4f21f2b16
modern-en.structural.json	5.3	f93d46911e6442d4
modern-en.structural.json	5.4	cf694f6b1abbae93
modern-en.structural.json	5.5	019d91ecfe4e7d36
modern-en.structural.json	5.6	4510f4c894056135
modern-en.structural.json	5.7	e1002980d0b878ef
modern-en.structural.json	5.8	35624cccc0d62ae6
modern-en.structural.json	6.title	fe497e99d8523338
modern-en.structural.json	6.0	cf31d38891cccfe2
modern-en.structural.json	6.1	96de139bbafbab7f
modern-en.structural.json	6.2	72d5c69897fcf931
modern-en.structural.json	6.3	940354a1d4c70fc0
modern-en.structural.json	6.4	01e9f194b52c09f8
modern-en.structural.json	6.5	96767a18f5f07a70
modern-en.structural.json	6.6	708361d112727e25
modern-en.structural.json	6.7	53746aea24898a18
modern-en.structural.json	6.8	89ad4105c6f48373
modern-en.structural.json	7.title	daeb3f8344ab21b7
modern-en.structural.json	7.0	632b54b8c7ae4a14
modern-en.structural.json	7.1	9ed915ef943f286f
modern-en.structural.json	7.2	2f17b9064fa8e6be
modern-en.structural.json	7.3	a1d9b9132c89edd5
modern-en.structural.json	7.4	d1682d1c083f2a36
modern-en.structural.json	7.5	b3142aedf737ba00
modern-en.structural.json	7.6	af8a626764380e73
modern-en.structural.json	7.7	d1ba3850ff36d010
modern-en.structural.json	7.8	3950c9931176fc5e
modern-en.structural.json	7.9	196de8b7e69d1245
modern-en.structural.json	8.title	28965bc6020d6a9a
modern-en.structural.json	8.0	9d8475c81fc0cc82
modern-en.structural.json	8.1	669a89590dba327a
modern-en.structural.json	8.2	5729c7bb8f60ce81
modern-en.structural.json	8.3	2a4f01a60e88c908
modern-en.structural.json	8.4	694c57ca5032a161
modern-en.structural.json	8.5	d262c0451d6dcf69
modern-en.structural.json	8.6	5fe8957768d2d04c
modern-en.structural.json	9.title	835c6a35aee7a654
modern-en.structural.json	9.0	62336875219f698c
modern-en.structural.json	9.1	a9a0c05a2b192cb3
modern-en.structural.json	9.2	8eb629c122d6b41b
modern-en.structural.json	9.3	13ecfaaba20cf0f2
modern-en.structural.json	9.4	bae0fe3f644a14ca
modern-en.structural.json	9.5	3af88a871aad25f6
modern-en.structural.json	9.6	0fef5be122c86210
modern-en.structural.json	9.7	afa10a5c450f7f7b
modern-en.structural.json	9.8	05dd0cc66b78bb31
modern-en.structural.json	9.9	12c4e283e3cbd07e
modern-en.structural.json	9.10	5f45569875abca34
modern-en.structural.json	9.11	794c8b8b339890ad
modern-en.structural.json	9.12	ef96dfaf4fd51c6a
modern-en.structural.json	9.13	1cb1529e57304f37
modern-en.structural.json	9.14	969c5a218b19b30f
modern-en.structural.json	9.15	af2a1aff94521976
modern-en.structural.json	9.16	43c53710ae60af31
modern-en.structural.json	9.17	e4ad1910bee002a5
modern-en.structural.json	9.18	1fd4d82678cc2387
modern-en.structural.json	9.19	b97f31a37d8c3ee6
modern-en.structural.json	9.20	46a1fe2ae917b09e
modern-en.structural.json	9.21	b4b9734652ff548a
modern-en.structural.json	9.22	535db91ab2df3c1f
modern-en.structural.json	9.23	8065c6a0d86a38e8
modern-en.structural.json	9.24	b9f97b227c85b83b
modern-en.structural.json	9.25	04aa3f3c28de3461
modern-en.structural.json	9.26	73067245b1159ce8
modern-en.structural.json	10.title	0266505c164df2a2
modern-en.structural.json	10.0	1b43ab05d6db7d7c
modern-en.structural.json	10.1	95787e6fadddf43c
modern-en.structural.json	10.2	08050c307ef98edc
modern-en.structural.json	10.3	3913483e164c8505
modern-en.structural.json	10.4	a60dc91452ad5aac
modern-en.structural.json	10.5	73ec7b14b94f9c83
modern-en.structural.json	10.6	2e4ba66e04d0fd2d
modern-en.structural.json	10.7	eb573ad1659f750f
modern-en.structural.json	10.8	41b1d07ff42b7ad3
modern-en.structural.json	10.9	da496832a5596924
modern-en.structural.json	11.title	5ca7d484df06de72
modern-en.structural.json	11.0	6abafb1a7232e0cd
modern-en.structural.json	11.1	37ab960433fcfc4e
modern-en.structural.json	11.2	f7d99d6cb3687412
modern-en.structural.json	11.3	009c963dc3d13885
modern-en.structural.json	12.title	89101c15a0a68337
modern-en.structural.json	12.0	1a7055f57187f35b
modern-en.structural.json	12.1	856fc5f5aebbbf9b
modern-en.structural.json	12.2	44aeb56f9ea0c4a4
modern-en.structural.json	12.3	31a183b0a9a2d03b
modern-en.structural.json	12.4	647e69c537910f0d
modern-en.structural.json	12.5	1c9ade631039dc34
modern-en.structural.json	12.6	1f228f031dd47df3
modern-en.structural.json	12.7	40d266c00605a478
modern-en.structural.json	13.title	d6985f17a7d5fe68
modern-en.structural.json	13.0	4562ca721307fcc7
modern-en.structural.json	13.1	f552e0312ad82a72
modern-en.structural.json	13.2	160751fc861b2bd3
modern-en.structural.json	13.3	62b9d0da3107bd36
modern-en.structural.json	13.4	5a03bbfa56f69ca0
modern-en.structural.json	13.5	db6bca22bdd2161e
modern-en.structural.json	13.6	67f45a90460dc002
modern-en.structural.json	13.7	98c347d41ffe466e
modern-en.structural.json	13.8	7ecf0dbbb9603042
modern-en.structural.json	13.9	047a2b6099311de0
modern-en.structural.json	13.10	b0cd6bc7d30fe6b4
modern-en.structural.json	13.11	b3474e4dfc4d91b5
modern-en.structural.json	13.12	da2eb40c861b4d24
modern-en.structural.json	13.13	9dee6e8cd0269df0
modern-en.structural.json	13.14	834c8e84dc5e5121
modern-en.structural.json	14.title	d267b09d006f6c4f
modern-en.structural.json	14.0	bcf916a0d68a38e1
modern-en.structural.json	14.1	033c003a2af66ecc
modern-en.structural.json	14.2	beb16652bac9ad76
modern-en.structural.json	14.3	007ecfdfcbf243b0
modern-en.structural.json	14.4	cb172029dd929edd
modern-en.structural.json	15.title	66846bebdd5a1911
modern-en.structural.json	15.0	eceb115c330d4e86
modern-en.structural.json	15.1	cc06cfffe3dc5646
modern-en.structural.json	15.2	7ce346f9d078ea18
modern-en.structural.json	15.3	fe54d36b073afc2c
modern-en.structural.json	15.4	0acd3534c42638fd
modern-en.structural.json	15.5	f6f55f95813064a6
modern-en.structural.json	15.6	a1e0a5afa263f1eb
modern-en.structural.json	15.7	91106076d929d067
modern-en.structural.json	15.8	94d0c01b76320878
modern-en.structural.json	15.9	e4ca081e9e540249
modern-en.structural.json	15.10	23c613a339adb78c
modern-en.structural.json	15.11	422034774b87148a
modern-en.structural.json	15.12	978821b1948bda6e
modern-en.structural.json	15.13	26d51e1c42cc4f31
modern-en.structural.json	15.14	130e2e9822abb141
modern-en.structural.json	15.15	4a33fe9e275a52ce
modern-en.structural.json	16.title	6495124a0bde016c
modern-en.structural.json	16.0	09e49936b4655dda
modern-en.structural.json	16.1	f8f337e033a722da
modern-en.structural.json	16.2	ca92d7bdcefefa54
modern-en.structural.json	16.3	b99e423d1e379c6d
modern-en.structural.json	16.4	8b4f044a46f8395e
modern-en.structural.json	16.5	224919912439c46c
modern-en.structural.json	16.6	dd8ea2a9f7f94964
modern-en.structural.json	16.7	afb124e210c0c78c
modern-en.structural.json	16.8	74f2f7d274b2582f
modern-en.structural.json	16.9	e98e2dbea6447486
modern-en.structural.json	16.10	6c91f392ce391b18
modern-en.structural.json	16.11	5a3bad54442baaf2
modern-en.structural.json	16.12	575fdc3767315c61
modern-en.structural.json	16.13	9bdb04a01ba2ed2b
modern-en.structural.json	16.14	17a4d4072b9be3be
modern-en.structural.json	16.15	b54e5e843fe2fc93
modern-en.structural.json	16.16	79d03c07a3d16015
modern-en.structural.json	16.17	c57b4181415b5bf6
modern-en.structural.json	16.18	0b64ffae13f8e945
modern-en.structural.json	16.19	47397d648109a5b7
modern-en.structural.json	16.20	b37d92822ecd3718
modern-en.structural.json	16.21	910eb493a2278dbf
modern-en.structural.json	16.22	a50b79a2c9160f84
modern-en.structural.json	16.23	dcd4972c8348090e
modern-en.structural.json	16.24	fd3958bd46a12d4b
modern-en.structural.json	16.25	5230d43d3a07d65b
modern-en.structural.json	16.26	4b023703bfdd7612
modern-en.structural.json	16.27	70900caf5624f6d9
modern-en.structural.json	16.28	6496a5230003930a
modern-en.structural.json	16.29	88b0f29e972208f4
modern-en.structural.json	16.30	772395d35f7cfe0e
modern-en.structural.json	16.31	d49c543dec079d08
modern-en.structural.json	16.32	0c690a766d889a7e
modern-en.structural.json	16.33	e0e9ac2e67f602e1
modern-en.structural.json	16.34	7a1e8e6a37ec3eab
modern-en.structural.json	16.35	4079469e7ce1f0a3
modern-en.structural.json	16.36	7979d0200784a2af
modern-en.structural.json	16.37	e5566ec4ea53c2ba
modern-en.structural.json	16.38	4b98c4d3522feb78
modern-en.structural.json	16.39	4c4980d65aee5e3d
modern-en.structural.json	16.40	f1695fc2985c2f3f
modern-en.structural.json	16.41	97a42834d181f743
modern-en.structural.json	16.42	6a382ce79c4fdb62
modern-en.structural.json	16.43	d675f8d75310f379
modern-en.structural.json	16.44	8ddb1c73bbfb2784
modern-en.structural.json	16.45	39f2be061ee37375
modern-en.structural.json	16.46	2e3b50e4efd16882
modern-en.structural.json	16.47	7a249b97b30579c9
modern-en.structural.json	16.48	64674c3d56ac16c8
modern-en.structural.json	16.49	27bad15662a7f5eb
modern-en.structural.json	16.50	001b1a8a649a5524
modern-en.structural.json	16.51	88762e660b75eaa3
modern-en.structural.json	16.52	d2a5761e278c0104
modern-en.structural.json	16.53	23ee7f5fe3bada48
modern-en.structural.json	16.54	8c82f282b9a6b383
modern-en.structural.json	16.55	7f0bbcd0d89a3966
modern-en.structural.json	16.56	f2e5dce8652023c0
modern-en.structural.json	16.57	f6e31f926242456d
modern-en.structural.json	16.58	89754d7c6145ff44
modern-en.structural.json	16.59	f20ca0d36dccfe30
modern-en.structural.json	16.60	44a1bc1f27a57c1b
modern-en.structural.json	16.61	75def81eb9d0157c
modern-en.structural.json	16.62	8b489d5335387b61
modern-en.structural.json	16.63	8c28225d8142e926
modern-en.structural.json	16.64	d27cd1b3404666dc
modern-en.structural.json	16.65	2ed33bd813485fe4
modern-en.structural.json	16.66	2464e155e965a71a
modern-en.structural.json	16.67	5b5ed1ed913aec31
modern-en.structural.json	16.68	15514e2b77e00792
modern-en.structural.json	16.69	a036064bc95830c1
modern-en.structural.json	16.70	57fbac743ac2b8af
modern-en.structural.json	16.71	2ea6aacbf8093e0d
modern-en.structural.json	16.72	deb520fb441bca68
modern-en.structural.json	16.73	9f6634531f1c2738
modern-en.structural.json	16.74	418c64845c4094f9
modern-en.structural.json	16.75	39c1f0eedf0f02ea
modern-en.structural.json	16.76	9a6873f2d91e57ae
modern-en.structural.json	16.77	514c4284efe1923f
modern-en.structural.json	16.78	fb864d6a765bfaef
modern-en.structural.json	16.79	3d3c2e2e0038cd35
modern-en.structural.json	16.80	f9462379cdb8f074
modern-en.structural.json	16.81	6420b511a0917fef
modern-en.structural.json	17.title	fc2cf5d143937022
modern-en.structural.json	17.0	4be6aeb924816590
modern-en.structural.json	17.1	7937e7d9d00635df
modern-en.structural.json	17.2	ab977f5385c6d9d9
modern-en.structural.json	17.3	5aafd5d6f038de8d
modern-en.structural.json	17.4	211e6c6c8a74ef73
modern-en.structural.json	17.5	57297267eaf4b75b
modern-en.structural.json	17.6	301079b192bdd84a
modern-en.structural.json	17.7	b1f15ab98e20a81d
modern-en.structural.json	17.8	8eb3dc811068c3c6
modern-en.structural.json	17.9	be0b18571e91c8bc
modern-en.structural.json	17.10	510e583053944871
modern-en.structural.json	17.11	755d5f96621eb422
modern-en.structural.json	17.12	86112d12e43f4eaa
modern-en.structural.json	17.13	0f2f6c595336b1e8
modern-en.structural.json	17.14	40f28e2ad5b0b5ed
modern-en.structural.json	17.15	d2aecc257e56a27f
modern-en.structural.json	17.16	6100c0baaa021f95
modern-en.structural.json	17.17	8f2d85bba5ce0a30
modern-en.structural.json	17.18	789b257e8c5aef70
modern-en.structural.json	17.19	f24c6ec73a37a008
modern-en.structural.json	17.20	1cf317dbe5484aa1
modern-en.structural.json	17.21	a9ce0a7a5b613a51
modern-en.structural.json	17.22	6cbdba0d40f803ad
modern-en.structural.json	17.23	e09d77922f4293c4
modern-en.structural.json	17.24	5bb7bfedf52f10fc
modern-en.structural.json	17.25	53936b0754c2162e
modern-en.structural.json	17.26	6c19535700224d5e
modern-en.structural.json	17.27	e3d636cc41d2ecb1
modern-en.structural.json	17.28	47b26ac5f65b639d
modern-en.structural.json	17.29	8ecd1f27c7a959e6
modern-en.structural.json	18.title	4252839d8d80e874
modern-en.structural.json	18.0	413e9aa84ad09987
modern-en.structural.json	18.1	d94f154e2013d597
modern-en.structural.json	18.2	9ee71485b26a41e8
modern-en.structural.json	18.3	13e4e9c6529dd6d4
modern-en.structural.json	18.4	514aef0928d3753a
modern-en.structural.json	18.5	61aa8aa6fdf703ec
modern-en.structural.json	18.6	ff5d4be4a03033b5
modern-en.structural.json	18.7	5e301b7ee27a73e7
modern-en.structural.json	18.8	d237503363c007ec
modern-en.structural.json	18.9	b08aae946225ad51
modern-en.structural.json	18.10	e0a47f2b8f712bfe
modern-en.structural.json	18.11	0c111b1ed3634cbe
modern-en.structural.json	18.12	17e615442ab03575
modern-en.structural.json	18.13	730c6904335cb400
modern-en.structural.json	18.14	8fcdf54f02e19cce
modern-en.structural.json	18.15	4e6dc345ca399d23
modern-en.structural.json	18.16	d2b0476fb19af570
modern-en.structural.json	18.17	4a1c805d9dd8c3fa
modern-en.structural.json	18.18	6acabce84d60eaea
modern-en.structural.json	18.19	f8ab762a9f256104
modern-en.structural.json	18.20	bffdbec8c0e41306
modern-en.structural.json	18.21	c531009bfd081020
modern-en.structural.json	18.22	adfbf48e3009caca
modern-en.structural.json	18.23	34f2ea0e06de82cc
modern-en.structural.json	18.24	21b36310b7824bde
modern-en.structural.json	18.25	feafcc7db24d50d7
modern-en.structural.json	18.26	a976cf1c5a546cdb
modern-en.structural.json	19.title	72746ab7bb084d26
modern-en.structural.json	19.0	d794cf08114b8201
modern-en.structural.json	19.1	dcbdb1a229e8b907
modern-en.structural.json	19.2	7020a4ef3703f6bc
modern-en.structural.json	19.3	ae1e325ef815ffc1
modern-en.structural.json	19.4	6eb824118b296cd5
modern-en.structural.json	19.5	0a0ab45402073fd0
modern-en.structural.json	19.6	34d2a40f4051164e
modern-en.structural.json	19.7	c6717a1f4dfd68da
modern-en.structural.json	19.8	819dc528c85b4678
modern-en.structural.json	19.9	8b81efc9ddd2ae75
modern-en.structural.json	19.10	64e7bc65de521efe
modern-en.structural.json	19.11	c0baab15f30cb2c8
modern-en.structural.json	19.12	f76f32d62f7147ec
modern-en.structural.json	19.13	323b013737647a62
modern-en.structural.json	19.14	87b0a2b5a0f51cd4
modern-en.structural.json	19.15	88c37e299e8dfd91
modern-en.structural.json	19.16	dd5295e87535357c
modern-en.structural.json	19.17	eea7ab4789cad18f
modern-en.structural.json	19.18	111f8bc8a36357d7
modern-en.structural.json	19.19	2b8ac60323a98f2e
modern-en.structural.json	19.20	130647dae894e86c
modern-en.structural.json	19.21	524b7607d260393b
modern-en.structural.json	19.22	1a1b566386c0a489
modern-en.structural.json	19.23	832e70e198ef1e15
modern-en.structural.json	19.24	7e93c6cdb924aac0
modern-en.structural.json	19.25	69b465ba90902334
modern-en.structural.json	19.26	58b163720ce84124
modern-en.structural.json	19.27	db010ef798eaa470
modern-en.structural.json	19.28	ae33547f4dadac00
modern-en.structural.json	19.29	23cbab9037719d2c
modern-en.structural.json	19.30	69aecd02e45ce961
modern-en.structural.json	19.31	84fe1d862a2e93aa
modern-en.structural.json	19.32	3e0c9ba765998dc4
modern-en.structural.json	19.33	117a6c9ed6963e2c
modern-en.structural.json	19.34	c4d5f4aebcae7e5f
modern-en.structural.json	20.title	7c3356e6e4e9dd1b
modern-en.structural.json	20.0	6f33cfeace680eb2
modern-en.structural.json	20.1	a20e235bfad06951
modern-en.structural.json	20.2	de539e4bb4ab75e5
modern-en.structural.json	20.3	cdc1d8abfda83123
modern-en.structural.json	20.4	b6c467f8d506fa67
modern-en.structural.json	20.5	a629c686938460c8
modern-en.structural.json	20.6	d52118ae04bbdc7a
modern-en.structural.json	20.7	297d6c5fa6e14067
modern-en.structural.json	21.title	60ade2442d16a2b0
modern-en.structural.json	21.0	f5c6edafc2ca911a
modern-en.structural.json	21.1	0c516067df3fddf9
modern-en.structural.json	21.2	3fc9a6fab22c57fb
modern-en.structural.json	21.3	189d20cf7b248138
modern-en.structural.json	21.4	b08697103df8b50a
modern-en.structural.json	21.5	54717a7fe11db9e3
modern-en.structural.json	21.6	d16786466e34646b
modern-en.structural.json	21.7	378ccdf092f75b10
modern-en.structural.json	21.8	6e233e5081a35063
modern-en.structural.json	21.9	2f06a6bef761eb05
modern-en.structural.json	21.10	40d93baf030e73a3
modern-en.structural.json	21.11	5ea9719db7f3308f
modern-en.structural.json	21.12	bbe9c016284e77b4
modern-en.structural.json	21.13	a61c6e47abd83bfe
modern-en.structural.json	21.14	29bb6fb4f5431277
modern-en.structural.json	21.15	a5654c536a20498f
modern-en.structural.json	21.16	4b0b9b6b21b9bd25
modern-en.structural.json	21.17	d415533abc1fe6c9
modern-en.structural.json	21.18	239be3e0e662b446
modern-en.structural.json	21.19	a2a8a35a28c80431
modern-en.structural.json	21.20	94375b69fe7d695f
modern-en.structural.json	21.21	516f1e31a5cc02a6
modern-en.structural.json	21.22	d52b9f7b3a16c7a2
modern-en.structural.json	21.23	359a032be4319c49
modern-en.structural.json	21.24	fb256c220f9f5743
modern-en.structural.json	21.25	977104568195b500
modern-en.structural.json	21.26	661d189d9a66354a
modern-en.structural.json	21.27	015bb3b948a4e6c4
modern-en.structural.json	21.28	3b345c9371bcbaf1
modern-en.structural.json	21.29	83bbcb51dc90f5c4
modern-en.structural.json	21.30	ace5f54a0e8ca226
modern-en.structural.json	21.31	3b4dc8bef16993e5
modern-en.structural.json	21.32	ce9495f95c6adb54
modern-en.structural.json	21.33	8efca0c233348e27
modern-en.structural.json	21.34	3182e2d14d76d407
modern-en.structural.json	21.35	28ab9e2ce22703ad
modern-en.structural.json	21.36	3a75ccedde98475c
modern-en.structural.json	21.37	a00e9eee90f0a7c2
modern-en.structural.json	22.title	1009198b821fb03a
modern-en.structural.json	22.0	f8f3c02ff8c3c7c2
modern-en.structural.json	22.1	202f4f503d79a83f
modern-en.structural.json	22.2	158d6488f767bd67
modern-en.structural.json	22.3	4559e8b1b7fa91cd
modern-en.structural.json	22.4	75c8b893860bb37b
modern-en.structural.json	22.5	2c36dd770d7919e2
modern-en.structural.json	22.6	d3e734c110b7fa8c
modern-en.structural.json	22.7	440bbc1f0b5bb31f
modern-en.structural.json	22.8	045bb4017e9c7b33
modern-en.structural.json	22.9	41d48d518affaa3f
modern-en.structural.json	22.10	cd34ed8d77d7c77d
modern-en.structural.json	22.11	927b9fbf6070e255
modern-en.structural.json	22.12	919ad45f7001c608
modern-en.structural.json	22.13	2591f867d166823c
modern-en.structural.json	22.14	566f8896b98437b9
modern-en.structural.json	22.15	6ee6f18f4b3c26a7
modern-en.structural.json	22.16	a2a1c297b1dec3e7
modern-en.structural.json	22.17	f603219d4080a950
modern-en.structural.json	22.18	6c6495b4362bac73
modern-en.structural.json	22.19	e0ce66b1ad798342
modern-en.structural.json	22.20	712ff7d3ac39e9dc
modern-en.structural.json	22.21	4b1abcabad595003
modern-en.structural.json	23.title	1a60ca468847748f
modern-en.structural.json	23.0	96cd924fec2bf13d
modern-en.structural.json	23.1	55f4ca90847fcb1a
modern-en.structural.json	23.2	49e765488c36e2e1
modern-en.structural.json	23.3	8890917a73893ce8
modern-en.structural.json	24.title	855bc0873e6e3c1b
modern-en.structural.json	24.0	fffdfc0ca22be555
modern-en.structural.json	24.1	9d85b603012650ba
modern-en.structural.json	24.2	ecf0fdea667f1c6e
modern-en.structural.json	24.3	ba61b413f79e0629
modern-en.structural.json	24.4	01619435d8b8e866
modern-en.structural.json	24.5	aebd2e01f229e0cc
modern-en.structural.json	24.6	056d360296fbef0e
modern-en.structural.json	24.7	ece2af13c0edba75
modern-en.structural.json	24.8	e3b929eb6162a3f8
modern-en.structural.json	24.9	3954236c0ea9b8e6
modern-en.structural.json	24.10	21f1325ba8029ac5
modern-en.structural.json	24.11	5f273e5a5faa0c15
modern-en.structural.json	24.12	68b79f70ddcb914a
modern-en.structural.json	24.13	102f2bf99f75837f
modern-en.structural.json	24.14	050f818ecd22c687
modern-en.structural.json	24.15	6fc33b68f184a947
modern-en.structural.json	24.16	7b73e9148644e413
modern-en.structural.json	24.17	dd0705f007d960a4
modern-en.structural.json	24.18	5233d374b3ab6df0
modern-en.structural.json	24.19	b10b68c84b89ce5b
modern-en.structural.json	24.20	92648bbcdc5106a1
modern-en.structural.json	24.21	3dccb343264dcd7f
modern-en.structural.json	24.22	b833757494f019f5
modern-en.structural.json	25.title	57d2c5c5cf47d35c
modern-en.structural.json	25.0	4cb41e94d4970a38
modern-en.structural.json	25.1	d6a6ebf249802be1
modern-en.structural.json	25.2	f12b6d0c0c2ae1e6
modern-en.structural.json	25.3	08e82e09a3c2a8e4
modern-en.structural.json	26.title	7aa570af8ba2ee01
modern-en.structural.json	26.0	a433936a80978a8d
modern-en.structural.json	26.1	73c30c98c0ab5672
modern-en.structural.json	26.2	3fbfaeb6ef9ccfac
modern-en.structural.json	26.3	786d1e2b084914af
modern-en.structural.json	26.4	d01b900437cf1af0
modern-en.structural.json	26.5	29a8e2b95ddd9a19
modern-en.structural.json	27.title	7112080321ad6e53
modern-en.structural.json	27.0	c4deaa657aa23322
modern-en.structural.json	27.1	235fdb3398139c3d
modern-en.structural.json	27.2	79f5d99c22c5672c
modern-en.structural.json	27.3	cb8c2ba5cb9c1aef
modern-en.structural.json	27.4	5d02013ac0c4b61a
modern-en.structural.json	27.5	0e9f9b5f0496ca01
modern-en.structural.json	27.6	9e40aa185b8a54cd
modern-en.structural.json	27.7	b3515ebf8cd0d3ea
modern-en.structural.json	27.8	020bd76e4b020096
modern-en.structural.json	28.title	d9ea123ac0f815a7
modern-en.structural.json	28.0	c10ac04fea24a4dc
modern-en.structural.json	28.1	c7eb47410643359b
modern-en.structural.json	28.2	13277fcc69c54265
modern-en.structural.json	28.3	9f8c305ac62cb00a
modern-en.structural.json	28.4	2d85d44fdd678449
modern-en.structural.json	28.5	cc834ab427f1ed91
modern-en.structural.json	28.6	495ad50e4538a7bf
modern-en.structural.json	29.title	111f7b227033ea34
modern-en.structural.json	29.0	d3c4ce2de148668c
modern-en.structural.json	29.1	8e54c0721d6597ee
modern-en.structural.json	29.2	de626311927acf5e
modern-en.structural.json	29.3	cae27801f591dc8c
modern-en.structural.json	29.4	0df413276c4f25bf
modern-en.structural.json	29.5	0c0a6e570f180a69
modern-en.structural.json	29.6	3dfb31c3204ad4bd
modern-en.structural.json	29.7	ce587cf20f273149
modern-en.structural.json	29.8	649254b9c808bf59
modern-en.structural.json	29.9	917f9b07d72a2063
modern-en.structural.json	30.title	1852bffc59c8d701
modern-en.structural.json	30.0	cef1d0e33b600644
modern-en.structural.json	30.1	aadfaecc54a31c61
modern-en.structural.json	30.2	8c4dfdd68f64cbcc
modern-en.structural.json	30.3	969c80b28108c70e
modern-en.structural.json	31.title	d037ff5d72c7d526
modern-en.structural.json	31.0	434e4ea60e7e8842
modern-en.structural.json	31.1	ee4babe5a1e376f2
modern-en.structural.json	31.2	a5d5cac7ea56c0e7
modern-en.structural.json	31.3	1816291b8b17c8f8
modern-en.structural.json	31.4	93f2b16358243aca
modern-en.structural.json	31.5	c2ccf0717d631670
modern-en.structural.json	31.6	30d77da36921ae21
modern-en.structural.json	32.title	60938ad0249abb15
modern-en.structural.json	32.0	e9846b0900a46dfa
modern-en.structural.json	32.1	5690ab5dd14ee7f9
modern-en.structural.json	32.2	76b64fb85a30f411
modern-en.structural.json	32.3	e2368a7b6059f15b
modern-en.structural.json	32.4	ae0bac260a0ae3ca
modern-en.structural.json	32.5	6a0c4e442d599820
modern-en.structural.json	32.6	26e7b855aa9f28b0
modern-en.structural.json	32.7	d43c1a4f783f5e51
modern-en.structural.json	32.8	81f768fb1ab0c7da
modern-en.structural.json	32.9	7d10b820f76fe48c
modern-en.structural.json	32.10	48829d794e56b01a
modern-en.structural.json	32.11	d2718e84b5e04f92
modern-en.structural.json	32.12	4a2ae6858a7cd7d7
modern-en.structural.json	32.13	180c32c51416e696
modern-en.structural.json	32.14	4c5d6b9ab32770ec
modern-en.structural.json	32.15	0855ad692d7f28ad
modern-en.structural.json	32.16	684dc8850d40f771
modern-en.structural.json	32.17	551e9cf7e85654ca
modern-en.structural.json	32.18	2cb1e7ac95ba221a
modern-en.structural.json	32.19	f61cb78d51046029
modern-en.structural.json	32.20	d4bc24ad45efe35d
modern-en.structural.json	32.21	0bce9dd727ba324b
modern-en.structural.json	32.22	28a13c0518175fa9
modern-en.structural.json	32.23	930b8234d6174305
modern-en.structural.json	32.24	a22a18b6c9bd3b1f
modern-en.structural.json	32.25	da82a2d653f64bde
modern-en.structural.json	32.26	21a3a3677a8a88a1
modern-en.structural.json	32.27	d422aabfcdd848c6
modern-en.structural.json	32.28	5b7c4690a62c06b3
modern-en.structural.json	32.29	8fcea70dce1709fe
modern-en.structural.json	32.30	76f378f464f8a8ea
modern-en.structural.json	32.31	7350b2e04d14d847
modern-en.structural.json	32.32	5f19ebb015486cff
modern-en.structural.json	32.33	dbcf5f39ebbc6a4c
modern-en.structural.json	32.34	0d31d3a1caab4756
modern-en.structural.json	32.35	72f98667b65b4af2
modern-en.structural.json	32.36	f8d08893680198e9
modern-en.structural.json	32.37	9c26b5721a14063b
modern-en.structural.json	32.38	b8ce2953d864ce24
modern-en.structural.json	32.39	5f5d4e97d0d606fa
modern-en.structural.json	32.40	434f37c07068556a
modern-en.structural.json	32.41	3426f26e1b0500a6
modern-en.structural.json	32.42	6510c32369857e41
modern-en.structural.json	32.43	201ea4a6d24c2493
modern-en.structural.json	32.44	14e74e58e46b35d4
modern-en.structural.json	32.45	b15cb0fe3a9cc418
modern-en.structural.json	32.46	12a45d293f068a93
modern-en.structural.json	33.title	d8971e20f3cbf83b
modern-en.structural.json	33.0	c6e42ddb70d57a99
modern-en.structural.json	33.1	ccb78a1e7f2abb56
modern-en.structural.json	33.2	21c2050d8634f6e0
modern-en.structural.json	33.3	cfe2eda18b68b063
modern-en.structural.json	33.4	e1403f6bc9cbf21b
modern-en.structural.json	33.5	5ddb0b408ed2468a
modern-en.structural.json	33.6	316055dca42387a1
modern-en.structural.json	34.title	df4c6173bbd133d0
modern-en.structural.json	34.0	32a65a8f30dd368b
modern-en.structural.json	34.1	1990927d83776030
modern-en.structural.json	34.2	844c2de51dfcdb00
modern-en.structural.json	34.3	fc227ddbdb95786a
modern-en.structural.json	34.4	b938efef8ae473db
modern-en.structural.json	34.5	b746982392dd79c7
modern-en.structural.json	34.6	ecf65827ecfba646
modern-en.structural.json	34.7	a9c1a50172084854
modern-en.structural.json	34.8	7d518b7c0a44b063
modern-en.structural.json	34.9	62fcecd5f5ab7e4b
modern-en.structural.json	34.10	7498342320950f15
modern-en.structural.json	35.title	239cd480b8ef8fef
modern-en.structural.json	35.0	1167dc27cda16830
modern-en.structural.json	35.1	81b50322f4fd0bbb
modern-en.structural.json	35.2	6a99758056492152
modern-en.structural.json	35.3	809d3553c7a6f0f2
modern-en.structural.json	35.4	22472ca87497817e
modern-en.structural.json	35.5	f55f52e18c950b68
modern-en.structural.json	35.6	e3a33686dc8a923f
modern-en.structural.json	35.7	672d97a844946628
modern-en.structural.json	35.8	66617d3cd90a5a92
modern-en.structural.json	35.9	48dbbbe68b137fd3
modern-en.structural.json	35.10	74e52a5209917e67
modern-en.structural.json	35.11	4be4878ae3c9a432
modern-en.structural.json	35.12	9baefaac062e754d
modern-en.structural.json	36.title	58f0e68f9ff5c718
modern-en.structural.json	36.0	12ff52da72509a41
modern-en.structural.json	36.1	ca34e05ae6019993
modern-en.structural.json	36.2	c47af7e8842f539c
modern-en.structural.json	36.3	48829928a9243627
modern-en.structural.json	36.4	33ce9ccd03f5b20b
modern-en.structural.json	36.5	e81e5901b12858ff
modern-en.structural.json	36.6	1f8fda7805c034bf
modern-en.structural.json	36.7	c10d1daa66f74350
modern-en.structural.json	36.8	f18078ec55090c81
modern-en.structural.json	36.9	b7d4c9e37fbf3f09
modern-en.structural.json	36.10	a7441bc6e5bd1492
modern-en.structural.json	36.11	7e4ab22058f89d08
modern-en.structural.json	36.12	608beee9f6547b89
modern-en.structural.json	36.13	c2699bf17ad0cc95
modern-en.structural.json	36.14	9ec8862cf8271b93
modern-en.structural.json	36.15	dec6cf543efe3183
modern-en.structural.json	36.16	884ea9954bb1857f
modern-en.structural.json	36.17	9c36246136f3e9ca
modern-en.structural.json	36.18	a8a05113da773071
modern-en.structural.json	36.19	f9ec46bce1d7d97d
modern-en.structural.json	36.20	f4387a99a453a329
modern-en.structural.json	36.21	0b633620bf3b7f3b
modern-en.structural.json	36.22	8cb7a36f3554ce42
modern-en.structural.json	36.23	69971b52fc67e9cd
modern-en.structural.json	36.24	7597b5ba10bf9061
modern-en.structural.json	36.25	9223f12e6ec6c357
modern-en.structural.json	36.26	9a26a735baf5fb11
modern-en.structural.json	36.27	56feed975a8a8f42
modern-en.structural.json	36.28	76e4d3b2082399a9
modern-en.structural.json	36.29	3491a6974cb133bd
modern-en.structural.json	36.30	ecbf2f0aff331c8c
modern-en.structural.json	36.31	e09e5ab03b32462b
modern-en.structural.json	36.32	e3b59eb1ab384bd5
modern-en.structural.json	36.33	7714a5facb5439ca
modern-en.structural.json	36.34	02e84fd05f8cea68
modern-en.structural.json	36.35	e870f7292e291c2a
modern-en.structural.json	36.36	864fbc710808e90d
modern-en.structural.json	36.37	8f391ad1975683f4
modern-en.structural.json	36.38	0890b5024d5f01c5
modern-en.structural.json	36.39	ce3b9b283d14a386
modern-en.structural.json	36.40	1291316acd52952f
modern-en.structural.json	36.41	0ccaad8d008d4268
modern-en.structural.json	36.42	17795e7897bb9255
modern-en.structural.json	36.43	fdde496b1317131c
modern-en.structural.json	36.44	611640ac524761ce
modern-en.structural.json	36.45	8603ebbc23663666
modern-en.structural.json	36.46	005aa62c0e4a2b83
modern-en.structural.json	36.47	4e654bedbf507b2c
modern-en.structural.json	36.48	6f07c465937dd17d
modern-en.structural.json	36.49	e6a6d048b7e8331f
modern-en.structural.json	36.50	a27f68f4d41f887d
modern-en.structural.json	37.title	630affa568038f3e
modern-en.structural.json	37.0	925ede8cf8b39102
modern-en.structural.json	37.1	955426eb8b989668
modern-en.structural.json	37.2	bf8d25c6f7eb7100
modern-en.structural.json	37.3	06838a5da785fb9e
modern-en.structural.json	37.4	0cb4c4a1c1e5d2df
modern-en.structural.json	38.title	e8667071aecbd925
modern-en.structural.json	38.0	68ad6feb25da4209
modern-en.structural.json	38.1	af964555dfabc513
modern-en.structural.json	38.2	63d7ccc7a4833f5e
modern-en.structural.json	38.3	c5b1128f0531def9
modern-en.structural.json	39.title	d86e6b97eba1bcec
modern-en.structural.json	39.0	b4661894758529eb
modern-en.structural.json	39.1	6c1b056490d3febc
modern-en.structural.json	39.2	feec1074ec453eac
modern-en.structural.json	39.3	a36c62daa4abb7eb
modern-en.structural.json	39.4	70344a8b16fdc464
modern-en.structural.json	40.title	a2712a92366f04e2
modern-en.structural.json	40.0	158f09284b0163de
modern-en.structural.json	40.1	b3031e199f0a50b8
modern-en.structural.json	40.2	1adbbe4f52e46a2a
modern-en.structural.json	40.3	564844375ce9a8ac
modern-en.structural.json	40.4	1fdbb5dd4c7c734b
modern-en.structural.json	40.5	8a837bdc90cf257b
modern-en.structural.json	40.6	d4e105e6558f99b1
modern-en.structural.json	40.7	94202959036142de
modern-en.structural.json	40.8	2790c5657e277802
modern-en.structural.json	40.9	e2330b5e0ad63e8e
modern-en.structural.json	40.10	cc0fe31390065c47
modern-en.structural.json	40.11	81a7a9cc8950110b
modern-en.structural.json	40.12	601f51997fef8d81
modern-en.structural.json	40.13	f1053c6a877fb803
modern-en.structural.json	40.14	8985c585b1ce6888
modern-en.structural.json	40.15	8da7dabae7df1b3f
modern-en.structural.json	40.16	4df180532f167343
modern-en.structural.json	40.17	eaf994ca0fb8f229
modern-en.structural.json	40.18	011bf38d50d0a799
modern-en.structural.json	40.19	a1a46285c773d0e9
modern-en.structural.json	40.20	b1995c2d23558242
modern-en.structural.json	40.21	2af9590356976331
modern-en.structural.json	40.22	74490b5a806ba828
modern-en.structural.json	40.23	e05e40be94e24cec
modern-en.structural.json	40.24	702dd65435033ec4
modern-en.structural.json	40.25	9a85665675e47f00
modern-en.structural.json	40.26	c62efc14f9fdf709
modern-en.structural.json	40.27	32569dd86f9cffc2
modern-en.structural.json	40.28	4d7eaf537d483743
modern-en.structural.json	40.29	001a1d4e32c9bdbd
modern-en.structural.json	40.30	9d18aa3787bf846a
modern-en.structural.json	40.31	a3de53ab5b9f2f00
modern-en.structural.json	40.32	6c8b4477b70e631f
modern-en.structural.json	40.33	8251053b53c42347
modern-en.structural.json	40.34	e540191505ff5838
modern-en.structural.json	40.35	9c30413ab1ea2da4
modern-en.structural.json	40.36	49a38c777729d5d3
modern-en.structural.json	40.37	9970d11742f8bffe
modern-en.structural.json	40.38	25773574ac51dbe8
modern-en.structural.json	40.39	4dbd48d7ff5d4b06
modern-en.structural.json	40.40	43fb22125cc9a697
modern-en.structural.json	40.41	b8f19823db69cb43
modern-en.structural.json	40.42	5289ee93fc09d3c3
modern-en.structural.json	40.43	c5e49291299c3254
modern-en.structural.json	40.44	e934e82265e7795d
modern-en.structural.json	40.45	a1d0abeb6767477c
modern-en.structural.json	40.46	9c2a654f32fc8e9f
modern-en.structural.json	40.47	18c2b06d1f96d13f
modern-en.structural.json	40.48	ab02668dd7540dee
modern-en.structural.json	40.49	ac4e3b31ccbd2a67
modern-en.structural.json	40.50	a72389ec5a76e77c
modern-en.structural.json	41.title	f0e47b6e366fae43
modern-en.structural.json	41.0	4f78c41bb8394637
modern-en.structural.json	41.1	a18ff8841464615a
modern-en.structural.json	41.2	b93d25b1bc3e242f
modern-en.structural.json	41.3	5753eff730f92a1f
modern-en.structural.json	41.4	1f867422b643d4b3
modern-en.structural.json	41.5	86cff91767996a8f
modern-en.structural.json	41.6	23e6d3085a90c79a
modern-en.structural.json	41.7	ff5a865d26a50065
modern-en.structural.json	41.8	c7dd9a45dff910c0
modern-en.structural.json	41.9	38dc06628a3190a4
modern-en.structural.json	41.10	85e8c35ff897ffe9
modern-en.structural.json	41.11	51e6df5b9c10c17e
modern-en.structural.json	41.12	e7af8ff007e67b38
modern-en.structural.json	41.13	0814cccde1d538e3
modern-en.structural.json	41.14	459cc5c12850636c
modern-en.structural.json	41.15	62d9c9bf2521df91
modern-en.structural.json	41.16	770cafe759c395ab
modern-en.structural.json	41.17	5447dbc6fb48376a
modern-en.structural.json	41.18	8212ee4fcba48cc4
modern-en.structural.json	41.19	54d8bd691c6fcd8d
modern-en.structural.json	41.20	b846797b971a0fce
modern-en.structural.json	41.21	d94e1a94d731d322
modern-en.structural.json	41.22	ed7da2d0026f1b9c
modern-en.structural.json	41.23	4706cd51f8750908
modern-en.structural.json	42.title	5a392a1ce7d611d8
modern-en.structural.json	42.0	573e3bf2d54073f1
modern-en.structural.json	42.1	f9b7f261f1831e8c
modern-en.structural.json	42.2	f7079613ea8d41ca
modern-en.structural.json	42.3	a1f698196c3a75d9
modern-en.structural.json	42.4	75eb8b9ca350d913
modern-en.structural.json	42.5	2f70d500f238add9
modern-en.structural.json	42.6	cfe4dd5a4d7de01c
modern-en.structural.json	42.7	35c94224873649b4
modern-en.structural.json	42.8	9dfed452f57938c9
modern-en.structural.json	42.9	26e5ff59ca9d8311
modern-en.structural.json	42.10	1bc2ebdf7beac743
modern-en.structural.json	42.11	a287c7eec872fc38
modern-en.structural.json	42.12	0954e677a3801e55
modern-en.structural.json	42.13	c9aeddd4736c4fe5
modern-en.structural.json	42.14	c65ac6da4b5f9821
modern-en.structural.json	42.15	31217f7e7ca43753
modern-en.structural.json	42.16	a6aa590784750251
modern-en.structural.json	42.17	a553a8fe7287f678
modern-en.structural.json	42.18	9c11b154634bab35
modern-en.structural.json	42.19	1de2fcce2a6ed2e7
modern-en.structural.json	42.20	a70c74ba2d9d2548
modern-en.structural.json	42.21	15cc8fd880aa330b
modern-en.structural.json	42.22	1be16aa5aa23f6d5
modern-en.structural.json	42.23	f702254061c629ab
modern-en.structural.json	42.24	9e1a390889e2cfa8
modern-en.structural.json	42.25	14eaac734cbf0fac
modern-en.structural.json	42.26	bc6b4aef2bb242f9
modern-en.structural.json	42.27	c101a0430b6445a6
modern-en.structural.json	42.28	36b1e750921f35c3
modern-en.structural.json	42.29	71fb99b6d241b626
modern-en.structural.json	42.30	d6497e42c397409c
modern-en.structural.json	43.title	678dcc635cd218f1
modern-en.structural.json	43.0	71af0656a6208a42
modern-en.structural.json	43.1	04d27745f00feaa2
modern-en.structural.json	43.2	284ff26053b71251
modern-en.structural.json	43.3	6e755ee297eca142
modern-en.structural.json	43.4	1f99ed7490d43298
modern-en.structural.json	43.5	3f21d6015bda8902
modern-en.structural.json	43.6	6c34831addd98cdb
modern-en.structural.json	43.7	23eb3c430e3732d1
modern-en.structural.json	43.8	6ee4cffc0a60c3e4
modern-en.structural.json	43.9	e891d78c177ea8ae
modern-en.structural.json	43.10	069c5924c6f1a32a
modern-en.structural.json	43.11	dc5d9f392c14ba42
modern-en.structural.json	43.12	e0042f0fc342e3b7
modern-en.structural.json	44.title	dcb990028a26a23f
modern-en.structural.json	44.0	c6a05c55df883b90
modern-en.structural.json	44.1	61861ae2202f83e7
modern-en.structural.json	44.2	0399580ebd1f3793
modern-en.structural.json	44.3	5e46fbaee2e7917e
modern-en.structural.json	44.4	6883da832f74b8ed
modern-en.structural.json	44.5	6a35b8389936135c
modern-en.structural.json	44.6	372f0adb69bfe29a
modern-en.structural.json	44.7	5384960b3ec44854
modern-en.structural.json	44.8	8f0c362ff006c72f
modern-en.structural.json	44.9	5c141e4b2ee81c95
modern-en.structural.json	44.10	d48dcbdad0d3a67d
modern-en.structural.json	44.11	0be7f35b06e633e7
modern-en.structural.json	45.title	278174afb4145b16
modern-en.structural.json	45.0	0585e339f18de258
modern-en.structural.json	45.1	c06795f752e38a0b
modern-en.structural.json	45.2	cfdf62b71212250e
modern-en.structural.json	45.3	85cec46d6e831e0a
modern-en.structural.json	45.4	b28cda7dbe6ef44c
modern-en.structural.json	45.5	c2ab987853821025
modern-en.structural.json	45.6	f9bb54bf2d076dc2
modern-en.structural.json	45.7	250dfaf24e1fe69f
modern-en.structural.json	45.8	1fdfc4dd82319782
modern-en.structural.json	45.9	25a7211eed7970c9
modern-en.structural.json	45.10	e43584724ed8bb04
modern-en.structural.json	45.11	4b241b2ef2220ddf
modern-en.structural.json	45.12	cadb62a405d67fad
modern-en.structural.json	45.13	8a3a3b5b60aa637a
modern-en.structural.json	45.14	9979dcd8b3a8fdeb
modern-en.structural.json	45.15	00d08d05c9f87539
modern-en.structural.json	45.16	0a4a2913146b7701
modern-en.structural.json	45.17	a24ccf1c28867a44
modern-en.structural.json	45.18	4042f3358d82c9b8
modern-en.structural.json	45.19	dfc559d841ec9820
modern-en.structural.json	45.20	2b9860ed23f06d49
modern-en.structural.json	45.21	7f11ddef3b25e5ac
modern-en.structural.json	45.22	c9e3a580c8671cc4
modern-en.structural.json	45.23	c49f309f26f143bf
modern-en.structural.json	45.24	b6fc63e3a72961f5
modern-en.structural.json	46.title	66bd01609f7c2372
modern-en.structural.json	46.0	49cd288a94f0d53a
modern-en.structural.json	46.1	d8ce955d14549366
modern-en.structural.json	46.2	eaf50f14d0a0a316
modern-en.structural.json	46.3	53a2041d69f73276
modern-en.structural.json	46.4	3e29164a191fc100
modern-en.structural.json	46.5	1e07ba08222f7302
modern-en.structural.json	47.title	039da3a10bee8b08
modern-en.structural.json	47.0	e8050b66a2094d1a
modern-en.structural.json	47.1	21e8383cdfc5b69e
modern-en.structural.json	47.2	155f38830f36e4d6
modern-en.structural.json	47.3	61f1a34a17f2f521
modern-en.structural.json	47.4	67e781cdddab6405
modern-en.structural.json	47.5	7cd01b4536e2edaa
modern-en.structural.json	47.6	e98bbe647764d632
modern-en.structural.json	47.7	5f7ed5b8e37ee224
modern-en.structural.json	47.8	9febca2fa5d87051
modern-en.structural.json	47.9	ddeb9fbdf535ebea
modern-en.structural.json	47.10	bc9841bdb1e51ae9
modern-en.structural.json	47.11	a1d9be9706a0f45f
modern-en.structural.json	47.12	714e847ed187c3f9
modern-en.structural.json	47.13	7cd1293a128f2f22
modern-en.structural.json	48.title	29f74cac26fc3d16
modern-en.structural.json	48.0	87d3fa9f33936161
modern-en.structural.json	48.1	1d8eba740a00f187
modern-en.structural.json	48.2	891767615a84773c
modern-en.structural.json	48.3	4e54e02155a4bcc9
modern-en.structural.json	48.4	3c2b430d6975f9fd
modern-en.structural.json	48.5	532b9e56d65a5451
modern-en.structural.json	48.6	cbd94368ae9ea04b
modern-en.structural.json	48.7	e2756853fcc1a499
modern-en.structural.json	48.8	0b53faf684005083
modern-en.structural.json	48.9	14ea50b27d6fd851
modern-en.structural.json	48.10	f76d44d8520b4f36
modern-en.structural.json	48.11	221bd4bbfd95c9d4
modern-en.structural.json	48.12	8fce8154c53321e9
modern-en.structural.json	48.13	0d28b28300395e70
modern-en.structural.json	48.14	02645eac9f32a9db
modern-en.structural.json	48.15	393182ddd66cb23c
modern-en.structural.json	48.16	b5b9a1afe55fb441
modern-en.structural.json	48.17	68f299b5bd732c30
modern-en.structural.json	48.18	49aee8ca1b6ce76a
modern-en.structural.json	48.19	fbde23c520dbc536
modern-en.structural.json	48.20	c6dbff6fb2f374e6
modern-en.structural.json	48.21	acf7a543f1000d35
modern-en.structural.json	48.22	acc5f81b2032c777
modern-en.structural.json	48.23	17bbc7eabfb8dfec
modern-en.structural.json	48.24	a10b647dea097417
modern-en.structural.json	48.25	10e51b953c9052e5
modern-en.structural.json	48.26	534f50a6cd0daa96
modern-en.structural.json	48.27	ca4486e1fb896fcc
modern-en.structural.json	48.28	0660f00fc7fbfa79
modern-en.structural.json	48.29	06d86a07768d66de
modern-en.structural.json	48.30	38fc7294a1832ad0
modern-en.structural.json	48.31	52d8c36949188aa3
modern-en.structural.json	48.32	1af806c55ebb3a01
modern-en.structural.json	48.33	7b34860c7d4d85ac
modern-en.structural.json	48.34	64526f1f04cc20c8
modern-en.structural.json	48.35	f2dd8ce435a83f7c
modern-en.structural.json	48.36	44f8b935ea4b8764
modern-en.structural.json	48.37	a8bdf18bd7ca3d2b
modern-en.structural.json	48.38	28e41ba00a4e1ca0
modern-en.structural.json	48.39	a07dbcad47db6fe1
modern-en.structural.json	48.40	937badb1c61952d7
modern-en.structural.json	48.41	83866cb05e17b5b0
modern-en.structural.json	48.42	5a0a6897823cefa3
modern-en.structural.json	48.43	bdba24c530bacb97
modern-en.structural.json	48.44	217301d9fd4b4751
modern-en.structural.json	48.45	900ff54f6671fb5f
modern-en.structural.json	48.46	63654eecd537cda3
modern-en.structural.json	48.47	1c9dcee87cfc91dd
modern-en.structural.json	48.48	c457dd9e14b5c43a
modern-en.structural.json	48.49	8cccf064222af201
modern-en.structural.json	48.50	0ab0872a4b8181cb
modern-en.structural.json	49.title	a366a004ad0573f8
modern-en.structural.json	49.0	b093906ff1c7ca63
modern-en.structural.json	49.1	de4f81b8496c131d
modern-en.structural.json	49.2	6243927442634d03
modern-en.structural.json	49.3	14afdb1202f611ad
modern-en.structural.json	49.4	b8a5f5f47aa877a2
modern-en.structural.json	49.5	15ea957a647d2b84
modern-en.structural.json	49.6	c9428fa2e9c4e77e
modern-en.structural.json	49.7	f6af748f24bc1c59
modern-en.structural.json	49.8	9c089a2834070b60
modern-en.structural.json	50.title	4c460368549e1576
modern-en.structural.json	50.0	df1c497ea426e1c9
modern-en.structural.json	50.1	1b40197e0a027590
modern-en.structural.json	50.2	edec33eda5dccf8d
modern-en.structural.json	50.3	744d77707631cdd0
modern-en.structural.json	50.4	47e8427215cd29e6
modern-en.structural.json	50.5	bff3118d14e9ab81
modern-en.structural.json	50.6	ea74d0b830832d91
modern-en.structural.json	50.7	cf32f1fbd510395b
modern-en.structural.json	51.title	0fddcd71be404322
modern-en.structural.json	51.0	ac4ab6b78c174da2
modern-en.structural.json	51.1	c7feb4ea8947e4b5
modern-en.structural.json	51.2	5793b3e8d0de33e8
modern-en.structural.json	51.3	83bc1a977ed87f2b
modern-en.structural.json	51.4	b07c36f80de1d467
modern-en.structural.json	51.5	6d262baaa9f13b68
modern-en.structural.json	51.6	f2491e2b6b7faddd
modern-en.structural.json	51.7	f42c1c1496a0c2f1
modern-en.structural.json	51.8	01f31e7acc4759a3
modern-en.structural.json	51.9	0b5c92a8caf85637
modern-en.structural.json	51.10	301faa01fa4979ad
modern-en.structural.json	51.11	6655791894ebc79a
modern-en.structural.json	52.title	f0e1a7a70275d565
modern-en.structural.json	52.0	83ce4b12fdd287b4
modern-en.structural.json	52.1	5266d75dddf3028e
modern-en.structural.json	52.2	5c8fb0376ffa7689
modern-en.structural.json	52.3	2ea9be9993a111ad
modern-en.structural.json	52.4	2af8e889b53b9e1a
modern-en.structural.json	52.5	de8a021c01a1110c
modern-en.structural.json	52.6	e4d1ba00091e27a9
modern-en.structural.json	52.7	cfb9b963b012c5d6
modern-en.structural.json	53.title	5b808e0eed66bf24
modern-en.structural.json	53.0	2a81557aa7a84231
modern-en.structural.json	53.1	9f86ce28f24aa278
modern-en.structural.json	53.2	605c5bca7193ee33
modern-en.structural.json	53.3	afadbfce9465a8ac
modern-en.structural.json	53.4	ca69e734334fb016
modern-en.structural.json	53.5	0267c178074bdaa9
modern-en.structural.json	53.6	b0474132bbc1f6a3
modern-en.structural.json	53.7	d8ae57f170278e1b
modern-en.structural.json	53.8	c3ad306a53d5de70
modern-en.structural.json	54.title	d191bb8ef01bb35b
modern-en.structural.json	54.0	7351c37fb98c4087
modern-en.structural.json	54.1	a7e6ac2eca696867
modern-en.structural.json	54.2	90bdae87c83d5e74
modern-en.structural.json	54.3	6e6cd9aaa9042af6
modern-en.structural.json	54.4	1f4bbb644a9c3c05
modern-en.structural.json	54.5	bb73b0a9a33450b1
modern-en.structural.json	54.6	1aaef172823fa1bf
modern-en.structural.json	54.7	159883f13c826258
modern-en.structural.json	54.8	05de03b040d64533
modern-en.structural.json	54.9	a482ce987dfe9278
modern-en.structural.json	54.10	d223afa68498dcc3
modern-en.structural.json	54.11	b3dfcdd1898d0882
modern-en.structural.json	54.12	b5406bcf391b492b
modern-en.structural.json	54.13	61d18cfb18d0b9f1
modern-en.structural.json	54.14	ec8bbf0dd6da41be
modern-en.structural.json	54.15	015d65fe54a84a62
modern-en.structural.json	54.16	e6bc8d9436105f58
modern-en.structural.json	54.17	b24af3d63dcbc978
modern-en.structural.json	54.18	e62c4d0c6378b560
modern-en.structural.json	54.19	34d793f7c3f1df5d
modern-en.structural.json	54.20	5b59b0e03e737548
modern-en.structural.json	54.21	a209c76cbcb066b1
modern-en.structural.json	54.22	cbd44d810d204145
modern-en.structural.json	54.23	dc4079136b7bb098
modern-en.structural.json	54.24	423991e639db1266
modern-en.structural.json	54.25	3b4386dbef578e33
modern-en.structural.json	54.26	dca9d64bf2fc5249
modern-en.structural.json	54.27	5f991a7608650075
modern-en.structural.json	54.28	e74d565a37fbde4e
modern-en.structural.json	54.29	5e1fd2f1735d1000
modern-en.structural.json	54.30	8ea8aede0885a1bb
modern-en.structural.json	54.31	11e5ee786c6189b1
modern-en.structural.json	54.32	65bc39a3ed848f79
modern-en.structural.json	54.33	a9e7eda9acbfee6d
modern-en.structural.json	54.34	fd473caab0ea8278
modern-en.structural.json	54.35	78b40261b6228f2f
modern-en.structural.json	54.36	56f2ef3ef1143ef3
modern-en.structural.json	54.37	aa6b0723f0de8f2e
modern-en.structural.json	54.38	d12250e0196b0155
modern-en.structural.json	54.39	fce52dca0706bb04
modern-en.structural.json	54.40	8fa73edd1c18d843
modern-en.structural.json	54.41	9eeaeb9473ef5ef4
modern-en.structural.json	54.42	c31c3a6c066d699c
modern-en.structural.json	54.43	35a84faf99cf90b3
modern-en.structural.json	54.44	71ac2dab03d501cd
modern-en.structural.json	54.45	b2c655c22d5fe723
modern-en.structural.json	54.46	26a618ec5a78834b
modern-en.structural.json	54.47	507273742d670f44
modern-en.structural.json	54.48	da3bb137ffc91e06
modern-en.structural.json	54.49	512a8470437d352d
modern-en.structural.json	54.50	c7d2f844280e0a85
modern-en.structural.json	54.51	5291a6f806c11606
modern-en.structural.json	54.52	12098061d578c478
modern-en.structural.json	54.53	5e200f57bf58a9e8
modern-en.structural.json	54.54	e69d480c19413e3b
modern-en.structural.json	54.55	48702ff9ac436886
modern-en.structural.json	54.56	8113b36309289ea3
modern-en.structural.json	54.57	798838a90639e0a0
modern-en.structural.json	54.58	e9934eb91b6a5f87
modern-en.structural.json	54.59	62f917fc51df1e6e
modern-en.structural.json	54.60	fc598599e31c66fa
modern-en.structural.json	54.61	609938139fae75fe
modern-en.structural.json	54.62	ad474d41cae60927
modern-en.structural.json	54.63	66b9c17b45f7f78a
modern-en.structural.json	54.64	e51eecde3be50137
modern-en.structural.json	54.65	eb544423bbc058b2
modern-en.structural.json	54.66	6e634f1834d9e7fe
modern-en.structural.json	54.67	36c3981517fc96d6
modern-en.structural.json	54.68	1b5abd2f989171be
modern-en.structural.json	54.69	cb92c30ea21c5142
modern-en.structural.json	54.70	214efbcf4f29a363
modern-en.structural.json	54.71	72cce32bf4b00193
modern-en.structural.json	54.72	4fb60b86432f3cba
modern-en.structural.json	54.73	4011e4fe39de8f3d
modern-en.structural.json	54.74	2eee523aa070fd9e
modern-en.structural.json	54.75	51724b5142524809
modern-en.structural.json	54.76	83df1869a742ed44
modern-en.structural.json	54.77	c35e1c55a0e52399
modern-en.structural.json	54.78	4c493f35a20f0689
modern-en.structural.json	54.79	006495f063843cfb
modern-en.structural.json	54.80	a402fb6daf581505
modern-en.structural.json	54.81	12def04303bcace7
modern-en.structural.json	54.82	e0e7c8799bd7101d
modern-en.structural.json	54.83	ff97e4db9d215742
modern-en.structural.json	54.84	e0a23b116c260f10
modern-en.structural.json	54.85	4cc0ca8a93c609e0
modern-en.structural.json	54.86	6c84b5d4e4ca2640
modern-en.structural.json	54.87	26d59dcb5a7ed48a
modern-en.structural.json	54.88	66159a801fbf36da
modern-en.structural.json	54.89	1e944dff6c5bbffa
modern-en.structural.json	54.90	9d7ed0d89f67f932
modern-en.structural.json	54.91	d8465acbcbd916c7
modern-en.structural.json	54.92	cf4ec7e52f01bb65
modern-en.structural.json	54.93	1e8ff47ee16fb869
modern-en.structural.json	54.94	a9e737725501d593
modern-en.structural.json	54.95	ad48a0b25ba95e32
modern-en.structural.json	54.96	38da5db5a8786b12
modern-en.structural.json	54.97	4a0b260f1fc05673
modern-en.structural.json	54.98	6ef598cd9b9b3223
modern-en.structural.json	54.99	e8a822d8ee9593a8
modern-en.structural.json	54.100	59c3d3b79db4ba1e
modern-en.structural.json	54.101	19164f3a4a99b23b
modern-en.structural.json	54.102	c0e279104044a374
modern-en.structural.json	54.103	da781382dd9970d7
modern-en.structural.json	54.104	287a39e65b6d539f
modern-en.structural.json	54.105	6468c65e6a2c7679
modern-en.structural.json	54.106	0febe3314d3c175b
modern-en.structural.json	54.107	e785a0a5b42b43d9
modern-en.structural.json	54.108	14e74e58e46b35d4
modern-en.structural.json	54.109	9867767c6f7bba8a
modern-en.structural.json	54.110	8a5e39f26f7f861e
modern-en.structural.json	54.111	b6eb470e9ffc6b52
modern-en.structural.json	55.title	e741b82c2564e38a
modern-en.structural.json	55.0	4499774acd089314
modern-en.structural.json	55.1	82242d74a6fbc56d
modern-en.structural.json	55.2	fa9f680205b18872
modern-en.structural.json	55.3	8aee240fb0dad6a2
modern-en.structural.json	55.4	f82c48dd4114c4a0
modern-en.structural.json	55.5	1986b04d43b6316d
modern-en.structural.json	55.6	865861240617902f
modern-en.structural.json	55.7	fd4e2964157bff58
modern-en.structural.json	55.8	578a1b9a79879f43
modern-en.structural.json	55.9	2afaada01516a797
modern-en.structural.json	55.10	2231976d56152c4a
modern-en.structural.json	55.11	5d7d895df8b0c50b
modern-en.structural.json	55.12	967e322f1546a80b
modern-en.structural.json	55.13	b72966ebe6d05294
modern-en.structural.json	56.title	3a674fe2f1c5d700
modern-en.structural.json	56.0	97fec6013518bb4a
modern-en.structural.json	56.1	8d24ae14caaa332b
modern-en.structural.json	56.2	ac708180fc6ffbeb
modern-en.structural.json	56.3	8200a968bd3fc300
modern-en.structural.json	56.4	7dc2704f194c850e
modern-en.structural.json	56.5	6e2c1b61204b9616
modern-en.structural.json	56.6	82888bc27fc2ffe3
modern-en.structural.json	56.7	cf6505d64898b809
modern-en.structural.json	57.title	ec1ae29590b71453
modern-en.structural.json	57.0	06daddf89503abb0
modern-en.structural.json	57.1	cba96cfff2a4badb
modern-en.structural.json	57.2	67144bcc798250d2
modern-en.structural.json	57.3	849d3956c2324654
modern-en.structural.json	57.4	7990de72ce7215ac
modern-en.structural.json	57.5	14458032ef3f6d38
modern-en.structural.json	57.6	2751979fced8ae64
modern-en.structural.json	57.7	7887de22cbec76c5
modern-en.structural.json	57.8	a3c42536ac171bd0
modern-en.structural.json	57.9	705df4043a22222a
modern-en.structural.json	57.10	be62f3770e7be134
modern-en.structural.json	58.title	6e3d3f1fde3ecbbb
modern-en.structural.json	58.0	112d7d520cab9a38
modern-en.structural.json	58.1	e0e43ba12af34994
modern-en.structural.json	58.2	4bdfc986fda36266
modern-en.structural.json	58.3	56a0f25d1ee13285
modern-en.structural.json	58.4	bbef2c8506aa84e5
modern-en.structural.json	58.5	d366263043dcd4e7
modern-en.structural.json	58.6	47cbff5919ba2b70
modern-en.structural.json	58.7	96ba8df697312384
modern-en.structural.json	58.8	300a728ca5450111
modern-en.structural.json	58.9	601f9bc6c442c09a
modern-en.structural.json	58.10	2fb55da49e55d20b
modern-en.structural.json	58.11	c69ad5ec0ed365d2
modern-en.structural.json	59.title	abf3fb91f3fb4e36
modern-en.structural.json	59.0	e06af9c4246a88a6
modern-en.structural.json	59.1	5fc87bc9759f1cae
modern-en.structural.json	59.2	f3d21f341f91396a
modern-en.structural.json	59.3	d0e2cdae1f8ae615
modern-en.structural.json	59.4	fe7c583dfbb9eec8
modern-en.structural.json	59.5	471e4e99d8e1fe30
modern-en.structural.json	59.6	bc8fc6a2578c8408
modern-en.structural.json	59.7	6620d23c3b3abbb6
modern-en.structural.json	59.8	6ac5b263e5ae5e09
modern-en.structural.json	59.9	b53fecc62cda0216
modern-en.structural.json	59.10	06318e65d650e972
modern-en.structural.json	59.11	cd026c9ff214a2ea
modern-en.structural.json	59.12	35eb18fe4629a761
modern-en.structural.json	60.title	d41f36ca753b5e1f
modern-en.structural.json	60.0	957eb5b27815e890
modern-en.structural.json	60.1	fe59fea2657e6c3f
modern-en.structural.json	60.2	8187adb5e56a9fd6
modern-en.structural.json	60.3	bf696b3ca8cf6b90
modern-en.structural.json	60.4	0d6cc240e9815309
modern-en.structural.json	60.5	a049b8f870fb2beb
modern-en.structural.json	60.6	c83797dfd0a2a458
modern-en.structural.json	60.7	51d65442e4f7f56d
modern-en.structural.json	60.8	0275fc3c00f87e26
modern-en.structural.json	60.9	271c0a7341885d43
modern-en.structural.json	61.title	ec94b0a2932c3c19
modern-en.structural.json	61.0	a8fd9877b59af98e
modern-en.structural.json	61.1	3c3f4b2908e60468
modern-en.structural.json	61.2	a987d281b93c906d
modern-en.structural.json	61.3	75e0a03c2d63e2c1
modern-en.structural.json	61.4	570131804dd7e805
modern-en.structural.json	61.5	cae14ce04a372cd6
modern-en.structural.json	61.6	ea82f3835dbefa42
modern-en.structural.json	61.7	cface071a60ae863
modern-en.structural.json	61.8	0069eeaeb4bc2038
modern-en.structural.json	61.9	2f51530b2c76a908
modern-en.structural.json	61.10	583425d57e1fab3d
modern-en.structural.json	61.11	66f17cadad81235e
modern-en.structural.json	61.12	e28226f17716ea90
modern-en.structural.json	61.13	a5ce4ebf9f01b263
modern-en.structural.json	61.14	e713e01be12164f2
modern-en.structural.json	61.15	e93614756097a9ec
modern-en.structural.json	61.16	d2cd9aa514f638d5
modern-en.structural.json	61.17	567db4ec35ac404d
modern-en.structural.json	61.18	468c5f0bdd2e2969
modern-en.structural.json	61.19	82226b063db803b7
modern-en.structural.json	61.20	c81891934bcc37e4
modern-en.structural.json	61.21	d3e36ed61c0aef8c
modern-en.structural.json	61.22	674b2938bb55f5b7
modern-en.structural.json	61.23	68ce4c83b9b219b6
modern-en.structural.json	62.title	c415eaea648ca292
modern-en.structural.json	62.0	785c14ce86364ede
modern-en.structural.json	62.1	c890ce7560f37021
modern-en.structural.json	62.2	57476306523de0ef
modern-en.structural.json	62.3	b7308cb21f766a38
modern-en.structural.json	62.4	068893901fd9ced1
modern-en.structural.json	63.title	d4bee09bf5a53e16
modern-en.structural.json	63.0	0ee604ac2518154e
modern-en.structural.json	63.1	74c065035748eece
modern-en.structural.json	63.2	0870fc188297ea97
modern-en.structural.json	63.3	4edad0770837382f
modern-en.structural.json	63.4	3d031d7a6fe8ec70
modern-en.structural.json	64.title	1c7f1f3cc00759cd
modern-en.structural.json	64.0	7cc5e0cdfe6bf244
modern-en.structural.json	64.1	92b0440ac1b058ef
modern-en.structural.json	64.2	7bd2ecfbea4022fd
modern-en.structural.json	64.3	f8a23595f0892f4c
modern-en.structural.json	64.4	22640e3c9009b9af
modern-en.structural.json	64.5	5bdc91a23e246a92
modern-en.structural.json	64.6	2f776a0269bbb5da
modern-en.structural.json	64.7	791e6e3bb29ecb4d
modern-en.structural.json	64.8	43ebdedf72f23865
modern-en.structural.json	64.9	78f742d9e7de7bd8
modern-en.structural.json	64.10	d853b61100c175bd
modern-en.structural.json	64.11	fbfc49b166738f71
modern-en.structural.json	64.12	bdd897d33ccbe425
modern-en.structural.json	64.13	bc00b7beda121726
modern-en.structural.json	64.14	e7eb8ef7dcd2d50f
modern-en.structural.json	64.15	275765c01309952a
modern-en.structural.json	64.16	ac07286abf74275b
modern-en.structural.json	64.17	0767dbdafddaa1f3
modern-en.structural.json	64.18	040175e538028747
modern-en.structural.json	64.19	dfc2fccaca9c704e
modern-en.structural.json	64.20	5900f5583730e4b2
modern-en.structural.json	64.21	e04173bbe18c4973
modern-en.structural.json	64.22	57db565a9454637c
modern-en.structural.json	64.23	e0f15cd1b9e4d302
modern-en.structural.json	64.24	ab38281a280eee3f
modern-en.structural.json	64.25	cabfe1787da44fc8
modern-en.structural.json	64.26	49e7d5a38cd2dbc3
modern-en.structural.json	64.27	6d19f7e69fa97d2f
modern-en.structural.json	64.28	1799fc4ecbc61956
modern-en.structural.json	64.29	8c47c98f5fc507d4
modern-en.structural.json	64.30	af79f6cec9ec425c
modern-en.structural.json	64.31	d62e646fcc0df225
modern-en.structural.json	64.32	0be8a37f1199fb89
modern-en.structural.json	64.33	e1228e20208dccfc
modern-en.structural.json	64.34	68310b5561065a8f
modern-en.structural.json	64.35	fbc8eee8658422df
modern-en.structural.json	64.36	8f5adc293eb2df99
modern-en.structural.json	64.37	c693abd6b43226a9
modern-en.structural.json	64.38	cd8efbf3088fe88a
modern-en.structural.json	64.39	3f8655197cb2f188
modern-en.structural.json	64.40	1c1d674d72305b3e
modern-en.structural.json	64.41	6de1e52e3d92e4d5
modern-en.structural.json	64.42	83b7115690fe4c4f
modern-en.structural.json	64.43	560c7f82390da8b0
modern-en.structural.json	64.44	169bacf4e96855e3
modern-en.structural.json	64.45	120540eda7019c60
modern-en.structural.json	64.46	7d88057ac585f3c0
modern-en.structural.json	64.47	07cd24c3b8b3b530
modern-en.structural.json	64.48	205334469638d577
modern-en.structural.json	64.49	bf0808e3f7c6f2f6
modern-en.structural.json	64.50	1bf958581a0861de
modern-en.structural.json	64.51	559e0e8b2ca4d888
modern-en.structural.json	64.52	0afa33964470cabd
modern-en.structural.json	64.53	7a1c06e4870e8673
modern-en.structural.json	64.54	0e142cbf3980e648
modern-en.structural.json	64.55	31c5e9cfe8478755
modern-en.structural.json	64.56	bdbacbd30edbca19
modern-en.structural.json	64.57	fd07178581e21466
modern-en.structural.json	64.58	3f283e2c343db528
modern-en.structural.json	65.title	3826e29ae1521d80
modern-en.structural.json	65.0	df13c73e87986c84
modern-en.structural.json	65.1	b871ce2dd703fb04
modern-en.structural.json	65.2	1e091a86196d7bc3
modern-en.structural.json	65.3	6e8ec3c9ce6525bc
modern-en.structural.json	65.4	f7e25c96afa5b3b2
modern-en.structural.json	65.5	4f09705e1d9ce026
modern-en.structural.json	65.6	a61e228623d1955e
modern-en.structural.json	66.title	aea9f0a0c1b2cc15
modern-en.structural.json	66.0	706489faf8b2b4b7
modern-en.structural.json	66.1	ccf0e65561f05a5f
modern-en.structural.json	66.2	09d6957bc791894b
modern-en.structural.json	66.3	7d874741ca0e3c15
modern-en.structural.json	66.4	9e187f8aa85b3854
modern-en.structural.json	67.title	f627cee9b8046f0d
modern-en.structural.json	67.0	036f75dcd3dd72a7
modern-en.structural.json	67.1	02f762d51e6c307f
modern-en.structural.json	67.2	e357d8874baef9e4
modern-en.structural.json	68.title	94832f4825837e52
modern-en.structural.json	68.0	1b64b0b814365417
modern-en.structural.json	68.1	5a12861ed4132a92
modern-en.structural.json	68.2	ff5a7097368313af
modern-en.structural.json	68.3	b593aa58fe690048
modern-en.structural.json	68.4	23b270028648c40f
modern-en.structural.json	68.5	dd1ea94dd82547f6
modern-en.structural.json	68.6	877d499ecfc710ad
modern-en.structural.json	68.7	a331da7f5d638a49
modern-en.structural.json	69.title	d425dc10e8090ee6
modern-en.structural.json	69.0	a1d6706c32353ba5
modern-en.structural.json	69.1	1085d36d1c53e6e3
modern-en.structural.json	69.2	9eae594e9a0eece1
modern-en.structural.json	69.3	043fe2c0cd702a11
modern-en.structural.json	69.4	e12b41f38338d298
modern-en.structural.json	69.5	a6c963e48db3649d
modern-en.structural.json	70.title	8e7466d49faa10f2
modern-en.structural.json	70.0	28471262b37baa38
modern-en.structural.json	70.1	27e23f9722ab9614
modern-en.structural.json	70.2	a13c8a4f79dc22f2
modern-en.structural.json	70.3	7b9801964f48300d
modern-en.structural.json	70.4	d589fd3bd9426757
modern-en.structural.json	70.5	67b1d21e82d83894
modern-en.structural.json	70.6	6d0cb8f73e7e2d45
modern-en.structural.json	70.7	07dd2659dc84afbe
modern-en.structural.json	70.8	f5a5986fe9dae52b
modern-en.structural.json	70.9	99ecad11646afce4
modern-en.structural.json	70.10	f11a2bd8967ca8cb
modern-en.structural.json	71.title	646ea03f9f9e8f56
modern-en.structural.json	71.0	f7d48b0efbf75b8d
modern-en.structural.json	71.1	fff7912f1f494056
modern-en.structural.json	71.2	b5d2543168e1b5dc
modern-en.structural.json	71.3	564c3c2c1133b4cb
modern-en.structural.json	71.4	995f22a34e32fde4
modern-en.structural.json	71.5	89b0b883585114b2
modern-en.structural.json	71.6	dde1cec50f3b5e85
modern-en.structural.json	71.7	6b251014f88632eb
modern-en.structural.json	71.8	f586e91ea37c7a8a
modern-en.structural.json	71.9	342daf8367485de2
modern-en.structural.json	71.10	dfe0b87caeb9becf
modern-en.structural.json	71.11	ab8544db9b108a41
modern-en.structural.json	71.12	8d648215eb6e1b75
modern-en.structural.json	71.13	6ee51875bbf8f416
modern-en.structural.json	71.14	2bb3a03b25fc3bd2
modern-en.structural.json	71.15	239f443cd6c4bc54
modern-en.structural.json	71.16	2a5ca78f11d3d29f
modern-en.structural.json	71.17	b2ebaa43661be179
modern-en.structural.json	71.18	47811bbe51d00e88
modern-en.structural.json	71.19	e6b52cab5b4ed45d
modern-en.structural.json	71.20	cd2892f98b26d971
modern-en.structural.json	71.21	e736a22dce84f9ce
modern-en.structural.json	71.22	314d3d93cb1b265b
modern-en.structural.json	71.23	85a4a5dc1df083c7
modern-en.structural.json	71.24	d2f7f9cb925d46cd
modern-en.structural.json	71.25	562dfb36f288d9f4
modern-en.structural.json	71.26	9652b39dd961c7d2
modern-en.structural.json	71.27	258ef1ab3b828362
modern-en.structural.json	71.28	4dc9199cf3115a2b
modern-en.structural.json	72.title	58a8f53fc11f0183
modern-en.structural.json	72.0	1db3f3b6b0566598
modern-en.structural.json	72.1	cc37460efd3483db
modern-en.structural.json	72.2	8d0134d74b4077a6
modern-en.structural.json	72.3	8b899697fc8b6718
modern-en.structural.json	72.4	4b2c3dc00a4d8a0e
modern-en.structural.json	72.5	8b176908b666837a
modern-en.structural.json	72.6	f49a40956dee4119
modern-en.structural.json	72.7	219abb4d340c35c5
modern-en.structural.json	72.8	3f8315d3400b1f79
modern-en.structural.json	72.9	393b06d152980de5
modern-en.structural.json	72.10	a618c2a1244a22cf
modern-en.structural.json	72.11	1071ca7764c92a28
modern-en.structural.json	72.12	3aa6c3f708a0ed85
modern-en.structural.json	72.13	ed2121214e766ab6
modern-en.structural.json	72.14	e1184b94ed352c0f
modern-en.structural.json	72.15	bf0a8daea9373bec
modern-en.structural.json	72.16	052bb5ebc15100a6
modern-en.structural.json	72.17	7bb132710e3d45a6
modern-en.structural.json	72.18	65452fa37b949dbc
modern-en.structural.json	72.19	3673891c5f6f139d
modern-en.structural.json	73.title	19eafcc2d69759a2
modern-en.structural.json	73.0	3d5c185e12764e38
modern-en.structural.json	73.1	c3f4f2d6165f4e91
modern-en.structural.json	73.2	39a13a08208b613a
modern-en.structural.json	73.3	45996a23c7830c15
modern-en.structural.json	73.4	16c6e10d148f0e89
modern-en.structural.json	73.5	9e305f95e18579b6
modern-en.structural.json	73.6	8cbd883576a702e4
modern-en.structural.json	73.7	2dfb152c6975050d
modern-en.structural.json	73.8	e4ba1b99fb4425bd
modern-en.structural.json	73.9	4d3a618a452245c2
modern-en.structural.json	73.10	38ea16ab0b1d1737
modern-en.structural.json	73.11	a36dc43cec0b7c99
modern-en.structural.json	73.12	63ce8d8d68683aec
modern-en.structural.json	73.13	c593a44379a4ac7f
modern-en.structural.json	73.14	59a53915d4dd4db5
modern-en.structural.json	73.15	7ce795b8668dfe2a
modern-en.structural.json	73.16	9fd0c9c35baa00b8
modern-en.structural.json	73.17	e6c93d0a86bfaffd
modern-en.structural.json	73.18	be8fe5b38d890f65
modern-en.structural.json	73.19	3317c67d5a2f1b91
modern-en.structural.json	73.20	cded665a1dc571a2
modern-en.structural.json	73.21	c88ecd702c94e9f3
modern-en.structural.json	73.22	bb94d402aa6befe7
modern-en.structural.json	73.23	39c89ddf47fb4eb4
modern-en.structural.json	73.24	dd97031864c245c3
modern-en.structural.json	73.25	99b3a47378f10e36
modern-en.structural.json	73.26	0bb4d76dfe2a8117
modern-en.structural.json	73.27	e2b482e0bade3c16
modern-en.structural.json	73.28	57daf8a707c75370
modern-en.structural.json	73.29	1e167ee2b7dc8d63
modern-en.structural.json	73.30	0dcaff76bb0a1e9e
modern-en.structural.json	73.31	4b5bd4a7fab401c0
modern-en.structural.json	73.32	9812c80a4d9a71a9
modern-en.structural.json	73.33	1c071554826ca428
modern-en.structural.json	73.34	cb6256bf028a0eb7
modern-en.structural.json	73.35	a6cca90e071c18a3
modern-en.structural.json	73.36	927344ec69719b37
modern-en.structural.json	73.37	27fd56e5a981b661
modern-en.structural.json	73.38	a970f1349f63b33e
modern-en.structural.json	73.39	426665858889de46
modern-en.structural.json	73.40	c301b9368ce9ce84
modern-en.structural.json	73.41	e443f4285358d2e5
modern-en.structural.json	74.title	066eef6b06d8b8a0
modern-en.structural.json	74.0	eacb96231e853988
modern-en.structural.json	74.1	ac0ae459ca94e80d
modern-en.structural.json	74.2	6a06b7629227f864
modern-en.structural.json	74.3	f0a083b561b4b308
modern-en.structural.json	74.4	93846f53405d817d
modern-en.structural.json	74.5	ffdecce3fb970ab4
modern-en.structural.json	74.6	77cf5b8ab4b243a6
modern-en.structural.json	74.7	fc543b1291903d48
modern-en.structural.json	74.8	9b903139317f25f1
modern-en.structural.json	74.9	c5c64c96e6bca199
modern-en.structural.json	74.10	2231dd820367a7af
modern-en.structural.json	74.11	7c201dabb4b3a7e0
modern-en.structural.json	74.12	cffcbbd8d5b768ba
modern-en.structural.json	74.13	be75724282c901db
modern-en.structural.json	75.title	0ac87ffa2e30a8a0
modern-en.structural.json	75.0	a5d469adbc94325a
modern-en.structural.json	75.1	9cd7cc5aa13ab4c3
modern-en.structural.json	75.2	e18d5000a1519abd
modern-en.structural.json	75.3	56fb5db075803c61
modern-en.structural.json	75.4	e5b74e1c9a160825
modern-en.structural.json	75.5	b40ddb7d51e82917
modern-en.structural.json	75.6	024f29fd84be4aca
modern-en.structural.json	75.7	19b3f39d25cbfd05
modern-en.structural.json	75.8	ae7e159c934f8a28
modern-en.structural.json	75.9	bda59e41acf4b116
modern-en.structural.json	75.10	299f814dbd4d70ec
modern-en.structural.json	76.title	ea221d71ec3ada6b
modern-en.structural.json	76.0	5c6f3afe6f0cdec9
modern-en.structural.json	76.1	20d8e3bdea0db64e
modern-en.structural.json	76.2	e12749cd83de9556
modern-en.structural.json	76.3	ee2c4c89de0d3345
modern-en.structural.json	77.title	2140591e2073db72
modern-en.structural.json	77.0	6f7b3f81939e3f18
modern-en.structural.json	77.1	4b5ad2112d9805a6
modern-en.structural.json	77.2	3aa39cced934a98d
modern-en.structural.json	77.3	e0f9ada13b4191dc
modern-en.structural.json	77.4	7858d1bc198ef2b6
modern-en.structural.json	77.5	04422eaa6391186e
modern-en.structural.json	77.6	ee8562f2bde09703
modern-en.structural.json	77.7	f7a701bd73367fb1
modern-en.structural.json	78.title	8cf62c7b44075b30
modern-en.structural.json	78.0	264154345eef1111
modern-en.structural.json	78.1	92e22ad25e763505
modern-en.structural.json	78.2	171405690b654951
modern-en.structural.json	78.3	3647382f2d34303d
modern-en.structural.json	78.4	4f615d4381cfb949
modern-en.structural.json	78.5	cde59d1ac63d4b10
modern-en.structural.json	78.6	fc9c91e8608bd949
modern-en.structural.json	78.7	8b09ee13959db101
modern-en.structural.json	78.8	f8ea1c6c1efbc0fa
modern-en.structural.json	78.9	c4a763c0fb123cab
modern-en.structural.json	78.10	342ac47344121831
modern-en.structural.json	78.11	4c02d9d8cb878dbf
modern-en.structural.json	78.12	69944bca645b100b
modern-en.structural.json	78.13	00cac4d7182fd749
modern-en.structural.json	78.14	5aaf5caac21addfc
modern-en.structural.json	79.title	14b3e01a2dd7d200
modern-en.structural.json	79.0	aac8dc6ccb20cf96
modern-en.structural.json	79.1	6f1eedb22cc4bbdc
modern-en.structural.json	79.2	52b760fbc7b8f108
modern-en.structural.json	79.3	fc2c1a9376485952
modern-en.structural.json	79.4	d3aaaf2daa05c028
modern-en.structural.json	79.5	45566cef1f26b66f
modern-en.structural.json	80.title	1f4ef117b2c7f4df
modern-en.structural.json	80.0	5f17e6dc0f4deb65
modern-en.structural.json	80.1	11b011f97035c6ef
modern-en.structural.json	80.2	85ca028c5fa8a635
modern-en.structural.json	80.3	1efa65403493768f
modern-en.structural.json	80.4	ade25afa62877b65
modern-en.structural.json	80.5	7482e1d54fb1e6b6
modern-en.structural.json	80.6	90f58038df26f0d9
modern-en.structural.json	81.title	1bd4e49caddb05d2
modern-en.structural.json	81.0	d62903ead2deb78e
modern-en.structural.json	81.1	cb8a7e86f39ae3b2
modern-en.structural.json	81.2	a39d07355975999d
modern-en.structural.json	81.3	8dd1671923a37b6e
modern-en.structural.json	81.4	5e5ba57ea19e7d20
modern-en.structural.json	81.5	047a9022e699686c
modern-en.structural.json	81.6	fa3ffd67eb78706a
modern-en.structural.json	81.7	65acd4bfd9c4bd50
modern-en.structural.json	81.8	2f302b15e81daa2e
modern-en.structural.json	81.9	eb93a4f71ff70f4e
modern-en.structural.json	81.10	c9ec6cc20c3e8e6d
modern-en.structural.json	81.11	b30edf0572471ecc
modern-en.structural.json	81.12	ec2c688b2e990531
modern-en.structural.json	81.13	fea2d9d139f1cc71
modern-en.structural.json	81.14	6f275dbf0c9cb1a4
modern-en.structural.json	81.15	b56d1ab7d757685d
modern-en.structural.json	81.16	35807a26fcb72c34
modern-en.structural.json	81.17	70b1249c2a6195d8
modern-en.structural.json	81.18	0573d6c58056adec
modern-en.structural.json	81.19	82c10b7560da7873
modern-en.structural.json	81.20	c9d107bd4feba039
modern-en.structural.json	81.21	4678770764a200bc
modern-en.structural.json	81.22	aa1beeb899a312bb
modern-en.structural.json	81.23	930f3e47d2858447
modern-en.structural.json	81.24	b449bdb9e8932ae4
modern-en.structural.json	81.25	e9d57e73121c0d2b
modern-en.structural.json	81.26	7f7b4d75a652c14d
modern-en.structural.json	81.27	7aebd695b023fb40
modern-en.structural.json	81.28	3836b5ea9d7fceca
modern-en.structural.json	81.29	52a8cfaa2543136d
modern-en.structural.json	81.30	ae57286d13da7ccc
modern-en.structural.json	81.31	c289db864c79bb2d
modern-en.structural.json	81.32	44f6b2fe9b660824
modern-en.structural.json	81.33	745430215263b2f7
modern-en.structural.json	81.34	eaedde265de9117f
modern-en.structural.json	81.35	84b57ea4da7f3a12
modern-en.structural.json	81.36	50c900a62e536997
modern-en.structural.json	81.37	46844fb4f2d8f2e0
modern-en.structural.json	81.38	2aa13cd7deb36410
modern-en.structural.json	81.39	d066980fd7470013
modern-en.structural.json	81.40	5ca1f30317648b2f
modern-en.structural.json	81.41	6af90ba1e31c88dc
modern-en.structural.json	81.42	b5f42452983e786e
modern-en.structural.json	81.43	e153b76e47592b4b
modern-en.structural.json	81.44	6c5df259cfc45b03
modern-en.structural.json	81.45	37d1bd366577e744
modern-en.structural.json	81.46	bbc33710b4e2dba2
modern-en.structural.json	81.47	63a87e0cb7c50010
modern-en.structural.json	82.title	c7447d6272e812ba
modern-en.structural.json	82.0	30d80769b653efc1
modern-en.structural.json	82.1	c51e6e1d120b2c22
modern-en.structural.json	82.2	f6d862e5149e7398
modern-en.structural.json	82.3	1d828e1454678e6c
modern-en.structural.json	82.4	b64485355210e263
modern-en.structural.json	82.5	d5832f875a0e1489
modern-en.structural.json	82.6	aad0e544a769c060
modern-en.structural.json	82.7	99e0e58d0791acf9
modern-en.structural.json	82.8	0cad230644112302
modern-en.structural.json	83.title	8e6c79a931cc2637
modern-en.structural.json	83.0	8518486f531f219a
modern-en.structural.json	83.1	28ca81d471b6853b
modern-en.structural.json	83.2	db5860c5ab9fdd29
modern-en.structural.json	83.3	0e95792bc78f1542
modern-en.structural.json	83.4	5b6b886d7b8844bd
modern-en.structural.json	84.title	5391ce9e3497ecd3
modern-en.structural.json	84.0	a8ee790f7ceea8da
modern-en.structural.json	84.1	6f329db9303ee94b
modern-en.structural.json	84.2	78906d97d1b10ff6
modern-en.structural.json	84.3	b3f70410b5e6dd98
modern-en.structural.json	84.4	c6b128567e821e99
modern-en.structural.json	84.5	cd2616b38c6efb05
modern-en.structural.json	84.6	3d241ff9ae377035
modern-en.structural.json	84.7	6aef231a5ba21346
modern-en.structural.json	85.title	7f7b2503fa6d1c1c
modern-en.structural.json	85.0	d2c12eaedda9d0b1
modern-en.structural.json	85.1	07ae3aa0f1e641ec
modern-en.structural.json	85.2	48ec6871910a0f02
modern-en.structural.json	85.3	8a77954a677a9e67
modern-en.structural.json	85.4	0badd17a1f5f507e
modern-en.structural.json	85.5	d451d99b189ff4d2
modern-en.structural.json	85.6	1e7f1d4af883ba68
modern-en.structural.json	85.7	d8b9c20c4173429e
modern-en.structural.json	85.8	1de31d93ec46732f
modern-en.structural.json	85.9	2ee652a9fc582b62
modern-en.structural.json	85.10	46447b4bd0e318a4
modern-en.structural.json	85.11	254a576379935832
modern-en.structural.json	86.title	56de011e6d9f00ea
modern-en.structural.json	86.0	9b74196add023c6a
modern-en.structural.json	86.1	a78b7fdddf11cc4c
modern-en.structural.json	86.2	0b5f85cf899426d7
modern-en.structural.json	86.3	635b022ac1480a47
modern-en.structural.json	86.4	091b1dbbaa688435
modern-en.structural.json	86.5	533b3d5cb0a5505d
modern-en.structural.json	86.6	8a3046d0110f753e
modern-en.structural.json	86.7	dce15768487523ea
modern-en.structural.json	86.8	b63cbb724f977532
modern-en.structural.json	86.9	25491e45114b5a2a
modern-en.structural.json	86.10	8c1b06576982ee6a
modern-en.structural.json	86.11	4faac09610dc6e70
modern-en.structural.json	86.12	d10e1196f463e16a
modern-en.structural.json	86.13	31a390d6dee94967
modern-en.structural.json	86.14	1d33205d164a2328
modern-en.structural.json	87.title	ec4cfd5e36840209
modern-en.structural.json	87.0	dde422d2c2969dbd
modern-en.structural.json	87.1	9c26699690cc8e35
modern-en.structural.json	87.2	42ac26e29ca7285d
modern-en.structural.json	87.3	62bcb68498f76961
modern-en.structural.json	87.4	e490a3447d605813
modern-en.structural.json	87.5	61dc776edf120015
modern-en.structural.json	87.6	f8564018ef265507
modern-en.structural.json	87.7	81ac0eeec7d20eea
modern-en.structural.json	87.8	9e93039bd0a4db9e
modern-en.structural.json	87.9	d3ac57dcd35785a6
modern-en.structural.json	87.10	d8bbb2e14fca1fb6
modern-en.structural.json	87.11	984f755292a60c54
modern-en.structural.json	87.12	4b51c8566a293f99
modern-en.structural.json	87.13	429f19f3b8309d68
modern-en.structural.json	87.14	313fb5728bda1b41
modern-en.structural.json	87.15	e17936e8d14572c2
modern-en.structural.json	87.16	e58a239873203635
modern-en.structural.json	87.17	23b463c958470ad7
modern-en.structural.json	87.18	157f5e37ef2a401b
modern-en.structural.json	87.19	6910e383e2ffc403
modern-en.structural.json	87.20	516e265dc666f1b9
modern-en.structural.json	87.21	ad659c45f7828913
modern-en.structural.json	87.22	28f3eae8d88652ec
modern-en.structural.json	87.23	8f6d1248f2069557
modern-en.structural.json	87.24	b6dcd0a944babbdb
modern-en.structural.json	87.25	20f78a5e83d1ee9b
modern-en.structural.json	87.26	fdfbd9047f4ecb81
modern-en.structural.json	87.27	3ff323311e2af129
modern-en.structural.json	87.28	0209d3633acdec43
modern-en.structural.json	87.29	6c1c7100517799b1
modern-en.structural.json	87.30	7f1efac8eb949a1d
modern-en.structural.json	87.31	eb9dfc612e9a2eb4
modern-en.structural.json	87.32	e3d08fb4d3e6cb18
modern-en.structural.json	87.33	72415dc277e12ec1
modern-en.structural.json	87.34	c24b3d875673d635
modern-en.structural.json	88.title	f7719b8ea6cf53ad
modern-en.structural.json	88.0	4acb0b1c613b2b66
modern-en.structural.json	88.1	653101bb9d79aa5d
modern-en.structural.json	88.2	74e23b39f8683761
modern-en.structural.json	88.3	ec9ce05d658e4377
modern-en.structural.json	88.4	35381eddb2ea28db
modern-en.structural.json	88.5	cb59c3b186b621ac
modern-en.structural.json	88.6	2d2e3f2707e44ff5
modern-en.structural.json	88.7	3736412103e6fb33
modern-en.structural.json	88.8	3783bc5dfd2cd276
modern-en.structural.json	88.9	77bfa53ccaf0987d
modern-en.structural.json	88.10	47f1191f4438dd64
modern-en.structural.json	89.title	fea5b953c23386a7
modern-en.structural.json	89.0	b702eb97823480e9
modern-en.structural.json	89.1	6a2c9e97092f6a7e
modern-en.structural.json	89.2	c82183f5ef9b6cdf
modern-en.structural.json	89.3	89970ae704f42a9c
modern-en.structural.json	89.4	afb3690a06085a0f
modern-en.structural.json	89.5	0d52066097028903
modern-en.structural.json	89.6	b989ecc5ac28a108
modern-en.structural.json	89.7	36126d01e03bfc8e
modern-en.structural.json	89.8	056d114730ef3837
modern-en.structural.json	89.9	b43ebcb2a3cd3293
modern-en.structural.json	89.10	260ea043e6ff31dc
modern-en.structural.json	89.11	3c28cb040837f881
modern-en.structural.json	89.12	93838a6ca4d40f60
modern-en.structural.json	89.13	3b76786ab35a7f04
modern-en.structural.json	89.14	fe8539b17c97ce89
modern-en.structural.json	89.15	1b7124daae122aa0
modern-en.structural.json	89.16	395673d1db0301a1
modern-en.structural.json	90.title	2e9a3b538cbb84c2
modern-en.structural.json	90.0	60c0682d0561a641
modern-en.structural.json	90.1	7a624536689c5381
modern-en.structural.json	90.2	6097fc1815cffaa8
modern-en.structural.json	90.3	cd484dadaa8e6827
modern-en.structural.json	90.4	7d67ad8433a75b9f
modern-en.structural.json	90.5	0899c82704c90028
modern-en.structural.json	90.6	dee94640ea509c32
modern-en.structural.json	90.7	81fabefa9c0ac8d0
modern-en.structural.json	90.8	3141030be56ba05b
modern-en.structural.json	90.9	81fabefa9c0ac8d0
modern-en.structural.json	90.10	c57c57478349fd03
modern-en.structural.json	90.11	81fabefa9c0ac8d0
modern-en.structural.json	90.12	304ca42381304f1a
modern-en.structural.json	90.13	81fabefa9c0ac8d0
modern-en.structural.json	90.14	0acb282a1fea807b
modern-en.structural.json	90.15	81fabefa9c0ac8d0
modern-en.structural.json	90.16	24b67dd016ccde28
modern-en.structural.json	90.17	3dc3338657df9a3f
modern-en.structural.json	90.18	276238a6305048e8
modern-en.structural.json	90.19	64f67d5d55a94c26
modern-en.structural.json	90.20	289e06e406ca3a81
modern-en.structural.json	91.title	4cccfd76fe3cbe68
modern-en.structural.json	91.0	0f1cb7b45cb43b6a
modern-en.structural.json	91.1	70edfb00cb3d8f3c
modern-en.structural.json	91.2	c579be0877a47e8c
modern-en.structural.json	91.3	3e27f8742dcc51e8
modern-en.structural.json	91.4	c9fcae892e963f93
modern-en.structural.json	91.5	621fedcd887d27f6
modern-en.structural.json	91.6	e8377c26cd8aecca
modern-en.structural.json	91.7	51918d8f9438e82e
modern-en.structural.json	91.8	038ec0ef01ed5ab8
modern-en.structural.json	91.9	ada0dd129d5f316a
modern-en.structural.json	91.10	ef8c6898d976c50d
modern-en.structural.json	91.11	53d23e37b6dd0eff
modern-en.structural.json	91.12	c8811017898c6b01
modern-en.structural.json	91.13	4012ff15c1ac458c
modern-en.structural.json	91.14	53f6cfab1de9f8b1
modern-en.structural.json	91.15	4a8068f7c155b871
modern-en.structural.json	91.16	c1e98a302133fe18
modern-en.structural.json	91.17	1e10c2d753b9562b
modern-en.structural.json	91.18	0f4b1ff7beb169b0
modern-en.structural.json	91.19	4ec322c80fe53d8c
modern-en.structural.json	91.20	e17279ab0051da5e
modern-en.structural.json	91.21	65be3a31e898d5d9
modern-en.structural.json	91.22	21ea0480396a2f26
modern-en.structural.json	91.23	1c668d289b9786f1
modern-en.structural.json	91.24	1a7536360b61e627
modern-en.structural.json	91.25	6c7b7e19200ddd8d
modern-en.structural.json	91.26	25e1172cad5f0401
modern-en.structural.json	91.27	528434a17b2905c3
modern-en.structural.json	91.28	e450823e0e307ec2
modern-en.structural.json	91.29	32b95c1cf64f0967
modern-en.structural.json	91.30	85ea41772dbe6f4d
modern-en.structural.json	91.31	6d5d3d62ea9a3241
modern-en.structural.json	91.32	d7f79a2ba3dc8a18
modern-en.structural.json	91.33	9ae3b6143f800679
modern-en.structural.json	91.34	fd4caf6f8df756b2
modern-en.structural.json	91.35	06131f28d4b48e2e
modern-en.structural.json	91.36	3beb0bcb320353ed
modern-en.structural.json	91.37	c74602e157c630a7
modern-en.structural.json	91.38	801093e28b76e732
modern-en.structural.json	91.39	e4df8e0a5b0c394e
modern-en.structural.json	91.40	6cba74c8c3d85953
modern-en.structural.json	91.41	56e9456325f777ef
modern-en.structural.json	91.42	f3efbcb8aa61bce1
modern-en.structural.json	91.43	4573b32c0abd9576
modern-en.structural.json	91.44	b9ac6df74a76aaa4
modern-en.structural.json	91.45	0435950c9b5b2606
modern-en.structural.json	91.46	30e14b6fb37abb55
modern-en.structural.json	91.47	2d8627378876bd1e
modern-en.structural.json	91.48	e88a462116a98d70
modern-en.structural.json	91.49	2d6491e340e2a5df
modern-en.structural.json	92.title	3c2087749588c215
modern-en.structural.json	92.0	298eaafe4b914e74
modern-en.structural.json	92.1	f5965a0ff3e362f6
modern-en.structural.json	92.2	076158cda7d068b1
modern-en.structural.json	92.3	a1e38ebb3614e081
modern-en.structural.json	92.4	a61b4287c553c6d2
modern-en.structural.json	92.5	06808fd1bf830cca
modern-en.structural.json	92.6	b8f0feecc638b385
modern-en.structural.json	93.title	29f1c04fae937594
modern-en.structural.json	93.0	add006fca7e5354d
modern-en.structural.json	93.1	422d08cf7e83167a
modern-en.structural.json	93.2	d3e162c0daab5134
modern-en.structural.json	93.3	c99cd2b7f2078e78
modern-en.structural.json	93.4	bc417497f8ab6193
modern-en.structural.json	93.5	12c03968f8f99699
modern-en.structural.json	93.6	bcbed1e60384393c
modern-en.structural.json	93.7	e37aab3ca733386c
modern-en.structural.json	93.8	c41e207a443d8c77
modern-en.structural.json	93.9	bc45d50b250788ce
modern-en.structural.json	93.10	53e7e461cad53df5
modern-en.structural.json	93.11	4e556d439551f234
modern-en.structural.json	93.12	ccf029852ef42405
modern-en.structural.json	93.13	238afde4fc9d207f
modern-en.structural.json	94.title	a3fc9fcf0ca26666
modern-en.structural.json	94.0	f0eb50381febfcde
modern-en.structural.json	94.1	6748eb56d6b58f63
modern-en.structural.json	94.2	74dac10fc7643dde
modern-en.structural.json	94.3	fca17ba1262513b9
modern-en.structural.json	94.4	f05867f4cd107efe
modern-en.structural.json	94.5	6f4963c1aa406f4f
modern-en.structural.json	94.6	90fc0aa9a0ed367b
modern-en.structural.json	94.7	dd092c0698b950fc
modern-en.structural.json	94.8	a4ad35c78aa46010
modern-en.structural.json	94.9	42bd5c556653c026
modern-en.structural.json	94.10	5a3ea6162d64195c
modern-en.structural.json	94.11	b628481e4764fa00
modern-en.structural.json	94.12	1dc4f62fcfac2331
modern-en.structural.json	95.title	caa67318ac2de9b1
modern-en.structural.json	95.0	27dcf19f8331e9b7
modern-en.structural.json	95.1	4aa9ec74b46a55c3
modern-en.structural.json	95.2	86dab848e52f48b2
modern-en.structural.json	95.3	043cb551e13c93f3
modern-en.structural.json	96.title	b98fcb7f608c23f3
modern-en.structural.json	96.0	9c30b8c8a7806ea2
modern-en.structural.json	96.1	a4932fda2821af66
modern-en.structural.json	96.2	f4232ef922ce3a9e
modern-en.structural.json	96.3	0282b76de8f8c3dd
modern-en.structural.json	96.4	6bbea2ce13d912a5
modern-en.structural.json	96.5	ddb6da7d8d7188f6
modern-en.structural.json	96.6	2d6b478e6b2219e4
modern-en.structural.json	96.7	2f7201e49e677470
modern-en.structural.json	96.8	ca2750e4b40382c5
modern-en.structural.json	96.9	8ed4e1322a24bf5c
modern-en.structural.json	96.10	0bef40bbd13ffd64
modern-en.structural.json	96.11	df16468832cdec79
modern-en.structural.json	97.title	93cb647cff17c4ed
modern-en.structural.json	97.0	d547b09ae14b8e75
modern-en.structural.json	97.1	dc6623ebd18cb89d
modern-en.structural.json	97.2	1b43a7083fab015b
modern-en.structural.json	98.title	0f74c586379d3f59
modern-en.structural.json	98.0	1c9cc143fbbc4f79
modern-en.structural.json	98.1	4cd8b38caa80d26f
modern-en.structural.json	98.2	842526a274ccc43d
modern-en.structural.json	98.3	7cea346748d95590
modern-en.structural.json	98.4	1a74cdb05dc86bff
modern-en.structural.json	98.5	7460fa6069de8eee
modern-en.structural.json	98.6	e2665f21550c78f8
modern-en.structural.json	98.7	08b990e7ac852a37
modern-en.structural.json	99.title	5107c76eb1db7941
modern-en.structural.json	99.0	f6e1b2d5b973176c
modern-en.structural.json	99.1	0197252110714e34
modern-en.structural.json	99.2	f2818f8c65fc4867
modern-en.structural.json	99.3	405221de1007d5fc
modern-en.structural.json	99.4	d7a2c93c7a51217f
modern-en.structural.json	99.5	66e1004e5b61a871
modern-en.structural.json	99.6	320e38fef25ad8d3
modern-en.structural.json	99.7	e789be7ef1f64b40
modern-en.structural.json	99.8	448beb2f6101ad19
modern-en.structural.json	99.9	98cc2aff27b90836
modern-en.structural.json	99.10	3f5947ab3a8879ac
modern-en.structural.json	99.11	fcd91805b6a84fff
modern-en.structural.json	99.12	4a9980765f6bf883
modern-en.structural.json	99.13	1ea5f1aaec3fcb43
modern-en.structural.json	99.14	e92778bac2fac2f9
modern-en.structural.json	99.15	1ea5f1aaec3fcb43
modern-en.structural.json	99.16	3550125ff592c0a9
modern-en.structural.json	99.17	1ea5f1aaec3fcb43
modern-en.structural.json	99.18	a2edd40fcb27232f
modern-en.structural.json	99.19	a75456462e9dfa52
modern-en.structural.json	99.20	f5c9cf3b0ce0201e
modern-en.structural.json	99.21	b1436b148ae0429c
modern-en.structural.json	100.title	c50184e234f1d632
modern-en.structural.json	100.0	983b93486729b591
modern-en.structural.json	100.1	b5c2f3c52455ede2
modern-en.structural.json	100.2	244d43142eafb2a6
modern-en.structural.json	100.3	f82c288df014371b
modern-en.structural.json	100.4	ac26dab2b9014e02
modern-en.structural.json	100.5	c431d9c5b6ba187a
modern-en.structural.json	100.6	85007f46970aa3aa
modern-en.structural.json	100.7	1ce3ec8a14023c77
modern-en.structural.json	100.8	e44b794bb797c0cf
modern-en.structural.json	100.9	98b9c5c77fc2a215
modern-en.structural.json	100.10	fa5aa608cc32ea97
modern-en.structural.json	100.11	2f7c45e5072308cd
modern-en.structural.json	100.12	53186df9401c1603
modern-en.structural.json	100.13	50fcb45d0d15f2e4
modern-en.structural.json	100.14	6ed6c15dd443c652
modern-en.structural.json	100.15	c69fae8303e09de4
modern-en.structural.json	100.16	cf150cfa92eaf913
modern-en.structural.json	100.17	dcbd6ef26bc14a5a
modern-en.structural.json	100.18	57f6808ea369d8f7
modern-en.structural.json	100.19	b66da2373720bc91
modern-en.structural.json	100.20	0a74aca4d331dfae
modern-en.structural.json	100.21	f2678fcd3c9629c2
modern-en.structural.json	100.22	2170740c8690e931
modern-en.structural.json	100.23	685cac04f7d7b53b
modern-en.structural.json	100.24	68e88eed933aebfe
modern-en.structural.json	100.25	688449fee00db900
modern-en.structural.json	100.26	792c9e260fca4332
modern-en.structural.json	100.27	71b9806d1622cd2e
modern-en.structural.json	100.28	61e637b35d3991f9
modern-en.structural.json	100.29	77f5b6927c92ed26
modern-en.structural.json	100.30	9fd37eb6e915633e
modern-en.structural.json	100.31	f6f1c08c91c17afa
modern-en.structural.json	100.32	f086d1fed6fec08d
modern-en.structural.json	100.33	4d9af6f2f8d9e4ef
modern-en.structural.json	100.34	c2b26be26df4e3a2
modern-en.structural.json	100.35	e9640694ed6af006
modern-en.structural.json	100.36	2642a5e184f8c388
modern-en.structural.json	100.37	b0aad997f99ec933
modern-en.structural.json	100.38	a8f02c4788411f28
modern-en.structural.json	100.39	41ab7d0bb2d0205f
modern-en.structural.json	100.40	87dfb3e15614d039
modern-en.structural.json	100.41	f1e60d753d70f501
modern-en.structural.json	100.42	ad487258baa440ad
modern-en.structural.json	101.title	44c9dd642b41201d
modern-en.structural.json	101.0	4e031e2a5e05c706
modern-en.structural.json	101.1	f6a83512e5f7b3c6
modern-en.structural.json	101.2	96d540c7958422f9
modern-en.structural.json	101.3	f76c93b753bd4cd5
modern-en.structural.json	101.4	eade01b11caf84b6
modern-en.structural.json	101.5	c65c9c841cb8c04f
modern-en.structural.json	101.6	26a646322f649889
modern-en.structural.json	101.7	24208073448fb34a
modern-en.structural.json	101.8	b128926bd158f911
modern-en.structural.json	101.9	1a4c87642137b6a0
modern-en.structural.json	101.10	3d5487c79e16ea79
modern-en.structural.json	101.11	36b26099393cbf7e
modern-en.structural.json	101.12	aa15e49db27f8307
modern-en.structural.json	102.title	0e07d518edefa0d2
modern-en.structural.json	102.0	d6215de57c0c380b
modern-en.structural.json	102.1	1df7b3e85d0a7767
modern-en.structural.json	102.2	35a61bacca03cb05
modern-en.structural.json	102.3	cfff48ed3d7bf30b
modern-en.structural.json	102.4	dcaed9e4076a041b
modern-en.structural.json	102.5	cb66e29d033eb9c4
modern-en.structural.json	102.6	3449a5d27639c7b6
modern-en.structural.json	102.7	ce2fe5e92df5769a
modern-en.structural.json	102.8	9bba174cee26a02e
modern-en.structural.json	102.9	ba558045476a5fcc
modern-en.structural.json	102.10	49074a411b9c258b
modern-en.structural.json	102.11	2c2505a023544104
modern-en.structural.json	102.12	b69e2a5298804ec6
modern-en.structural.json	102.13	e54d7966fd925e43
modern-en.structural.json	103.title	d0ee3ee17f8e8337
modern-en.structural.json	103.0	ceb9e77bda6d93aa
modern-en.structural.json	103.1	b8a41b2e56dbfcb0
modern-en.structural.json	103.2	5939f9cc308ed702
modern-en.structural.json	103.3	cccbd21b5eb936ad
modern-en.structural.json	103.4	ffee206489b4cbd7
modern-en.structural.json	103.5	0fc200f17a5ebd1b
modern-en.structural.json	103.6	095fed0e507100d7
modern-en.structural.json	103.7	5761338ddc45db2d
modern-en.structural.json	103.8	eacb13b59f863091
modern-en.structural.json	103.9	dd35172277c8725d
modern-en.structural.json	103.10	6bbb14f6229b76af
modern-en.structural.json	104.title	12ddead7285450a1
modern-en.structural.json	104.0	3d6c621edac1c533
modern-en.structural.json	104.1	d8b8525dffe36d1e
modern-en.structural.json	104.2	c55f83ee30713f39
modern-en.structural.json	104.3	a5b1826b40b42e00
modern-en.structural.json	104.4	c4203fa052370979
modern-en.structural.json	104.5	a1d9081e86e159c5
modern-en.structural.json	104.6	f74d918bfc8086e5
modern-en.structural.json	104.7	3a6c427e565ae0ee
modern-en.structural.json	104.8	b7d65f833b1013d4
modern-en.structural.json	104.9	c8fe9cff6795738c
modern-en.structural.json	104.10	023f9ce226812ae7
modern-en.structural.json	105.title	677fdae65bc24bff
modern-en.structural.json	105.0	d9e152773a6270ca
modern-en.structural.json	105.1	02f6cbcfdb72dd3a
modern-en.structural.json	105.2	cdefbea5d44c0da3
modern-en.structural.json	105.3	2beaaa860c920df3
modern-en.structural.json	105.4	1a0d8025e0b5978b
modern-en.structural.json	105.5	8469422c7fcc6f42
modern-en.structural.json	105.6	ff38cf713d17d998
modern-en.structural.json	105.7	9da1764f3d4889e4
modern-en.structural.json	105.8	85220fa645730cca
modern-en.structural.json	105.9	598b88dba987c7ba
modern-en.structural.json	105.10	82cb114294c0e585
modern-en.structural.json	105.11	683f4280a96f01ac
modern-en.structural.json	105.12	360711c7af2f101c
modern-en.structural.json	105.13	7039bd72005ebea1
modern-en.structural.json	105.14	b06c259f9cd33b43
modern-en.structural.json	106.title	631987643329ac79
modern-en.structural.json	106.0	8e7011522f76343c
modern-en.structural.json	106.1	180c537b7bca7df9
modern-en.structural.json	106.2	16012a1f50e68155
modern-en.structural.json	106.3	fd2b534ca28ac731
modern-en.structural.json	106.4	81fb870e44db5687
modern-en.structural.json	106.5	1f1ea213b32bb581
modern-en.structural.json	107.title	707079718faa8651
modern-en.structural.json	107.0	ac070e6503f84c69
modern-en.structural.json	107.1	cb23f2e1eba79133
modern-en.structural.json	107.2	1ec1e4b449d6721d
modern-en.structural.json	107.3	bd953e37139c8f41
modern-en.structural.json	107.4	eaf67dc5ad12f200
modern-en.structural.json	107.5	bd54f3b163aeb4b5
modern-en.structural.json	108.title	9d8881f7e29823f6
modern-en.structural.json	108.0	c2187c97601ae5bf
modern-en.structural.json	108.1	da8e6805834d3b76
modern-en.structural.json	108.2	c9dd7a53374f78aa
modern-en.structural.json	108.3	14ad560a083db846
modern-en.structural.json	108.4	51a4fbd61b44edc0
modern-en.structural.json	108.5	7bad893de673d294
modern-en.structural.json	108.6	fecbee88bc873083
modern-en.structural.json	108.7	ec989e64b782505e
modern-en.structural.json	108.8	bbbff913e7177c56
modern-en.structural.json	108.9	7c498a08439ca36a
modern-en.structural.json	108.10	d4fea33483d05eb8
modern-en.structural.json	108.11	bbb345df45f55b5d
modern-en.structural.json	108.12	4d0e3041ac51c5a3
modern-en.structural.json	108.13	e8a577b709fa8470
modern-en.structural.json	108.14	96ec58005a36b1ac
modern-en.structural.json	108.15	c445dc167c707671
modern-en.structural.json	108.16	c0b11c4be254bb29
modern-en.structural.json	108.17	a39dbdec5e36d8fe
modern-en.structural.json	108.18	b97dc62ad457861d
modern-en.structural.json	108.19	2247e1824d7e1c81
modern-en.structural.json	108.20	86edf65877d01c7e
modern-en.structural.json	108.21	d29432442696f793
modern-en.structural.json	108.22	6d00b01adaa5a853
modern-en.structural.json	108.23	c72e4258e97b6c34
modern-en.structural.json	108.24	1426b6c6e8197d43
modern-en.structural.json	108.25	13d775693d94a70f
modern-en.structural.json	108.26	345f8ef0a8057714
modern-en.structural.json	108.27	d9e6e3b075b732cd
modern-en.structural.json	108.28	f9653f0ee25b6490
modern-en.structural.json	108.29	9160e14d637de1fc
modern-en.structural.json	108.30	5a9552abedbd2c0f
modern-en.structural.json	108.31	03271c9fa3c37f31
modern-en.structural.json	108.32	ad4fa53e58e9b436
modern-en.structural.json	108.33	66c949f77f39bd2f
modern-en.structural.json	108.34	e86db737b28c692e
modern-en.structural.json	108.35	421164f6d291dcf9
modern-en.structural.json	108.36	db2851d487c70cce
modern-en.structural.json	109.title	22a22078013f4e87
modern-en.structural.json	109.0	68f8a09a66817aa6
modern-en.structural.json	109.1	4b90b5c6c4678905
modern-en.structural.json	109.2	4c0535ac066606f9
modern-en.structural.json	109.3	4892a0b671a6b833
modern-en.structural.json	109.4	c2bdfff4743bd1e9
modern-en.structural.json	109.5	eb1a6b141a69fa06
modern-en.structural.json	109.6	c30559fac477c4fd
modern-en.structural.json	109.7	235c8cd9345d4ac0
modern-en.structural.json	109.8	05c6b9c1e9eb515c
modern-en.structural.json	109.9	9ee64d205d00fa7d
modern-en.structural.json	109.10	a009719b98d76d16
modern-en.structural.json	109.11	d6070389e457e8e0
modern-en.structural.json	109.12	c355ce8b47e0beba
modern-en.structural.json	109.13	b9007fb24d908d25
modern-en.structural.json	109.14	8ac892b8ab63af82
modern-en.structural.json	109.15	15643483ee6c4c5b
modern-en.structural.json	109.16	55d7b377866ac010
modern-en.structural.json	109.17	9b7508f872037dcb
modern-en.structural.json	109.18	cd0f164b97e266e0
modern-en.structural.json	109.19	4caa7c7c2226887d
modern-en.structural.json	110.title	04168d3dfe93bb71
modern-en.structural.json	110.0	97bae016463ff594
modern-en.structural.json	110.1	e6152768b0c2d374
modern-en.structural.json	110.2	6a26fa626f206e37
modern-en.structural.json	110.3	bb61a54fa31fb2fb
modern-en.structural.json	110.4	3b5d03b556d32fcd
modern-en.structural.json	110.5	76662635d74a73e0
modern-en.structural.json	110.6	6c4a1561cad5b38e
modern-en.structural.json	110.7	d4f235c51ad5074d
modern-en.structural.json	110.8	5b226758ec1945e9
modern-en.structural.json	110.9	980add556919b748
modern-en.structural.json	110.10	78e2ecb0c9e05807
modern-en.structural.json	110.11	c9ff4036783af4ac
modern-en.structural.json	110.12	a0798c9590e4c4d3
modern-en.structural.json	110.13	4f1479f9e1c12d44
modern-en.structural.json	110.14	e934c19b2d976ef1
modern-en.structural.json	110.15	8b36f2e007c2f92e
modern-en.structural.json	110.16	e778dfd84e7fd9d8
modern-en.structural.json	110.17	246bf1075dd01638
modern-en.structural.json	110.18	b988612763b797ae
modern-en.structural.json	111.title	e6b3a5067c3618b7
modern-en.structural.json	111.0	82d9dba96f8dde4e
modern-en.structural.json	111.1	f753cc1e483ec3b1
modern-en.structural.json	111.2	31a5350d50af67bc
modern-en.structural.json	111.3	b383cd8423534252
modern-en.structural.json	112.title	c427c523fbc60d96
modern-en.structural.json	112.0	3f8b848fc5e9ebca
modern-en.structural.json	112.1	119181f93d9cb191
modern-en.structural.json	112.2	dd0f7d04a6863f17
modern-en.structural.json	112.3	02fe0af88e3eb7b2
modern-en.structural.json	112.4	b9ff0227f4a5dedb
modern-en.structural.json	112.5	c887229c2e257181
modern-en.structural.json	112.6	b4938491fd7ef9c7
modern-en.structural.json	112.7	78f109f20bddf493
modern-en.structural.json	113.title	6e6a8807bbc31c68
modern-en.structural.json	113.0	6ea34d1f59be68ff
modern-en.structural.json	113.1	5057441f22af1783
modern-en.structural.json	113.2	df8c23678b665e62
modern-en.structural.json	113.3	2b628f1c430f0763
modern-en.structural.json	113.4	1d23154422cde73d
modern-en.structural.json	113.5	2cf69cacae5e0ed0
modern-en.structural.json	113.6	b0f209334badad25
modern-en.structural.json	113.7	5b071fdcc99b085d
modern-en.structural.json	113.8	0cdcf96faf889965
modern-en.structural.json	113.9	842faf3b9c223a08
modern-en.structural.json	113.10	677594eccc1e3bb0
modern-en.structural.json	113.11	b51a04e828aab73d
modern-en.structural.json	113.12	dea8d2fe5e0a9560
modern-en.structural.json	113.13	e38b79cb0399c322
modern-en.structural.json	113.14	a3ff6be06667cca3
modern-en.structural.json	113.15	39ba5c3b2bceb601
modern-en.structural.json	113.16	f7b7f874dab3c191
modern-en.structural.json	113.17	3e55b2b40dba77f1
modern-en.structural.json	113.18	2bdcac9d6d42778e
modern-en.structural.json	113.19	669103b0d7087465
modern-en.structural.json	113.20	31f89f19db6f181a
modern-en.structural.json	113.21	b7e798a57c23a551
modern-en.structural.json	113.22	1c9e8a9065876bc3
modern-en.structural.json	113.23	da37a93a6f019a52
modern-en.structural.json	113.24	14fbb613b8bc6bc3
modern-en.structural.json	113.25	b3de975b350c86f2
modern-en.structural.json	113.26	93a5a9a681965c5d
modern-en.structural.json	113.27	a5a6b30affc8f239
modern-en.structural.json	114.title	c19a33b1418ea346
modern-en.structural.json	114.0	b8e05bb137667fda
modern-en.structural.json	114.1	ccb6095810e10b15
modern-en.structural.json	114.2	10260bed8385b006
modern-en.structural.json	114.3	635c075b93e4966d
modern-en.structural.json	114.4	f3b2a2079f6d2915
modern-en.structural.json	114.5	b6c3586711bb5bf1
modern-en.structural.json	114.6	c949b5d35116bf0f
modern-en.structural.json	114.7	1aa4d6a674d90c54
modern-en.structural.json	114.8	395b45ce6e77ae11
modern-en.structural.json	114.9	0922bb16493035a8
modern-en.structural.json	115.title	e4a315c46f897814
modern-en.structural.json	115.0	6119a7ec5f4d6b6e
modern-en.structural.json	115.1	60f083a44988e925
modern-en.structural.json	115.2	c14a034108b355a0
modern-en.structural.json	115.3	7c4bd5b74f3369e9
modern-en.structural.json	115.4	45315414047da255
modern-en.structural.json	115.5	39caf14e92cd16c6
modern-en.structural.json	115.6	81ac5bc2e8ca9501
modern-en.structural.json	115.7	5c84dcd7e261b492
modern-en.structural.json	115.8	2287f4286cfdf4b4
modern-en.structural.json	115.9	b722e1c08f12a5ce
modern-en.structural.json	115.10	b8e59bfc11950c4c
modern-en.structural.json	115.11	e378bd76a1c31f54
modern-en.structural.json	115.12	34478897857716f8
modern-en.structural.json	115.13	c6bab7c683f1cac3
modern-en.structural.json	116.title	c04f9ac78a14e9a9
modern-en.structural.json	116.0	cd80dc5192019e2f
modern-en.structural.json	116.1	bc3b9ba3ac7dda6f
modern-en.structural.json	116.2	4145362f5a5f5dea
modern-en.structural.json	116.3	9954d217be941375
modern-en.structural.json	116.4	25625614612045aa
modern-en.structural.json	116.5	7dd4a084b9a7f57d
modern-en.structural.json	116.6	b3d99dec41c40908
modern-en.structural.json	117.title	3ee05d0371012240
modern-en.structural.json	117.0	453e0ebf095a681b
modern-en.structural.json	117.1	e7f3467eb6c625a8
modern-en.structural.json	117.2	50cb6dca8454547a
modern-en.structural.json	117.3	3f012348aaefbaec
modern-en.structural.json	117.4	757ea7d59d6e9300
modern-en.structural.json	117.5	281ec90c3f3573c6
modern-en.structural.json	117.6	d2b380304c993bbe
modern-en.structural.json	117.7	ad4215c8b2ff85b9
modern-en.structural.json	117.8	4b2734e53e2aa765
modern-en.structural.json	117.9	2fe849536a18367e
modern-en.structural.json	117.10	fc46d40c890ab951
modern-en.structural.json	117.11	2d6c3e853ef8538d
modern-en.structural.json	117.12	b482f3175929f6fa
modern-en.structural.json	117.13	1220cd066bd055dc
modern-en.structural.json	117.14	1b9f1d5135f8cb3f
modern-en.structural.json	118.title	a5cd0754e008e454
modern-en.structural.json	118.0	952cc0cf4a8b0113
modern-en.structural.json	118.1	f130d381e5b96955
modern-en.structural.json	118.2	fbea0e00a24c380b
modern-en.structural.json	118.3	69c0f01ece6edf7e
modern-en.structural.json	118.4	833582698b65837b
modern-en.structural.json	118.5	7a5a377b8848d61e
modern-en.structural.json	118.6	4f52088a00bf8da7
modern-en.structural.json	118.7	00f36153f1388f33
modern-en.structural.json	119.title	4a83fb7324f2dfba
modern-en.structural.json	119.0	1bf7ba854c67870a
modern-en.structural.json	119.1	ae33a9ff7782b3dc
modern-en.structural.json	119.2	8254bbfe23c5ada3
modern-en.structural.json	119.3	b755f9e20c42f48b
modern-en.structural.json	119.4	99d641f8f8da307a
modern-en.structural.json	119.5	f95b9ceb2b2c0384
modern-en.structural.json	119.6	f6e91880cb7fccb4
modern-en.structural.json	119.7	59e263dc2b62882a
modern-en.structural.json	119.8	66b08a065f9e228a
modern-en.structural.json	119.9	fe00c91e29b8ed4e
modern-en.structural.json	119.10	b0f429c91310d8c9
modern-en.structural.json	119.11	c19d731a81a98307
modern-en.structural.json	119.12	aac91389992e00f1
modern-en.structural.json	119.13	0fc0ef90832ea76b
modern-en.structural.json	119.14	c632ffe9ef021b34
modern-en.structural.json	119.15	10daa3640b4faca4
modern-en.structural.json	119.16	1e1d771b6a889c6d
modern-en.structural.json	119.17	bd0fa37869c33611
modern-en.structural.json	119.18	84b41eca9368a854
modern-en.structural.json	119.19	fdd81cce879e5c67
modern-en.structural.json	119.20	30a6b55f04526342
modern-en.structural.json	119.21	bb0911bd8cd4b210
modern-en.structural.json	119.22	680b286b89ed882b
modern-en.structural.json	119.23	f71610ca35895135
modern-en.structural.json	119.24	cc018932234a3ca6
modern-en.structural.json	119.25	5a02789598146036
modern-en.structural.json	119.26	1af36e48b894ee69
modern-en.structural.json	119.27	482e317c0c39d63d
modern-en.structural.json	119.28	07a0d9068cf8dc24
modern-en.structural.json	119.29	f8690fe80a740a7d
modern-en.structural.json	119.30	508d00f03dd00768
modern-en.structural.json	119.31	30c9c213168bdd93
modern-en.structural.json	119.32	db70036bdba48771
modern-en.structural.json	119.33	b5c13c7acfed0102
modern-en.structural.json	119.34	f93fc0bae0a5c206
modern-en.structural.json	119.35	2ad52d4357d95cd9
modern-en.structural.json	119.36	f3e9bf3b9132efd1
modern-en.structural.json	119.37	c286d1e96e5d4735
modern-en.structural.json	119.38	0ef61e8a18082933
modern-en.structural.json	119.39	2d99f3fe61fdaa31
modern-en.structural.json	120.title	4ad348533019ad15
modern-en.structural.json	120.0	3d0e8bb9c170dfc7
modern-en.structural.json	120.1	7295da1b809afc91
modern-en.structural.json	120.2	1de75658f3e001a4
modern-en.structural.json	120.3	2b651fb6229b9abb
modern-en.structural.json	120.4	543ee1547a00c7fb
modern-en.structural.json	120.5	ddef278feb00d5de
modern-en.structural.json	120.6	c4650a6aab51ffd1
modern-en.structural.json	121.title	75e1b77fc16fe720
modern-en.structural.json	121.0	7c3035665ebf7b8a
modern-en.structural.json	121.1	d1948355f66201e7
modern-en.structural.json	121.2	f1fde0d182656922
modern-en.structural.json	121.3	824a1bf850f80360
modern-en.structural.json	121.4	59a45fdfc951e652
modern-en.structural.json	122.title	94db36fc52530fde
modern-en.structural.json	122.0	57707479b617c522
modern-en.structural.json	122.1	0593837ac6efe212
modern-en.structural.json	123.title	8bd516d04c8321dd
modern-en.structural.json	123.0	647e5c265cce579f
modern-en.structural.json	123.1	9ef586302502cf96
modern-en.structural.json	123.2	a6844b2c39ccce7d
modern-en.structural.json	123.3	5e7382d61cbbe196
modern-en.structural.json	123.4	7d8e13e4bbd25612
modern-en.structural.json	123.5	bebab419b859263d
modern-en.structural.json	123.6	5fb11ed41be9cac4
modern-en.structural.json	123.7	fa90d9f014cd12f2
modern-en.structural.json	123.8	e0bf7ff0b028c8e9
modern-en.structural.json	123.9	90a70a6d15b39497
modern-en.structural.json	123.10	629df806b2a0c6d1
modern-en.structural.json	123.11	e9573c624a5f5469
modern-en.structural.json	123.12	5ade45e96c49bc24
modern-en.structural.json	124.title	711dad4f2cba51f3
modern-en.structural.json	124.0	7b7f8f676a1f1ac7
modern-en.structural.json	124.1	e1c29c0dcb347b4e
modern-en.structural.json	124.2	78bc694eed23721c
modern-en.structural.json	124.3	4f6d35092c9cad6f
modern-en.structural.json	124.4	1bca4f9ecfdf9a34
modern-en.structural.json	124.5	b5033f3e75a46589
modern-en.structural.json	124.6	a85f6bc3dbd42071
modern-en.structural.json	124.7	a0fdbe1deed57d25
modern-en.structural.json	124.8	4de1eb55e0663b07
modern-en.structural.json	124.9	718b89a260cfb7ba
modern-en.structural.json	124.10	d520fa79f12dc637
modern-en.structural.json	124.11	02d25ad23ac9486d
modern-en.structural.json	124.12	3327c04856e6d89b
modern-en.structural.json	124.13	7c1179635f706075
modern-en.structural.json	124.14	0e963a65ccb604a3
modern-en.structural.json	124.15	d8785679ea641337
modern-en.structural.json	124.16	d97f9be79593d597
modern-en.structural.json	124.17	05f1bba18b5d29da
modern-en.structural.json	124.18	a6fb8cba651877e8
modern-en.structural.json	124.19	bd5bce727eebe53c
modern-en.structural.json	124.20	e6cdfd35876a28f3
modern-en.structural.json	125.title	5d4bc75f121ed18e
modern-en.structural.json	125.0	f6565591aed5047b
modern-en.structural.json	125.1	2bcae500712808e5
modern-en.structural.json	125.2	879e1d68b91c9058
modern-en.structural.json	125.3	7da6ca0fd576c267
modern-en.structural.json	125.4	8e7c15bbe057b2d7
modern-en.structural.json	125.5	bfddc784171db113
modern-en.structural.json	125.6	9010b6c596ea512e
modern-en.structural.json	125.7	16814e934eb51942
modern-en.structural.json	125.8	440211c93d0f4f47
modern-en.structural.json	125.9	c908a47ca179e096
modern-en.structural.json	125.10	816cddba4a93f2d3
modern-en.structural.json	125.11	b2ab98c6329525ec
modern-en.structural.json	125.12	2c250525a44e6cf7
modern-en.structural.json	125.13	eda723ccd927c0c7
modern-en.structural.json	125.14	65f846afb3574ca1
modern-en.structural.json	125.15	539dbf69341540b3
modern-en.structural.json	125.16	364ca096e955fb5b
modern-en.structural.json	125.17	b8bcb894750a3d6b
modern-en.structural.json	125.18	f2437a86e4236886
modern-en.structural.json	125.19	652a9ba0fd01299a
modern-en.structural.json	125.20	34fd3439cf931f19
modern-en.structural.json	125.21	95a87f86ef6dc7b7
modern-en.structural.json	125.22	443429e0b153151a
modern-en.structural.json	125.23	97515175c2a682b8
modern-en.structural.json	125.24	ee6516305ef6d709
modern-en.structural.json	125.25	c14b4baf23ef8ca0
modern-en.structural.json	125.26	d4deaa3400cad4a3
modern-en.structural.json	125.27	028bc0afdb7cd783
modern-en.structural.json	125.28	fa9dc968f2c2d587
modern-en.structural.json	126.title	7aee05fccee5b25f
modern-en.structural.json	126.0	c24076d74a1364ff
modern-en.structural.json	126.1	5a0de73ffead73c9
modern-en.structural.json	126.2	a229b97896568453
modern-en.structural.json	126.3	1e8bd83ca371cdb5
modern-en.structural.json	126.4	f3159b22bb2b56e4
modern-en.structural.json	126.5	dfc9d3cb3a66a672
modern-en.structural.json	126.6	7ae51869df3361b0
modern-en.structural.json	126.7	e99bcfb77d227b57
modern-en.structural.json	126.8	68d2b3c624bb180d
modern-en.structural.json	126.9	743a930e3534e966
modern-en.structural.json	126.10	c4e95cf870d5f396
modern-en.structural.json	126.11	ebe01e2cd5950a9f
modern-en.structural.json	126.12	6876a93cafbf0e13
modern-en.structural.json	126.13	6124f1825b134cf7
modern-en.structural.json	126.14	10bcbf8aa5792bf1
modern-en.structural.json	126.15	6124f1825b134cf7
modern-en.structural.json	126.16	aefbacb9e16e7627
modern-en.structural.json	126.17	ed0803a89a62fc2a
modern-en.structural.json	126.18	1e3253c0cb9758e6
modern-en.structural.json	127.title	783d7d7aa55abc8a
modern-en.structural.json	127.0	10c193180fa78006
modern-en.structural.json	127.1	cac6f9added2b814
modern-en.structural.json	127.2	41be4ae0b0256d01
modern-en.structural.json	127.3	61cf0de1e34e6920
modern-en.structural.json	127.4	38bb107797de7764
modern-en.structural.json	127.5	f7f733075f399896
modern-en.structural.json	127.6	2ff2b9188cb54bb1
modern-en.structural.json	127.7	83a6fd79594a14ae
modern-en.structural.json	127.8	5e5d30bb1e8bf36c
modern-en.structural.json	127.9	bc1b5a3feb36f92b
modern-en.structural.json	127.10	aa514fa6f408b0eb
modern-en.structural.json	127.11	939aa29a2cf0f578
modern-en.structural.json	127.12	726e2c4db71c665b
modern-en.structural.json	127.13	465d2bdac9b053be
modern-en.structural.json	127.14	0c9de0a635bcc1b8
modern-en.structural.json	127.15	9b76b03930fa08c0
modern-en.structural.json	127.16	571bcc95b7f9523a
modern-en.structural.json	127.17	e97985e4d352409a
modern-en.structural.json	127.18	a7ac14133ff47711
modern-en.structural.json	127.19	c180eb1460c422d0
modern-en.structural.json	127.20	70dff5a61cb956ac
modern-en.structural.json	127.21	588bc61b34ebbc34
modern-en.structural.json	127.22	f79fb0d4effb3429
modern-en.structural.json	128.title	07b584d998f8e97c
modern-en.structural.json	128.0	1eb4b0c8898ac461
modern-en.structural.json	128.1	a7652b3c4540de1c
modern-en.structural.json	128.2	f82c288df014371b
modern-en.structural.json	128.3	c6c639c22be8bff7
modern-en.structural.json	128.4	bed66c1a55a2938b
modern-en.structural.json	128.5	0db9b06a690ade9d
modern-en.structural.json	128.6	61e61a4bada3ce20
modern-en.structural.json	128.7	fe7a4147f4c3a470
modern-en.structural.json	128.8	dad18864ab5f13fb
modern-en.structural.json	128.9	19f8652d12205a8a
modern-en.structural.json	128.10	031c0a3d052c649d
modern-en.structural.json	128.11	b1b23e5dc54a34b0
modern-en.structural.json	128.12	3acffdf759c90ae9
modern-en.structural.json	128.13	d30903099b72250d
modern-en.structural.json	128.14	c7230b932e54b9ae
modern-en.structural.json	128.15	e4dc00c10e36c16f
modern-en.structural.json	128.16	d00e32fc20e4a2d0
modern-en.structural.json	128.17	6c47e89d10497075
modern-en.structural.json	128.18	cec9d1e0ccd5781a
modern-en.structural.json	129.title	779c9213ae67a1d3
modern-en.structural.json	129.0	04c81d32e793dae3
modern-en.structural.json	129.1	b3444760c8267af5
modern-en.structural.json	129.2	c8167f42e75b0e3e
modern-en.structural.json	129.3	60035a0031be9c62
modern-en.structural.json	129.4	f13cad6047015eaf
modern-en.structural.json	129.5	36c4a61e338ff863
modern-en.structural.json	129.6	bd73d0ce189c92b0
modern-en.structural.json	129.7	25b24cb95dddc2eb
modern-en.structural.json	129.8	1c8012069b0fd855
modern-en.structural.json	129.9	4d0d1fe17cae5308
modern-en.structural.json	130.title	4e7bb4ba501040ee
modern-en.structural.json	130.0	e5cf7a21ee9f21ce
modern-en.structural.json	130.1	b9d3e03e7e398b49
modern-en.structural.json	130.2	a27e3f784ecb6d7b
modern-en.structural.json	130.3	5d24955c2a64c766
modern-en.structural.json	130.4	ece5f862c79f6653
modern-en.structural.json	130.5	860fce2dacaaa14f
modern-en.structural.json	130.6	147d5684733acf7b
modern-en.structural.json	130.7	849fda51bf1100ae
modern-en.structural.json	130.8	cad8c9cafe7aeb30
modern-en.structural.json	130.9	00b71a103b651bf0
modern-en.structural.json	130.10	c149bfdb5bb532e2
modern-en.structural.json	130.11	0829035f60efef3a
modern-en.structural.json	130.12	5e5408259862fb69
modern-en.structural.json	130.13	5d9a04a3eee24462
modern-en.structural.json	130.14	2d01bb21ffdbdf94
modern-en.structural.json	131.title	7690a7f0f03256de
modern-en.structural.json	131.0	7f3cc0b2588af96a
modern-en.structural.json	131.1	8fd329ed8c58ff1e
modern-en.structural.json	131.2	f82c288df014371b
modern-en.structural.json	131.3	f4b0214e624ea79a
modern-en.structural.json	131.4	5a7012d8b2b0a6cf
modern-en.structural.json	131.5	3e32798a725be5e4
modern-en.structural.json	131.6	6eae694ecd0b7185
modern-en.structural.json	131.7	8ba0830ef7b83b39
modern-en.structural.json	131.8	c7a7f6719f8efee8
modern-en.structural.json	131.9	742d9260b3c79f55
modern-en.structural.json	131.10	3622de5258bf6f19
modern-en.structural.json	131.11	0ded003da8186538
modern-en.structural.json	132.title	b86879af71a8d5d8
modern-en.structural.json	132.0	7b6db4764f85dd74
modern-en.structural.json	132.1	fb97a9c39d1b0c77
modern-en.structural.json	132.2	84e193e4f1e7dc05
modern-en.structural.json	132.3	5206346d9a1dbaed
modern-en.structural.json	132.4	9c582c31618c1128
modern-en.structural.json	132.5	7ba06a32b034c9b7
modern-en.structural.json	132.6	ebe2e71a6591b0bc
modern-en.structural.json	132.7	646a5bad8956387a
modern-en.structural.json	132.8	61cf172f74821545
modern-en.structural.json	132.9	40d9b1daa432e5a2
modern-en.structural.json	132.10	a52bf74e8f2667b4
modern-en.structural.json	132.11	c619a8c8c2bd5f46
modern-en.structural.json	132.12	efb14ca24d028e0f
modern-en.structural.json	132.13	7a30f82e6b9b2e6f
modern-en.structural.json	132.14	882df85b32c52781
modern-en.structural.json	132.15	a8511c8905b3c625
modern-en.structural.json	132.16	971f133612fd95ea
modern-en.structural.json	132.17	aa89ff879922fcf5
modern-en.structural.json	132.18	e6992d8d6e3b4329
modern-en.structural.json	133.title	88c6d54d49a0e6ec
modern-en.structural.json	133.0	d5ae07007b215278
modern-en.structural.json	133.1	3b180716693f9f62
modern-en.structural.json	133.2	bdea367b95e6a9a2
modern-en.structural.json	133.3	c0e016f78b38b654
modern-en.structural.json	133.4	1f7e2332aaa48896
modern-en.structural.json	133.5	58942ad8e827374f
modern-en.structural.json	133.6	6a6b8a3693649115
modern-en.structural.json	133.7	81f566ab0b03f8d3
modern-en.structural.json	133.8	5266f18b119b4159
modern-en.structural.json	133.9	c2d8202cac963733
modern-en.structural.json	133.10	7e35fa018bdebed8
modern-en.structural.json	133.11	2a0eb09a5a81662a
modern-en.structural.json	133.12	3c943da3e0832e56
modern-en.structural.json	133.13	a0d24b731b19a49b
modern-en.structural.json	133.14	ef843a8cc6206448
modern-en.structural.json	133.15	7d61ef58d6e067c2
modern-en.structural.json	133.16	1a432fe026390168
modern-en.structural.json	133.17	38df4eb415b0688d
modern-en.structural.json	133.18	cdd9871748692306
modern-en.structural.json	133.19	120724ee9700dd65
modern-en.structural.json	133.20	386377577e6b35ca
modern-en.structural.json	133.21	ed848f1db8a49cb7
modern-en.structural.json	133.22	6f7b41bfd406d2e9
modern-en.structural.json	133.23	4268abf6a1585fc4
modern-en.structural.json	133.24	847c9dc35da49e92
modern-en.structural.json	133.25	4f891fedbee7a716
modern-en.structural.json	133.26	5b4dc882999f3efb
modern-en.structural.json	133.27	fd613434f3774d6d
modern-en.structural.json	133.28	edd23db5a4734b2e
modern-en.structural.json	133.29	17f4c80018cde09b
modern-en.structural.json	133.30	f71ec78a91e7d348
modern-en.structural.json	133.31	afc023bdd0f20cb3
modern-en.structural.json	133.32	9ed059f967e0c6f9
modern-en.structural.json	133.33	e92b578cd36cb2ee
modern-en.structural.json	133.34	953977ba46812dd8
modern-en.structural.json	133.35	a19888890526d904
modern-en.structural.json	133.36	219ec08fee0f7426
modern-en.structural.json	133.37	c160c7640d141438
modern-en.structural.json	133.38	c875cbea914b3605
modern-en.structural.json	133.39	b24311127d1723d3
modern-en.structural.json	133.40	301876c2fd50394a
modern-en.structural.json	133.41	fa4e20b6ec61e3fd
modern-en.structural.json	133.42	64ef4895a73e15a7
modern-en.structural.json	133.43	484d5a98919a83cc
modern-en.structural.json	133.44	60d50dc944189007
modern-en.structural.json	133.45	9b57d993e5065fab
modern-en.structural.json	133.46	67572c34daf7fc4c
modern-en.structural.json	133.47	49312734a1942c8d
modern-en.structural.json	133.48	3c88d5ddd9f5853f
modern-en.structural.json	133.49	d9effbc991f06657
modern-en.structural.json	133.50	f75ec9bd77872040
modern-en.structural.json	134.title	38c9a9ea90a58747
modern-en.structural.json	134.0	32798b45cbf5e3b4
modern-en.structural.json	134.1	5c081d200cc5d26e
modern-en.structural.json	134.2	05b99bd86fc4a71f
modern-en.structural.json	134.3	a67213797f0ffaa5
modern-en.structural.json	134.4	f44462040c2d052f
modern-en.structural.json	134.5	18dc0a494858a0ba
modern-en.structural.json	134.6	851bcea98ed1eca2
modern-en.structural.json	134.7	10f69bf09c9180d7
modern-en.structural.json	134.8	7bb1cc8b6837ad13
modern-en.structural.json	134.9	5c00e9433485c980
modern-en.structural.json	134.10	5cda21d716f814c5
modern-en.structural.json	134.11	526628ef3dde362d
modern-en.structural.json	134.12	f0296accad576695
modern-en.structural.json	134.13	74380442df66fd99
modern-en.structural.json	134.14	7fe104380d7e0721
modern-en.structural.json	134.15	c042f25ba266939a
modern-en.structural.json	134.16	080d251ff64516fd
modern-en.structural.json	134.17	3c112b274c4405ef
modern-en.structural.json	134.18	9df35327fd3e8a0e
modern-en.structural.json	134.19	01a78866449199ac
modern-en.structural.json	134.20	15e8435471fd491b
modern-en.structural.json	134.21	c3ee78c6099dcfc5
modern-en.structural.json	134.22	dd81033e2ee13896
modern-en.structural.json	134.23	0118fb87c88bc5d7
modern-en.structural.json	134.24	01fcb24fe48875bc
modern-en.structural.json	134.25	f5aa05c6fe3b1de5
modern-en.structural.json	134.26	e3be97833b8a7a2a
modern-en.structural.json	134.27	975421e595c2b44a
modern-en.structural.json	134.28	35da7a35a85609a7
modern-en.structural.json	134.29	6e3eebef692924fc
modern-en.structural.json	134.30	6aea0351f6d87d9a
modern-en.structural.json	134.31	6ef8d2390d2bb325
modern-en.structural.json	134.32	20a6e9adc5b1780f
modern-en.structural.json	134.33	4b09124f05c32fc5
modern-en.structural.json	134.34	ccf724e8d205514d
modern-en.structural.json	134.35	b90eaad751dbcd6a
modern-en.structural.json	134.36	7dc47f53e1ffd10c
modern-en.structural.json	134.37	2d4e80cb36f5a82b
modern-en.structural.json	134.38	7f81d438971ab65e
modern-en.structural.json	134.39	110dd8203e707722
modern-en.structural.json	134.40	1de702c1666ec161
modern-en.structural.json	134.41	153033cb7e97e25c
modern-en.structural.json	134.42	2c8a6d6a5db986f5
modern-en.structural.json	134.43	b18e976fa467569e
modern-en.structural.json	134.44	351054a02d36248f
modern-en.structural.json	134.45	230745f2865da87e
modern-en.structural.json	134.46	994f73142ab2d731
modern-en.structural.json	135.title	b1c5c4476d5d7c79
modern-en.structural.json	135.0	b7e201016691f877
modern-en.structural.json	135.1	60be21b3aa29d919
modern-en.structural.json	135.2	ea7dd594bbb7cd16
modern-en.structural.json	135.3	e9ddd893eb42734f
modern-en.structural.json	135.4	2bf979b574fd7b91
modern-en.structural.json	135.5	deadce7e44959248
modern-en.structural.json	135.6	1489b4f5248f0c2d
modern-en.structural.json	135.7	de11f8b52abdc77c
modern-en.structural.json	135.8	6be8ad83366c69ab
modern-en.structural.json	135.9	1de231c9b1c54a9d
modern-en.structural.json	135.10	9ac03dbb7e45dbf0
modern-en.structural.json	135.11	7f86a367ba6e3b8b
modern-en.structural.json	135.12	cf4dac670f913060
modern-en.structural.json	135.13	40d9b1daa432e5a2
modern-en.structural.json	135.14	4b09124f05c32fc5
modern-en.structural.json	135.15	5da2297db0abd4f6
modern-en.structural.json	135.16	44a4a98c6f1c61cc
modern-en.structural.json	135.17	1d149a86766c31f6
modern-en.structural.json	135.18	36f534497b923a91
modern-en.structural.json	135.19	31f1d24b7efc88d5
modern-en.structural.json	135.20	34e416effec7343a
modern-en.structural.json	135.21	94d3da7eb334c833
modern-en.structural.json	135.22	89f1ab2011643982
modern-en.structural.json	135.23	def88cb777a3d8e4
modern-en.structural.json	135.24	162454ee15754ce5
modern-en.structural.json	135.25	aad6ba2673a5c838
modern-en.structural.json	135.26	fe1001d173816494
modern-en.structural.json	135.27	b2ac0873b4d949a7
modern-en.structural.json	135.28	9fc623880091fff2
modern-en.structural.json	135.29	162f97265f424446
modern-en.structural.json	135.30	777f012be530125b
modern-en.structural.json	135.31	e9d93ba5789855a3
modern-en.structural.json	135.32	8066a959df63c9c0
modern-en.structural.json	135.33	7c9a9156f2324925
modern-en.structural.json	135.34	8cea9d071ba8041c
modern-en.structural.json	135.35	1d6d825a51649ef8
modern-en.structural.json	135.36	2890d78603904553
modern-en.structural.json	135.37	e6a34418dfa72378
modern-en.structural.json	135.38	d0274a4321f6aad0
modern-en.structural.json	135.39	d0297a28883dbb00
modern-en.structural.json	135.40	e134411c8c891a3a
modern-en.structural.json	135.41	eadc9aff8630a81f
modern-en.structural.json	135.42	9a5ff5d7d3d4b7cf
modern-en.structural.json	135.43	e56c3f36419ec2f3
modern-en.structural.json	135.44	6b50e817ee2ccd0b
modern-en.structural.json	135.45	14f9c0c68c0352e6
modern-en.structural.json	135.46	a8166c02b3611b1b
modern-en.structural.json	135.47	17974acd9e549a80
modern-en.structural.json	135.48	01793099da781bb7
modern-en.structural.json	135.49	b6e940286896b799
modern-en.structural.json	135.50	c3e1abb014a49a71
modern-en.structural.json	135.51	d5611b49f6ce3ec5
modern-en.structural.json	135.52	ade7c37dcc4ad960
modern-en.structural.json	135.53	ec60ebe61936df20
modern-en.structural.json	135.54	8631cf2ed368386b
modern-en.structural.json	135.55	b4374db3ea82de6f
modern-en.structural.json	135.56	ddbe0671e5f2ca47
modern-en.structural.json	135.57	08e766b9e6ac17f1
modern-en.structural.json	135.58	baa1168228051a22
modern-en.structural.json	135.59	08bebd3b6d1308de
modern-en.structural.json	135.60	c9e0753c21aa3c18
modern-en.structural.json	135.61	6f1609b2b48187f4
modern-en.structural.json	136.title	8fc1d4a05d16eeb7
modern-en.structural.json	136.0	3d4e154c03fbdef5
modern-en.structural.json	136.1	541039e41503fd6a
modern-en.structural.json	136.2	792b12c7ec8330f6
front-matter.original-en.json	etymology.title	205245c40ba66ddb
front-matter.original-en.json	etymology.0	dc972ae955029f0f
front-matter.original-en.json	etymology.1	3732a769dc2e7bde
front-matter.original-en.json	etymology.2	dbb1bbf5dea2d411
front-matter.original-en.json	etymology.3	07cc475af0944544
front-matter.original-en.json	etymology.4	9863abfcddb31e2c
front-matter.original-en.json	etymology.5	4e3199d294dc5e8d
front-matter.original-en.json	extracts.title	877e04b7e7eda1cc
front-matter.original-en.json	extracts.0	74c9a12d80339611
front-matter.original-en.json	extracts.1	c76159453f5f07bc
front-matter.original-en.json	extracts.2	bae2d81121aa83c2
front-matter.original-en.json	extracts.3	43232796b1ece252
front-matter.original-en.json	extracts.4	2b947e839e3b5ba6
front-matter.original-en.json	extracts.5	0065567a0c2e8adc
front-matter.original-en.json	extracts.6	6390fe1626fa6f5e
front-matter.original-en.json	extracts.7	e0d8fb3886ec36bc
front-matter.original-en.json	extracts.8	268a0d6b437da282
front-matter.original-en.json	extracts.9	bf844c992d09cff3
front-matter.original-en.json	extracts.10	1aa7cb1365aee300
front-matter.original-en.json	extracts.11	dbaa7619b0b5b3af
front-matter.original-en.json	extracts.12	1af3d245ff29810e
front-matter.original-en.json	extracts.13	3628ae5eb898c4cb
front-matter.original-en.json	extracts.14	89b69d73c4af5211
front-matter.original-en.json	extracts.15	2825419df773d37f
front-matter.original-en.json	extracts.16	93f32909ab93cd83
front-matter.original-en.json	extracts.17	2ff587594553823d
front-matter.original-en.json	extracts.18	8bb97c340d1fff09
front-matter.original-en.json	extracts.19	b3d111ef544aed7d
front-matter.original-en.json	extracts.20	6fc8bada19e1ecdc
front-matter.original-en.json	extracts.21	e41443d9f107e869
front-matter.original-en.json	extracts.22	3a84177f978dfd7a
front-matter.original-en.json	extracts.23	bfc46f54f3525998
front-matter.original-en.json	extracts.24	a9fe53ef6dba3c01
front-matter.original-en.json	extracts.25	0fd08e9a83e2fe9b
front-matter.original-en.json	extracts.26	93a5e3c538e1c404
front-matter.original-en.json	extracts.27	9daf6901e84aff32
front-matter.original-en.json	extracts.28	5f063a4081fd0c41
front-matter.original-en.json	extracts.29	a34e7e3b4644f22a
front-matter.original-en.json	extracts.30	2d829aec38db8853
front-matter.original-en.json	extracts.31	ff82b296098a3e91
front-matter.original-en.json	extracts.32	93078593fed1c786
front-matter.original-en.json	extracts.33	a31b59bef316b66a
front-matter.original-en.json	extracts.34	010fc6ca9698486c
front-matter.original-en.json	extracts.35	92bc8f2202e375f3
front-matter.original-en.json	extracts.36	3004a2d75bede342
front-matter.original-en.json	extracts.37	974e8f2f602970a4
front-matter.original-en.json	extracts.38	e65c905bfb82bca2
front-matter.original-en.json	extracts.39	b35d344f43b81d39
front-matter.original-en.json	extracts.40	073c0c7b1c63c9fb
front-matter.original-en.json	extracts.41	5623d308e04c7650
front-matter.original-en.json	extracts.42	f5b95515d82c6868
front-matter.original-en.json	extracts.43	9b0b5324a0ceb6a4
front-matter.original-en.json	extracts.44	cf5a097309974a6d
front-matter.original-en.json	extracts.45	a5ec1174a130516f
front-matter.original-en.json	extracts.46	1bfdc25e5625ddde
front-matter.original-en.json	extracts.47	e00f64f7e0f7a80e
front-matter.original-en.json	extracts.48	cad5f6dbf52479a8
front-matter.original-en.json	extracts.49	6a62a94e9b3fecaf
front-matter.original-en.json	extracts.50	845294df0baf69f8
front-matter.original-en.json	extracts.51	878a8bbfa75574a3
front-matter.original-en.json	extracts.52	61926f352a2b25aa
front-matter.original-en.json	extracts.53	b93c3237478e8a0f
front-matter.original-en.json	extracts.54	906bd628735d4a0f
front-matter.original-en.json	extracts.55	50a4c989ad202ade
front-matter.original-en.json	extracts.56	ec4210e44795e519
front-matter.original-en.json	extracts.57	6283adff3ac65636
front-matter.original-en.json	extracts.58	fa0076fcc5068e9e
front-matter.original-en.json	extracts.59	1a932eef32cebbee
front-matter.original-en.json	extracts.60	46bde1ff66aed121
front-matter.original-en.json	extracts.61	a0a84314fc9ac310
front-matter.original-en.json	extracts.62	69196a42f9e89c73
front-matter.original-en.json	extracts.63	0218b3968c24d44e
front-matter.original-en.json	extracts.64	f90eec46c8bf538d
front-matter.original-en.json	extracts.65	a354905a15bbb21d
front-matter.original-en.json	extracts.66	3cce5ef374650c2a
front-matter.original-en.json	extracts.67	f6b329a8d3235444
front-matter.original-en.json	extracts.68	0bf6d2bfac76e487
front-matter.original-en.json	extracts.69	cf1177ca1b2f3b91
front-matter.original-en.json	extracts.70	1d163ccd8865c73d
front-matter.original-en.json	extracts.71	d2a04fddfbd8fa37
front-matter.original-en.json	extracts.72	6aeb044ea7154565
front-matter.original-en.json	extracts.73	10690b0d2cc431e0
front-matter.original-en.json	extracts.74	247d5ffd489c82d3
front-matter.original-en.json	extracts.75	9b384d18d0d1250b
front-matter.original-en.json	extracts.76	a4590fbd6b2f1f49
front-matter.original-en.json	extracts.77	bcb620d4001612f9
front-matter.original-en.json	extracts.78	70837568c94f32b1
front-matter.original-en.json	extracts.79	edc214b60b3bf330
front-matter.original-en.json	extracts.80	667445edbeb6a5d7
front-matter.original-en.json	extracts.81	06d94df6285f22ec
front-matter.original-en.json	extracts.82	2ad6b086f8ad7d59
front-matter.original-en.json	extracts.83	56aa42f56bf6d2be
front-matter.original-en.json	extracts.84	2ee7ee7e8488997d
front-matter.original-en.json	extracts.85	b20b5ae669f41a3d
front-matter.modern-en.json	etymology.title	205245c40ba66ddb
front-matter.modern-en.json	etymology.0	dc972ae955029f0f
front-matter.modern-en.json	etymology.1	b2d26029c4f47000
front-matter.modern-en.json	etymology.2	a4d68a9098605186
front-matter.modern-en.json	etymology.3	d697dbd1601a9bf0
front-matter.modern-en.json	etymology.4	0898f424ea9f067f
front-matter.modern-en.json	etymology.5	eaa143c264afa639
front-matter.modern-en.json	extracts.title	877e04b7e7eda1cc
front-matter.modern-en.json	extracts.0	74c9a12d80339611
front-matter.modern-en.json	extracts.1	0018c0895f9ca1dd
front-matter.modern-en.json	extracts.2	16688ab974aeed8d
front-matter.modern-en.json	extracts.3	43232796b1ece252
front-matter.modern-en.json	extracts.4	338f20257ae9595a
front-matter.modern-en.json	extracts.5	a2ad20b4f619b8d1
front-matter.modern-en.json	extracts.6	98d46cb3fee3e60a
front-matter.modern-en.json	extracts.7	2c5afe8f04068708
front-matter.modern-en.json	extracts.8	e805470a0ef3ecc7
front-matter.modern-en.json	extracts.9	3e9768ea00d5f60e
front-matter.modern-en.json	extracts.10	319d7a113ca524fc
front-matter.modern-en.json	extracts.11	9f4406ba532c111d
front-matter.modern-en.json	extracts.12	9ab95e49bfe9dd3c
front-matter.modern-en.json	extracts.13	e15ea9cedc200095
front-matter.modern-en.json	extracts.14	f99daaa2b5608600
front-matter.modern-en.json	extracts.15	545ea0b84ee12607
front-matter.modern-en.json	extracts.16	52465f3f00b3f866
front-matter.modern-en.json	extracts.17	b42a10b2e59891f8
front-matter.modern-en.json	extracts.18	b8a6d70f7d052b5c
front-matter.modern-en.json	extracts.19	fa5e9527e5ae1cf3
front-matter.modern-en.json	extracts.20	def676752cc0a4ff
front-matter.modern-en.json	extracts.21	e7c3c3a9c94077fd
front-matter.modern-en.json	extracts.22	8a94b7ae848d71ee
front-matter.modern-en.json	extracts.23	09bf441029cd8fce
front-matter.modern-en.json	extracts.24	e118cf54a72bcc9d
front-matter.modern-en.json	extracts.25	eb91be77aaca711d
front-matter.modern-en.json	extracts.26	0dbce834dcef9f2c
front-matter.modern-en.json	extracts.27	e3d7eaf0b818bc71
front-matter.modern-en.json	extracts.28	523a328a7f2ff892
front-matter.modern-en.json	extracts.29	fad93aac412790d8
front-matter.modern-en.json	extracts.30	4b5c8cbd6cdc673d
front-matter.modern-en.json	extracts.31	a17aae9b69b31cac
front-matter.modern-en.json	extracts.32	3374fe2a9702ac4f
front-matter.modern-en.json	extracts.33	be541ac078347f67
front-matter.modern-en.json	extracts.34	538db1bc108b9f41
front-matter.modern-en.json	extracts.35	cc4ae5beb03b1d15
front-matter.modern-en.json	extracts.36	d38c2de43ccd9e09
front-matter.modern-en.json	extracts.37	75160e0da6172780
front-matter.modern-en.json	extracts.38	0331fdd2d50e3da1
front-matter.modern-en.json	extracts.39	4d308f81c7b61f91
front-matter.modern-en.json	extracts.40	44ee161bfdd3fac8
front-matter.modern-en.json	extracts.41	6725c297c1258cf2
front-matter.modern-en.json	extracts.42	47f9a008e01aba6c
front-matter.modern-en.json	extracts.43	af0168a590128a31
front-matter.modern-en.json	extracts.44	87634f4e22dbae46
front-matter.modern-en.json	extracts.45	20a2333434413d0c
front-matter.modern-en.json	extracts.46	577f1c7dd01a4d4b
front-matter.modern-en.json	extracts.47	ef160cfb49f02671
front-matter.modern-en.json	extracts.48	73fdefeec68cc752
front-matter.modern-en.json	extracts.49	1041b9f5880aed9a
front-matter.modern-en.json	extracts.50	daf9f6e3e1a87825
front-matter.modern-en.json	extracts.51	f71b57bb0a90b229
front-matter.modern-en.json	extracts.52	38904f571b22c296
front-matter.modern-en.json	extracts.53	cde66a54a0bc856c
front-matter.modern-en.json	extracts.54	43d53907d0af8ec2
front-matter.modern-en.json	extracts.55	821c3f06f9309f65
front-matter.modern-en.json	extracts.56	217cfa4267b926a2
front-matter.modern-en.json	extracts.57	2aaba4cbe2016d2f
front-matter.modern-en.json	extracts.58	977e6b0a69d3157d
front-matter.modern-en.json	extracts.59	542bc0dee2790256
front-matter.modern-en.json	extracts.60	7a03e3b5bf2e6ca4
front-matter.modern-en.json	extracts.61	6ddca1b917e4cd8c
front-matter.modern-en.json	extracts.62	0b0725dc238d35a1
front-matter.modern-en.json	extracts.63	54e8d17b0aa60978
front-matter.modern-en.json	extracts.64	dfb858ab2813a140
front-matter.modern-en.json	extracts.65	1e1bdf23d3e5fcbc
front-matter.modern-en.json	extracts.66	3c0706a489323393
front-matter.modern-en.json	extracts.67	2a3d2d080f706f14
front-matter.modern-en.json	extracts.68	54446be22195f848
front-matter.modern-en.json	extracts.69	eb5863db4f2bcb50
front-matter.modern-en.json	extracts.70	7fdd94bbf290f2a7
front-matter.modern-en.json	extracts.71	ad1a33e46d4a9d02
front-matter.modern-en.json	extracts.72	a815a84834ecd87a
front-matter.modern-en.json	extracts.73	7d8130bcc5f603fe
front-matter.modern-en.json	extracts.74	25c2a1d08a4ae5c0
front-matter.modern-en.json	extracts.75	825b69caa6e9df66
front-matter.modern-en.json	extracts.76	b95d3b41d4197726
front-matter.modern-en.json	extracts.77	87025aad0eccb9b5
front-matter.modern-en.json	extracts.78	e6b846dcbb204783
front-matter.modern-en.json	extracts.79	3f0a58f193a5c4d2
front-matter.modern-en.json	extracts.80	664a8fad0d51e7f5
front-matter.modern-en.json	extracts.81	46da779ac5ee436a
front-matter.modern-en.json	extracts.82	713c3f3758f7c0f7
front-matter.modern-en.json	extracts.83	a340d386bda5d974
front-matter.modern-en.json	extracts.84	acc0b50a0f5eb34b
front-matter.modern-en.json	extracts.85	4170b4eaa3a2e088
