chapter	paragraph_index	class	review_edited	live_sha256	candidate_sha256
1	0	wording		575c2e8da2a12906d5f219bbd0f691d472579845252e08d6dd9dc4c552c6d21c	6f0f2a8ea3785576f7a6f57683c70f52dff72695258367ab1577036d3bd971c8
1	1	wording		ec7a5c81db29fdbc377761dcdc4325f9563875fc68ddf28603d57efd1484809b	6c00a6de96d85d934871b32620704e430e00d67525b2f94e364f5e323ad4adcc
1	2	wording		1edb6c50861bd76f2df3e8897e8e0132dc224a88373ae10e2b63f85b17c86c11	92b695cbd30da5ddcc91a6db053068825f4d7993cf4781b7365891e26aed99a9
1	3	wording		e56b624d3a0b3e88656e2b5a6c7f11729eea9dc2441f5531e1f9df9a87d9851b	4472b54877a418dbcbe2d9e306de897e63c90ed88d7de2be48186e91c638752a
1	4	wording		a152138969d8a851f703807ce6cd22d39dc16ef7a1e6e59de3781cba33840c21	a069d45db9c667d83b8c8ef7d054707312ebafa1c785bc984379f9bf75a3ae60
1	5	wording		1ce6715d3bc367580fb6d7310d1a8e49d035569891bc9b14f74dc497d051c0b6	9edee6b7e3c66e8fc914a373dbc784f0a82d668fdb1e25c5c97663f3a39f37fd
1	6	wording		f961db91030d52320ced4a2f26cd6cc532944552027cdeb3b2b593eee153e875	4b132b03dcbc6b360d12b3929e422cc31bcbd29cb5ecc8d8a2652998fa64fa90
1	7	wording		6ebba9702926a1397aa3acb2133fdd758a6fa2429f08cbeb2b3570d000d9ddb1	d6d418a6488047724c64137d1d059d43e8b7dfafd547a81f42485c2cf7e20566
1	8	wording		f06eef4548c7eada267c4c71544c491171373cec221fb337de4a45f6da91f3b9	0f665d8fcd79a5c2799938769265660548c658be1f841ac0de4845b4637ab946
1	9	wording		c8a8da68a267847ef7a4751cc95c4212b92789d275e428efa94bb6a7b5e6f364	6f7a36316edcd1c9bf273a446f12036bd733ad1d5c61be1159ceb7fc820e5936
1	10	wording		0aad78b7c08f379286df4284d93c0bc6f34e730ed32315423a78cb126c63ddf2	6ffc2da399b62a9fabb1f9faad7dd40f553db099502a8fb9dd73e91109478223
1	11	wording		e25a5cfae9010a74f8839706f340d2199a22cf1df6dfb6c2baf5a407f0398ba4	580f19b8aa17ba1466621e14d04396d04782a34f96df64a0bbb3640cb0c3a35a
1	12	wording		d148e1ba495b61aa66d2263f928bb4d0bc8512e8c2e26ae22d8fea99e8066859	b75fbaadcb5ae1d781b5df5f054783bf44f9a3eaeb591cbf0a63d05e6ae0a3a9
1	13	wording		e5b75192f004ed36f3f7dd61d69ec11160fbd6f015a3fe3cb97088bb228cd2bf	e996cbdad089ff490204a16f3bd6de7fa2604eac8f14874372f6417f9cea4967
1	14	wording		1b62dfc77f64adc1ad7170b99e7fb928c6418a82259cce862c945110eb60b7ca	515afc3ab50ae3f3f9111b5d9137ba784d401ac79b34bdef4d79c23a54202e8c
1	15	wording		20cd3079fb64c97b160023daadabfd99af0cac1919c8453efd0d2b9b84a0290e	1be5fe7a4cb554842ee45a5a2a7a19191ae178e1025b0384b267d91b1852cc01
1	16	wording		36f29290051fab14fea50f834f1ec7157ad848fcc01f7886caf2ba7930a4ef49	73850747e2b5df14e127fe7f64fb6bbff358e95eda54a498b3a7c20c832ab156
1	17	wording		8e57a113e5a9440d17cc34b131fe6ad285b1cea8812b53cd5fe23ec52090f9e8	8f3085f9f21af5bbc92ffdd40871bb2bc9ffcd351141c75b7ca2d5c09cc0a600
1	18	wording		93aa548f2639d41c306591229da53c1c2fbdfe571af31198765c4e2fe21c315d	6075feb20feb50e42c708aab5f913b285e13d47b8ac2b5cbc1b5530136fe21f4
1	19	wording		3e038ebc90d7e24c1863251fae452dca9f6c7bdd10c424e3d69782f56c5b03be	e8c8475bfcc97ed983eab568ee632595bf24f3872772ec85d160e97316cfed01
1	20	wording		8cdcf45ca58abc1eaf8dd0f6dc81c06f9794e4bacc6e38ce0dc0eca10ccabb00	c272ffa69f944d3f500e2ed44bf7ccae869002d6c3a7043dd837f405783a5c7f
1	21	wording		203f5ce3f96223787aac926e0ede2bd7780f34738fcdac7329e9ab105f9cb272	4f884e17a77abbd5c6dccf8f62d46a789f20d685ee992e85342c9e51743fac16
1	22	wording		dea154bc47f626257c7b8b722788c318956f17d39575e32fa8048401a9c3cac2	c009dcaf519498dd2e77834241e9914015fa57115805aedcfffab7647293898b
1	23	wording		f1503edf5e80cf5729e02308a18b97321dd4254b8428aff3db49afe90afcb379	7651de803cd1f7fd36e01ee6eac307c9ced47e312e69880b1efd5429af9b22be
1	24	wording		ec33dd0fe95d69bc6595988d780a842df7b9f9622abfe3e9bd72007647c4874b	c1b1c09a0edb4c8630dd216d7c81d15d97fe641e8f06c131fe8e634bfe3636b7
1	25	wording		f66e79de8b675617d25d8c78fbcfbe7ae473f549839b09f63db5f26bb4c66eca	7b56ec3c0c1f00609c6b40fb594cb2aa8aec190f530a70a71cf71fb81a25ce99
1	26	wording		0417c41f53e3b6ebf9d009b34737ba4a9784167546462cd8de205a24c2d829db	ac7ab1d75e4d442ae34df9ea9649f81df3a248f0fc737d1ba4a4cf7807024108
1	27	wording		f4bbeeaf044df0debc2ec6eabb70087d98e31c7dafdb9f752372527e343fe28d	815b0f42fae87d69f80b05136a073e5b5d0e275108cfe1c9e413206a6f137159
1	28	wording		38a64eec2b412d8b74c6bddf99cf97bec40a5fc0fd5e5ef86e0580cd9b3ed112	5248509d42c3963ad03cb9f4f6b34974efd29ca7b5bd43e5498d3c7d92787298
1	29	wording		20a817bc72b6b4b1416d50a9ee803e1ed5774056655c30d9eb0f671644b3dc19	776bd552af8d40ca1978494e9bee42188275d10d91ab6d93c1e852b92025b920
1	30	wording		453019fad68ab6c6aaf976106e3592d78cf570432bac1e8062dd19edd2d3ef26	08dbbdb0e082cb827f2d14bf07ae026a3161bc87bd9d6819b1de212e85209f74
1	31	wording		46c6c779e8f96fd9b3a4d3d473ef92916af9c731f4e3fc14f91253f09073d2eb	4026f1f838829c884a8acc1f9950932fdad7f201b0f43974ed2ba867aae2ca0a
2	0	wording		776fc70b7947f0434b5f89ae022d53ba9c0d5dadfa791ab8ad9f8fac902fe957	88c326f1294376eec4c0c4e57c245f5f0d58ee2188994d79bbef260e5ade5176
2	1	wording		968a67640055a01c9adfd2737eeb195dda4a09fdae7eb7a77292b5db2b3d5e53	2e8ab225479acc2d51ae7ffac00b9ab3c6c918e65d742d95cd9b30858933bde7
2	2	wording		40895e83cb210ed6ea9956ff0214b577d1b992bd2f27a6fa61165c1f22bfee61	0f956b1fddd9d11edfa69493708710564513b769d1c736261537b9e406ee2935
2	3	wording		42c2b93b794e000188e7845948f6772ea769a73ce76d2d3ffacdbe2368595627	280d76cd40476551c4b1ba6bd44a24fde71f3e87033294c45b40486d7bb629ef
2	4	wording		34dae1b820c320885bac00dd048a4a71dc249be699e212866e1d422aa8744b2a	2018fc7c1ef2359824b925cdf9f1e5ad518f83695edf18d8394674a65e1aa1d9
2	5	wording		46645b078becb35f4d0dd478f82c643eb1583927da6dab4c7fdc802e237733a9	702e668cb53971087c940e45f5408f2872a9a03c34b54d717a42c2a024232db9
2	6	wording		c68fb15c690a9a71394e7a1d8ded3869f286ee7af5842d98ad07ee4a1d486c2a	0c23b1fad7d6b5b10f3c545e286c3683ba09bd61d2e58268171d7f4366ca0914
2	7	wording		2300b14a65cdd2a586a2ba5833c8c493b23c0c9a200a20e0e297403dc90aa2be	81e2d5dc3eb35064fd8ac15c9ee48561413cada691e9e1651d2b5c4d5f449186
2	8	wording		51ac6ed1207011767e9a023dbfa9eeba6844bb98d5ce084cf7890e148aa778bd	e195c39a832568626baea5c886345aa472c4bc3b0d8da23f32fa67ab62e03541
2	9	wording		a8ef5b3e56d6a109a62cc6b5298e8d60423ff3c66d976297a8f7aa183c2f6eb0	51e083e34cddef7522db10a02947ac451dbe5bdcf0e16497006d7871b2032bee
2	10	wording		1ea2a20a4c7db1f88cd29028e44f278a94d97adeeca40f680ed90fa69925d4f3	44e7dba68076dbd9d56769b01787074283b4e2483c06a3d652a87808a2bed739
2	11	wording		db389b9777c6c08e95ca2cd2ca61c6ffb982c1c322057fb0b6d6248fe8ea0f1d	f2131fe78fc6226a58d88ac5fd139a18071a06795bdab74d7d6c6af2f0c1b243
2	12	wording		62586f56f7f1c09328db054b252a53dfd4b86b5babe51b1a54ed98a6c8e8c551	cb6ae880a0c43b99e81aff8b42fa928d64bcbfd1ea4906fbf91977150d680400
2	13	wording		8c5e98b7ae6bf0688f4e2fef90d29ceff0bf1ccf9a04005704efb89005e39bbd	d5770939bd8f139e8e211a578b5de167a7d1f31407fcc80502ea3b4d1b166b94
2	14	wording		9a03e14b708f856e66b11682e180f1aa2eab90cdf170115846948e5a8ff93903	65222868063d21c09e56df9e718c5e76576ef73963335a3a0a8e2798b1f0a226
2	15	wording		f47a17df44e7181c86a3583127a6b012e26b0dbcb807dfc306ff95f6822752ec	eb60f9921edb3101c5db3763869438dc9ffb24730871765e375bd5a94806856c
2	16	wording		a254dba661ac4d719adcf92f0e6e14706bea5c1e47d345fa7d81faf1091a3808	12db96258755307b521ab068e133d0d66cb5133b0af3725f9c7a37245042c97c
2	17	wording		26b150913001b7594180ca24d0ec03e2a90a7639260d71dfece4383b97f47c1a	7690414006a680fe5626756918f16996f4b861a4e328a869cbbaec894015f9a1
2	18	wording		b92cfe5fc96b79e3441aa03173e3a5aeaf096204bad6bbce0bee52a2dc8cdd92	1dab6ae49844978ee3b13e8c7e965f62679ce09c8338cc67af89cae7a2deb05a
2	19	wording		1a990a9a2de6aa0971e3f7239f0873d179e6aee7346e54e4fd5258070054f617	c41c799de5172d2296d45d74fb8b1b15e4f66109f38f065990bf89d02f21f0a0
2	20	wording		c9161055e570e7dabb4cd43da38ad6d7fbda6f0ed73ad3f95b69db61da57c552	a35e71b97dd8323354221d3f1ec6b2b1e3639e3e360028feee421efb325be71b
2	21	wording		2c10be238889e4f4f06d11170ebbe927db3c1f219b4ade3433ab58d94be6990f	599b42706d3da199d6fc251d2bdcc5f7b571cc884f81234ec63076c645a2c57c
2	22	wording		d7117781b7179f3e5a4b479e86f87800c0189d4fb70e54cf30b9a28e61fdf96c	88f071eea2ef142d930171081edd5dc1b174c430ada8ee1a555a6f57bc7fed98
2	23	wording		c0e7883b3c86a209dcff789392d58d207b1eab643d481318b2cbb27049c133ab	4e674e6ce7e67c6d2562de56ea9a380547d377ed8d6a0a380650398724c92d07
2	24	wording		c6707aa1ed00b593a0be6ffcfde0fdca229cdcbda6bedb77fcbadd0392b373fd	94412b29269226eaf2b29b1492a0645f9a0d65459548847d89712a8b8f48565c
2	25	wording		ab9056f066776d2ae9ce752c1bd32289121b0e31d922ee82151ec822530660e4	ec24ca63ae2356aec419154726bd2b0a8baa3ae4add682999c921199ca5a2a94
2	26	wording		7c3994dc8d792a46bdad220194234adb84544e32b1c6f193f1043df8c566a0fe	6d0e912bf1c149ab2280e5dbeb76874edbf4d3c18d97b9917065260f8ad96b41
2	27	wording		f6f709836b200bacac9521c2e71b7ecaa2afab8a859574ebffa52ce7a4f81892	71b172866ef53807cc594717f11a3ff9ed8b6d07d350d244cfd6222bc9461879
2	28	wording		bdc8b319ef7a77ce9390d1718a6aab72323997d276849081b7477befa1b0c553	7012d509523a77c832c87926b5101dcf1564080ea104a3991300af5f67919bd9
2	29	wording		6e9640ca9e5620503950d177da4d80bbb41f0d4f87a23bb292d45da0f366c8ed	6a09e69ddd48cd80fc43a4a1b6a6de7765866cb112a2231d0f1c14dbf6a501c5
2	30	wording		c2d16ce10d0fddee653bc56424af2ab2bcd2a19de8628215851e95f39ba3be98	40005228e0cca64dc62106cec700043117aa605beddf64d7fc0f4690408d6c6a
2	31	wording		a9bb1884023e7a454e0e3c6144a05e7b89e4c7b25841684467828232c1578378	824bea811527a1f26acf7047dc7ac8a72b25a42bb168a673f1ba9151332ac756
2	32	wording		5e8809b14cfb2ef4c1329ff95dd70e3751586d3ab020ffc5fdbc5c6e16ed8cbf	4689a9c34cf2876be4d4b88aab0b78ea71c4acfc264c9b0857bf273e2f25c1cc
2	33	wording		e81574330a62055a28fbac50c5619d8041fd2b7044c00926d550650edc42cb97	b4cc20a4060f9e68f9e906f717072ddbea1bdf6aafc61c9fc66aca1a336a76cf
2	34	wording		4f19260009dc52038e28f7ec743a733517d9104aa592ba7c60deb736180e28d2	51120f9105c8f252942fed31e5e4eaf25e139a212009f3c4a304bf89a9513047
3	0	wording		9255a90d377e5f8cbb8a80f67b3fb23adc4d853af507bc716bcfca8367a03387	bc490ee36742eb4052869ddddff492863a3ff65d33637a556cc17fac70480db5
3	1	wording		8306c1e79710eba3fdc15e501c1109886b5a930354b97ce47a3300baad9cfccb	28944f43592c4a6cf23172604b6a0add045efbdae0945461c9df23fe26eb8cb6
3	2	wording		88a7df1fa760d362e4f4ccc79bfae2f92d474df4612a2e772b145aa120e227a1	cf52e8f73d9487d957762514202d3952922cbe7b9bec72fb8c8696628c5c43b3
3	3	wording		5fa4e108eb533c4cf8e32cb5d7586ad2d5ab9f7d7549662d5bc8e14d16965a8b	8acfcca1962ea49fdaa510e1dea31cc40ba22f220afd99cec4a7e2883ad28cbc
3	4	wording		e24e5456628b352aa3a870de1d6e3ad486c2e8910818bda099f1b39cd7cb9519	9699182645d0baad2d9bc18b4c84499295937d692e73c6036ddc3221b9352063
3	5	wording		31a137c75aafb8467aaedbc36cb8e3d0ef99a4265275aa9783479ef2c536dac3	afb5bcdbd67979da8eb46f9a163d81b3ae586fab425873dac4c79f82cfc95001
3	6	wording		fd5999c5055ef6eeac2071de5f6482f0eb07b30fdae090aaddfb3fc1fe4a5225	89bceb1a9173488ef04d0de283fcc5d758e358a5ecc166fc77ade3dc2687df38
3	7	wording		4c818c6ef002e85da2b19b638ec7d1ef88d38cd5998db583141b84ab809100dd	3196b481afafda626ba67aa299f63d3aa2984f8f7e59b6f54ebf07aa85ee1f25
3	8	wording		d5fe903446621cec0eec8ee51f51c569c0094535795d75a5576688077a407929	0fe88fff6c5bf4b902f7616a96ce4a100638d2d96fb28bd8a5dd1f9c452d0cd1
3	9	wording		2893b6902fe58c93940d515eba77146dabcfcce3046ec6f9cc99d336a14e7d3a	a545ad72d575291f184abc32241bf106004f02df3163cfa795dac43c8a92c4ef
3	10	wording		6045d2b248ed65cb4ad93e79cce5b904f486eab84c1f99083ba01e08b4b6be49	7958c34ad9e1a6c258b2a16bafd0ef0c7d6dc3429a9c802f4d6d496eea4b5dea
3	11	wording		4a7fd544adc899ed6d19f42f06fa08376f36aaab890d4774d4699016c976161f	d621d3a2651f7c4d2a828a9d8782c27df628526318e76ba123ea64f17776a904
3	12	wording		ae55233662e3b4af825d7bcb23fcaee205a496b8e687a95873542df5a077ee42	e20a19a96f75a1502952f6ce50bcddfd75902284b47be6fc6dfd68612ead657d
3	13	wording		ad2a6984b804f259f15d654b76b0bfeec4205c301f734818281caed9a0c45cdf	ebccb1b475e52da1172737d48135d19877d32038b0cb4f004f4436e066105d82
3	14	wording		a0b17b80e913d218fe99f0acfa55eb05f9b9c6d0b8b24511dfc2a708ffcd3ab7	1616c8725e92107471787d591cbb238d004c18f0d4c59a92d423273aa48074e8
3	15	wording		35d1633070c8201d41dd3d2a2dffa75fe3ba147d8585e18266ecd3d275328a0d	53116e5e0b2308ee3bcd4acae96b495d48c185dadc0caaa247c0d19151daa702
3	16	wording		8e36e385377efbd54b72eefd95a88fc9303bf3fad40f0d711242abaa23ab5e2b	53d54c71bdc233ea2918e9a46b007e19a8b65b393cd041ec1920535eac69d8d8
3	17	wording		182851c2420f6ef7724af3c974f1c9c62c63b1d126f2e141859935d966908fd2	282de6a7ee178940d2a0c7ddcb636b27954809fd39d36b1c18fb854c497466be
3	18	wording		baf2b512a0204f20ef0abf24accdcb1263af43f74bb6accda7a8fc395dba22a4	70f57452d8d0a3ef4ecb5785cd8d7269dfe73cc8464d847cfaab57a9c4d51656
3	19	wording		81d9be65c8ec196eda6e81fc1d274b0f9e04a3dd6ed601d7d47ab4f8a16abf05	e3a4cb0dd15561318e08ea20aeb3a20961dc0116cccb80ddc709b506c59fabb8
3	20	wording		b59051f432e9983fc5cb669009baec1a842b53fb96ebcd53ad34b6c97dc99fbd	c54e1353d2fd4de5942b75181cd6b68599d610abf40e3c66bb6fde7f08c10d14
3	21	wording		c746dda19c0c98ea34548aa502548fe189469c6462daa67d353a48aacd88df62	45acfe1e759c8eed7dd714ef88eda9b28a269f33cbd5c2b0f950d2c2c757e8f1
3	22	wording		569e82cf871fe87049e50c90450184bd016c81649de2854c7d7ab3e8b3052a44	e3d8e65c90119965b020dce4f983456c05c6ee8d59ef263d9ebba898a382e7e8
3	23	wording		40160cfc02f0bfd5e77bda7e1ef9a044221845a9299228274145f0526a256250	a686e1485558dcd479d1c5dd67d0ee455f18adc687581f80bb658a8fb7e3c774
3	24	wording		0c3a6fff1809ae5394c56d7746b7fa985cba93ddf98cc9c10f66c185034e4a7b	7891ccabdf533bae7dd7a87bdda8a6f07b0942c06b5e640622aa018eb260e474
3	25	wording		3264286c5fa192d70d566ac3d432168871b2e564b1f3f7e31d3ec22ff5952808	837c5ff3227bdb923e43c544d4b04adddfe5cd6661eee242d0b5e048bf9bf82e
3	26	wording		ded429adfe099eb2df2053cdb1b7c4fb7751fa17feedc9d0ec5fecc45731bb8e	b2f5fd9407d66aa89dcee7780c498e4f1c898fc83ffbca0884211a927cdff63f
3	27	wording		b6a6901ea3fba14bf30fe30b3b19b3778dfc66df4af9d6639748d652bbb49b7f	437495b30d15e57511cd8e1b15d2501315ca64afb1a8af3740b1050a50080d6c
3	28	wording		58420134b26031ba5517640befff682daa27345e679d7502e56460b47300d448	ced96606310b7ce49f88460ec4469d92b5926af5d650df7a4169e907281575b8
3	29	wording		c886c44675f510fdeb064923200a3cf5cc3711f3b4e5d9baff6f26c3792a66b4	aebe0f49222adddbff72d9585b4d6caf5df3f63c20ddfe0aca84a3dabb8e216f
3	30	wording		b452259fc559f4c77fbd18020c79454b55c84e7a6eae7123e8376ed8fc3a6f13	436070fe8aed9ef7dde965dc69f07bb78b53fef2778a22093e66bf698c9ad064
3	31	wording		d5c65c52b17a1636cc61ecf50ebe2a941df340d808aae1887ffed01de68c3429	2729a09b1f3449cc41fa3e2abaa47f169841375740346d205c6b4cbb9aefbb51
3	32	wording		8a2464bc809555a1e433194e7f83f02073f0ccfe2804fdbe23716dd79888d23a	3141de6abbc7434413b0e1081f6f34fbab4f8c7bf44e3c0c32a05bb5449f8e71
3	33	wording		e5332727648e062f283fb3145934d22a653e9bbe7f94a409f87045ca79af47cd	bf29563baa8e8b1ee33760d907be5ef275dea4187d45f67a709e68576223d463
3	34	wording		06bfb812459a992002081ca207d061a91240d8a303d46edd94db78865931b19b	270b2705ecbabdf53cddb894283d2fb86a69163e1b9e43fb4e4eb9fa4484fc41
3	35	wording		6bce0119a9be7977e8077f40d3ded2690fe864f57c5ac3ddd7164d488149370b	bd7cf90e473f9197b4645a3dd863ab1b6a2aa103f3373ae2892a6002e315f176
3	36	wording		465f6b88e15e45a80db27bfe3fc423cbbab19546a50d0526b0f36b7a215cc2d7	8f691cd4c7accbf180920e88c10acc82f2a75283e51d312c0b435e64c8f905c3
3	37	wording		d9b6d8d1e1a6eccdc3dea51fa8371469cffb9470a920fc87a6eb3ecd78866d06	b82e864d15d49a08266b734529d6a217486f92c804b1c81ce6dabd472a13f928
4	0	wording		0cdad84c00e429f243829379a2b40bc5f389fd68207c224e8a34c59f075f5bb6	a7ef0f7b531fcf797f153475b373f46b668ba2d0f3acd886d1d18b4788b0d4e0
4	1	wording		2d4435f608925ddae08c4957eab115d51017220976183e15f3320dbafe47b8c5	d4f4f4966557c69e2db67b73f3a2542e742de06a688f29435bcf00d71b982eac
4	2	wording		323a1639221446d2534709acd74930a316a6487b56b0aaaff85780e90e489dbf	526098e66344f09c94c90ed565b081182857e333b4dcf9984cc1c52e8cb33bb7
4	3	wording		3debff4b07f70ca2c0d08d8248ab3453aedd5ad82fe169ce5219f0aaca3d49d8	e5d49496bdea330f5e9cfc351733fd7f3de87284fdba53db2ac4a08ec35d2dde
4	4	wording		c067ef91451dba020afaf8088855333d8e5995d5af8e91fc1f30678f867160a4	1826e9cc82d1febc67445ec4ba2f580866e3b2a3d4cda7d60384a88a2b3be458
4	5	wording		622ed75b1f0a5f6964de15375979f873cbb8fee7f15ed5f342c38472af4a5050	0cc5113ca992c32c1666d13b6cb593634e35bf96dc935d7e5c2507ab618e09c7
4	6	wording		c9b485977e9dac34a5ba8861769b308f928fe1b36d23efe25242ca8d1a25e540	80c5c8a50d28392c11c25fd021416b1966f7aae4a03f22d36ecc272d107bd5a8
4	7	wording		237580cce0de1dc166fec90fd972d4c740d4e598923158c70c7f512560a5ca7a	17515c42dbff99a5b7eeda07e6cf065a6075961eef4837cd2d06215db6c75735
4	8	wording		968efdc241b0bdb575cf65b9bc39ce175f5136e63cadd000bac1e09afad7f258	fe0836421ff6aa178b1e3f0df6706725f4da417cac69eebf9e1c7448835c1cd0
4	9	wording		5a8f55dd9185ff0b8072ec6a5c2816d5d15b1a40f4b071feeefd711745837595	8c9a84ca5c861f7709b41fee1ba8ae5b9ea914a6b6f25fb7d43751a72e269313
4	10	wording		e3fefca8c2fec55d459d04cf236bd0e981bdfff89e9bf056732e524b5965857e	a98e4c7a861f761aa0b36f42a1377ca96fa4de2f074751496f2daeaad9c7cabc
4	11	wording		6bf0fe9c2f363fb95b6bfb4e7f99569dd75b533ae2c0f070b613fd370475c2bb	68d1045f37458c911056956195d27eb9b6d0191b0a5c159b004cf4a396fec514
4	12	wording		1186bb97a30fc10214f0814d49d114c8c7f166a96587bed2f1ea1fd493ce8e37	4983a4dd8f9844d28a32527ab6d9d75d3447ec818f5ddd3a39ce4a8d5bcc3333
4	13	wording		d8ab8d60cb2d157f504102e3d8b02d20f57958dc0d0de9ec8ecf6c13f994c874	e89beb809108d09200cbb41ce2f61cdce072752f08e3c9c052f51fd96b3e84d2
4	14	wording		d377f74a3ef450d9dad130e23c069c619dab477a1c553c767ccae27e75ba75af	c37d1cdaafe6a420d2501563fca3ef2eba8b7fabaddc44d5d79b0aa084a690de
4	15	wording		a9085c38d85d9ce3c4a58f021c2bb3cf3eef83d11f6a829fbb7f004a6d135de9	f25e68e59e4aeace9bc46056caab2ba219ed2c2e9c0e146216049232b3318360
4	16	wording		d285b1e06536394d50e08fd2059d40dcb3a451224a001da38bd6868b9e8cae92	eacb30acd6f001e9f61a180474dde493485c1a18f439789dca1265f6bab79e3c
4	17	wording		ecd14217214588270254cafe7477b78bd6089013df630e21943926231584a965	4f01daaac19130954f0d3f571287dbfb97992db36688245ae130e5fa277f3db4
4	18	wording		5871d2d163f60ef19eaa82c55eff43dce4e467cfbd889180e85c8135acbf8efb	81fc9834941666e124695640ec14783d74d7f419cd0fc002fedc10193f05deee
4	19	wording		ecae20d79d21a8040b2560e4933deed63d52da0b77c4ba74e8261c50646bd661	ffbde9b1944b1d167f80bf96d45d493740d30b62b66d3759f488f296cccbf243
4	20	wording		d94de9da021c6bda21953fc8b2221dd1de3a23543a6db122d40b6207561c9462	b5e147f5265850b35f26b055aca24f22515995d87e794923183ef688a576a836
4	21	wording		00633af0243eaebe44eaab8a2400b5fc856cb31762fc22759a5c37225e3efd6d	71d2b56d923f795e81bced4d0584d6ccb2b0022d31e02678807156c7aeb3ac00
4	22	wording		8b06bc02c92bbe359ef6086a05ab852037d582efe2d44391a3e102299d0aab92	d7bf6987acc414eb21d71fc1b78f8242c3223922c7e1038a94527b08fb154553
4	23	wording		646b89c7f45d54aaf49e2cb83fc9eb80fe5d71bccffc8bbcb67ed976cf850a30	a4a7cffed65173e8ae01a7cfffcdd8e0f2960844d9865a30f3ec5d3e54777e38
4	24	wording		8d01f8faf8aa65b743b5f1d4d17ef73b54c4b93ad8935fcee1bdff57e66aa6a7	005205b2b7f18f7f6bd73fa1e7d1d36f585c04f99b469b65895bca12c8f7a74f
4	25	wording		4c3af90568522b6deedbf478388eb0a2c991ebdff5b1379041d33f3f4363b64e	72b7937c8c156edb1fe57951c9aad6fd8d6c3216dcdfc432f3f9b0824c331e2a
4	26	wording		9d56e6fe46ffd3b352438e0ab2bd2cace72e122d63b638f857e2b6a648d9c464	fcd5c7a31865fe73b085115b76fe1c06549d0828fb224873d2f4883e6ce47f8a
4	27	wording		eda34ad858fdf5a1246f94d344c08269491dc74b2e6f350b344a700e467b31d0	7bb96fc963c72f83cf67a6eadda1cb506ab7483e679b1107ead2c0c8ac186e91
4	28	wording		878bb93de8fb4763f731d35fcd98806dd6e515f2533c99f3c4e27bc46baaee35	3b673fc4bc5188006f29f83bb5f4774daef70d3e435225437e585d96419a5ac1
4	29	wording		02fa68ca6ab3e3e084bae639773202cb60354a298777898dabca930d1e0c7d81	8e43e8aa6a3ba65a0312ccdb227f01fd31b234f2f7db06e29d26bf31146b86a3
4	30	wording		16054f8102d523ae5fa00fb51bb226de7bdb13dc5ab2444a2efabb775015ac15	14afbc62e259cb2abd76e9884eb64433971848af898ebe7a839df2247f3543fa
4	31	wording		ef881df0e4d4db4d66bab79ad9d4fb5a4e59f29eecebe23b92c152d13e5be335	e77a18847755526bdc431e2ca79af62c1507cc2cb12b9ea58208a4240532a76a
4	32	wording		cd65c984e80499bf274a45e7a6c6172b2453323db4aa7410634503a47a8a19e4	601700b721fb1f1cd15dccd02ddc16d8b743ef8fc7da62b8fa49628eff1e5b3e
4	33	wording		a34c65b87712315594af7ec520262c0d4112d2168976817e1df2a554f1464c86	cbc230f55bde9c2e9ef2f1186388c691245a7c2e8fba090c38ecba72fe155c4f
4	34	wording		605d57b5d4ca472957a550fbcad1172e2566c0d241220586a34c10484f71e0b9	eaee21ce1bef6d7501cffeae1aee995310c7fff46fba589ed9bfc1f0843a527c
4	35	wording		ec2c77e42051af55e3db239f5c7513dfd08c7975851f5b2f4bc3e2e75f759895	f5c34ff96f3f8e6c84bf348ef22c7a70b6ead4ad04a931aa7ea94a72dcae0257
4	36	wording		d00d4af2e35c2445dedc81f65e5976225730176212c0318b72cfd2458cde9273	6879153e96ad78cca9b1503f0cbb823feddda7c42db3eb297f907de62f422201
4	37	wording		7e6ff60bac29aab51bf105978a9d6db1e27dfe0a5dadbb78b2050df1dbbd01eb	ea400eef721a65c7fb89395b49c49bc41671a864303ec911014f55173ed598e8
4	38	wording		c2b4b4efde14a898340be4fa7d3ef24d04cf78db984429c05af658908bc22a6d	980425781bd7cfa24b3b67a9a3c1ff3a59ad3f7062247078521e76171109d5db
4	39	wording		dd48aac0a57106d7a0a3e056e2095353a14c8b62a2162bf5e99238232e2de82d	5f2e264ca76ad107b9a279f9799a9185b3a3b17d80f26a1e11856e2e4c7eaec3
4	40	wording		af06abf3e49e43f75ace5e136adaca318c89c8804df03ff4589662b031c05a2e	1417512d85d878a3583137376e0c1c2ea0d85c7b4b1a26c7497d36b272d6f264
4	41	wording		5bd7d9abb57861ca4485256dafeb90373eebe176b887318476164c0b3639d4ab	14492d45bef86e8cf4ed01c394fe5f1d694416066702e10e25e22fd423bb85f1
4	42	wording		14e4ffdf1039dea47ce7462cec8e47ff9b4904bda4aee3f0ec88d6ff05c8befd	307856945f77336400a145ea7785ff19d565f0220de2ce738ef160412a0934d4
4	43	wording		659bacb337bcaa4ad0574505c6922f6281b123b78f4847f8bcd9df27e2a8994a	7f05957b2eda8ebb41d8cb215e87b28ae387d9be3772107e7ab26c341591580f
4	44	wording		c69b2af2a7e862a74c422815dfaa72b03cc6bc471452663773b677bc5de61640	a4c2d877ae3583994d7d615420e78264ba539159835b022c2a454515d85bfaf7
4	45	wording		f266cbf8f2dca1e35a9492e3050668afed1fee1225c6c6ee5be4a7a119f55d23	1fa0d4fe9f57090a5d6b1b2516473dcd48f560631e56109108b94370c972ecdd
4	46	wording		90737cf18881e52affa02b26025ef4bafb6b6ff2fb31face61cf3efa083f24ad	3a41b915f89b0dd085bc25de14aa6b6d71c8447d6eb98da93ca7c2790d428257
4	47	wording		35633f94aa754cfde1fb617d69c4c2590d03627dc29c00ae5d451013523ac067	0ae874d4a36f23103bf82b88befbc7184d8ecc3ce8397a9937231ea1ea428fe0
4	48	wording		f6b83b170532d2f929d6f537c83e02fc44c3049846b229f6334c1d376d1f4e44	fb85cf06069f3f9a41fa0f09123653faec59a22d979b288c3c010eceb7cd0076
4	49	wording		26ae432a1b4daab916ec0adb70ee559ca9d3150519256b727c837794cd87a856	e5885e9439e0d76a5707131783aaebef2e48317855ff4ff8fba9de981eafcfed
4	50	wording		1c565406d754766699cf083593b59b3ba81b746c681a70742ac26379d1a04252	300b4a50f513d221d8e35889b9d8d61ee661526313e80b2909a21ff82ea70662
4	51	wording		6b171827c23009d485cc6cb6517f9c70c358039cc1d3efe87c2b68ca3de95fd4	e5a3b9587de62437a4fe186acd14326cea8e27c2ffbe70e24ff35dee1f9b9ab8
4	52	wording		cc9fbde482f45f854c138f2234e9546a69ef0bad49249e2e3f5ee1db861da2d9	6e66fa23a3fe7fe6d7ce286bef6c5c2d4f7aca7b7854b3d702ae83f4a34bb829
4	53	wording		9c658204ff59a157a0eb882c12be1c5b073bd96d48f1da4451ddd7d8d3b62489	6214157dd075bb31c1d6dc2430407940dded4d54df55e7a78380b42520eca01f
4	54	wording		c51cbf6bc3fd7e9cb8717939589e3ebe6302db3177fcedebb7a67724d0b124cc	f26af2b3fe47b5944562955ae03047f06c8d459f62ff3dfe966a75eacc041875
4	55	wording		11220221de0aa42d539f78a89d6826a4fb02c2c6b2ce6a9b7e3d4b4e6952cb55	2319c403b2367723793b98600758766c19b3946ca30f008067c8dfa25e7fee11
4	56	wording		556c44db99a0939c9984a3e35a7c621d406631439ed246d603fc89ebdadc6a64	31adf71f9e5bd9319e253e4d549f1cb8ee45ccbe1e62aa08ede1e6b7bcfcafc1
4	57	wording		d31705f4a293075429f264d3058cb8895929ee40a349deffefbbd13f73baa611	6f1cc6421e16bb3002caf987830038a592872c96f6a10236f1569d684f206ec2
4	58	wording		224486017553880425b9134edf9d0585398b13d02d4be4f6e53f0832261cfbdb	5bd7ebd9d8e0a47fe4c49b20385407a6d2028377a5d41befaea245d4081ebc6c
4	59	wording		f127ae7eb771ec97c1d9f8b39a78ce6d9508b92f48df41a2f4048f52f1ac3f16	270b627f5a8001df9e795f9cd60a9b2e3645dfb0f864ed09172790e15c70658e
4	60	wording		58b4d3dd03fc23df0afaf55503688a05bef978411cb698efddfb23dcd52a6bf2	2f2ae564bd7eb33114369c812fa6c322f70b537bab8b4dd4dc7a5b4994ef5054
4	61	wording		b39422cc173e8d1b016f1967ddc6ff84f165bb1714a5095ddad6b10c2ddb6170	62fdb71a2f1fd300b73d49655fb7490bf25e0ac4bc6d3202f450a61f851d2abd
4	62	wording		0146d5a71e97c3629f38c27e99a78ccafd4ad82f2ad820307d11f0e31ae61903	5e63c5cdce98c139c2fba1ff874c37d7bdb7710317c0d7b158037f0c19b4caf8
4	63	wording		6042f8cb85189afa1df2041fb9fb73e07e2bd8470802ead50471f6b3b75c59f7	ed4d861f4dddd05927979bb5313d2fe93bf8e05abc9ba469b355f3af7b6331f8
4	64	wording		a9e016d7ab828474beae18c11a19d68f6e5f48d35dce260b6b114e7a3c6dc12a	a635698b2e5383f9341fe2c23b2096d2bda7913bd3bc8ad5c9919a72a3d4b205
4	65	wording		725b9839f85fc941451e47ef95d560c8c66283b6b1e867a547328bce29d43d8e	48f0f1332c73487b4e7fa5daff473ee35b62f8b9085be58399bf5376ae3a8ab1
4	66	wording		311eb18f2aa61e7e14c23a9f2be7c8ae4a88987e3a676121e2e7330706cbcec7	f364a0b59f4a97ffddd02fbab1ccf0d6c5b119ad5307768a876aab305b6d62fd
4	67	wording		3f587e793fc68c0736ee880ac99a6558f4eced230101dbae54b6f8267af0d2ce	f498108b0807980591be8a34d100eab731967c750e90e9bd3cf75939bc69d1fc
4	68	wording		a68d63d5643c4835d6e1b98f9bf09307d2da2202971d1729c209216b35978bc1	bd07839ad9940cded611670a31171f99a3df98348fd0aeaa2828ac10956cec91
4	69	wording		10ec72f32d67156afc23d1b49d6c9a9843665fccc7a9b8945fe1f435097cc074	d4714f3b89b9970544d3f1f837144fbb067b65641f47023f3b94d7a28a38d86c
4	70	wording		3be025f23a6116af1eb6ffcf835dcfbbc8137b96c14fc616a63ae85a81afad95	42b66f61aa23e34baee26e8929ab13633e22b8c7f1d0586f84f9c141b5d86341
4	71	wording		922b7b7771f4fec416ef0a077e0b47b43caec9d98a4b62c66df2e395614f47f9	e0484e2d9d789bdd3666a9caf4d6bf05e586d07f25c9d425083bfe06d8f5ebb0
4	72	wording		f75d9387b0cd708f8f3649865b67e213441f5514d91f3a7c8bbcb2f90c46fb3d	3b54b7c3eac950d27e24b11d327e0dba5f7b9ea6a3bbe38336196bd110693f2a
4	73	wording		3e63727a245aceefe6a73456aa7586cccd30664eac5c07f7b6ba4c1ced4a8dcf	f12ce5afd08a55108c8a2f3ac3d207546072efb7616bba9a7342a795bc8a4ee4
4	74	wording		2fcb714240754c64bf5f2dffd07ce829a71a8364a174e25a241b43881ee8f078	8e55876c72fb884f3e055cfe8f00809c6c22f0a3363a105156b9a84639c4fb6b
4	75	wording		2a994c41167797073777db3b2d24f8b7371733717335c2b750070887257b7ff3	198bd9b4102f60bb69fdeb3bc1060406a255b2ba8812f73008d5d40a462c0ee5
4	76	wording		81a85f077bd8075c607050e98bc4fb768c414a667467037c0a4f39ab29546148	0754c851daf339f7e8c1a7789b08eb102e4f02635bc2e809c97647f31489c090
4	77	wording		51b3c8e07277db5ece8f2bc9248e1dc8e2b785f8e747f688e9fb39d4272d0a22	80b7f58e90744af772514905f4f6409e87d09dd1c7c733d436738f2ab3f4ab18
4	78	wording		732481c027aa775189a45cdc4a0d2b011e80bf2a18d598acf2def5007566ba6a	6fb4ba9b7299ca77ad8a589e1f4fec1a6d91974748f346bcb470ee5df7f945fc
4	79	wording		b224830a5ce7ecd48abdad43ea86a99023b418b6fe5a7baa213065dddd33b0a2	91bae3298442f7c0cdbd8d338610a9703046a4fbb423e96558b694b4cc330a77
4	80	wording		f63a86f9ae0276254216de1b8488e342a8be2a68ce87d1688a243d83bfe6868b	c1b4e3752c405a1db6bdc8196cdee2445d9a2b26ca43a2e4e45e1818300e1fb4
5	0	wording		acf3ffeab3c07ad312a3a8c06ead9166acebf1e02f20a00196e9b96277b4d671	91bd222c2e015ec5f935bba7e3f0612121bcd6a6ae43473f2ed3d4fbbfd148ae
5	1	wording		f4cea2e0173b30acb7c98248b4ced639f1a7657b9bc4dd3516ba07a39c40486a	e9fc3c1eab0736b5b18ba78ef06038d182553ad3208da27746865798232c2525
5	2	wording		11bd8d96648e4d0931163f89dc39270da9260f0b879ab45447246d126a2fdac9	3796ecbb44e9e0db1c1f667f3bb0a2f985c317ac834e47b8fae5e18bb67f37b1
5	3	wording		5027c5a610f841c45bbfad42768632c9eb8de2510eebefe73ee0ad1c19d9be62	f6fc060afd9b0028f1c53c585b513858aecc0a43649c4e61e5df92da03768609
5	4	wording		c33b24ca9354ef4f91890a31e3cd6c208975d7f4913d6b432bdd00c95d06c979	0adeace269c11edaf4a010d58b5b82d565084e9078d34ab303d0dfc57ed1d4bf
5	5	wording		e96ad4b9748fd2c988958b76b9788a0182452620efae1eb7164e516209580738	151100b51f9ff8f178175833db20afce28e9c28584ede0c60d431ff3a43fbd48
5	6	wording		84ac60f519969c987fc415b026b970107dccf791f6c27accd1622948b3b27469	de77e022364b877487df4ebb8bddadd1238bb580304020332700c598c7ab7c41
5	7	wording		9555b98fa3be1cbe0283bc42ed96a8be656d83500c2d9f4ce4933cc973fc5000	d5834105fa432bb5be5e7b06828e69f2b1e7ad42ad8b818269e85391f8f62289
5	8	wording		4a3bbae62f76737f1a6819a30a40a2d770d9d3d23b4e1e7cfdd6c2549efed5fa	41cbda7306185217c7dd9802b98b7536f27ade828a895ff6d34a6fc165e0a810
5	9	wording		c16b8dc1c1319bba98f20f4673833eed595107f2bb84c92d8e96d54d257fd9cc	90f31804afccb4feb67db54d4e01da5761a8e4a2f623a0698d27ea06607ee452
5	10	wording		48a6aaff14970d52e260911232363b989d64fe25fd92a378d918f60c129d4f7d	b76496f943e36299a4a135ac378a84c59aef9d2e1f0f9c24121992dcb426b900
5	11	wording		2d2c65bb9fc9d298922b0c538399699a25371a6bb840a3de14b520a796774fe8	902ee99297d3b92421b1316b13d8abb6f76095f1ac1d5b4a159e7cfc00b35863
5	12	wording		73a1ff7c07b849564fd9abe330c917822e2c558c9edda964f48ded262418c2df	4a588b15029b3439da6be6e8fcd4a859ec65a1b013c34477d00aa00b84ef4818
5	13	wording		e7bb792030353a12fe85b5b1c30c1be4990decaa94f0f661589573ccbeb599ba	0977ceb3a6a8fe16475e42ab4bf6bda49abc290c646c60edbb13f74290471471
5	14	wording		5ab5a4fea296a293df1bbefdff112ce7ea32363dc2548e4bcf20a26b815bf311	db09fcef1a5300e6951429179c4b969b39a29dbd589ed9f01fc01f0d031791a1
5	15	wording		7adf1238ebe3582fac394f1c64c9ceb56149da6198d80d4fca371c74d7f97db4	044aa1cde5d564c612d737c8bfb5cabfbcb5496db52e5f1e099d16b38a004823
5	16	wording		db92303110c676caabaf2243921a5b9c953464cb959f61ab3223d7bb5e220936	fd0db10684b92e6baf53ac31cd95464a1f1310d135e5132e6f0a6edc199fe232
5	17	wording		fb908eaea64e8e0e357e025fdc36962ba118a6cea50a91c9a14e6cc67b4d0a46	4e1de67c3b8282a3c16bacac176c8242a1b7f1f6f438f5bfcb015c26456c6dfc
5	18	wording		98d4c05bb7bfdf1cc532b8b7ba38c8dbe022de1a88e43aaa8e98ce90fe93ac07	c0d151c7f87af4d8ac6d9e86d6d5d44d79c54e62f31549cf2c950af4d0bcf1eb
5	19	wording		6505606dad9862cd00b525547c53a9cab2c2d3721e53177dfa39e5f3b59d7915	7a16f7200aaba25ce4083517c6c298f0c3f1bf22fc5cba01b9424b20baa822e3
5	20	wording		e59397d7499bbb44ab2ab5894fe72d62dc7970025cb3b3fed8d78090510f84e4	44a9fdda4202241fa429c6be5b600549106df70395ae41c8ea1df38cd438da3f
5	21	wording		8daccbc6db7a59c62fdcd0017003da682b7fe5e5afeaa3d72af2f0fa382434d6	05bc9ee329747cb8c73a7dff3d24c56d84eb4797c583f9fb2e0d6c9daf3d5edb
5	22	wording		e79dabc3e7a6515977aec633aa1783561b7dbded10de8fd8533174d4356aacd5	c686fca5bd806c0849fcc7ea682d5da8134c70112d5909020471784d1c0adc4f
5	23	wording		0a8781514dfd2c0c3eea25e8f9e1db3551550c292f7246a31408c4f8f816a539	a32af72e56a7b78bc5954184791be70dc492108fa0924089b1186f7ad12fef2c
5	24	wording		bebb07e0e8e996106f151645db053362a730ebacd3d3182182fba8860b926847	5c140a2abc57805437ea31cb4372a7125aaa44eef205ad89b17eb250baf69d6f
5	25	wording		729a6070a9bf8f56c1e5389ba678c55c22c123d917a64837623201490cd831e5	75d54719952b2b04f2fe62ad0fb19d29be742683cfccea832ca7a48972b1bbb3
5	26	wording		8cdc9c826ffe62057ac9114bb2ddf654fd22b89dacbc1a5eee2f3fa62bd8237f	394abb6f171fb08b697aa96fd9767604d050441b0e7acb2761a99ce48ffea706
5	27	wording		dfa68eb15e135f890fc46f970fc2cfa479d6e5938c512f1558b8a1bf653d14d0	80a751c2390e387626a3fb2cab9fd5a116211b757d09652c6f50a4e681034424
5	28	wording		2d14f7bfc99eb94266962f8cf5656b58a557368665d793649aaf209551d9f2b4	9cdfc7ba5da3c430c0a9e77b5e19412aaa0e82df7707bee08c4756ba3370404c
5	29	wording		7be3aff63897231557724099ab145d208593929535e0f58bb1b5160404937cb0	f544c164be890356bbeb1f3aae6d0c278eed4acb1e6b951984086d92196205d7
5	30	wording		f122caa6d532511b8a66db78131e868365bd7c1146aaced8d4b900ddeab4ae02	3f8f2b70343b2fd509453ab1a885ed67f77e63c89990c71b1e1d774e9cb60525
5	31	wording		f768b41778769cc35ec1e33a26c98ac2cf2cf025695770c9e2bbe4116fca8590	93712b6ef9c334202eea507bed2347a0cf935dc58592c752017d034b358c73a4
5	32	wording		e608eb26a50e6ea6b2a529f9ef4606590e93b73c4eebc1c66f8901967b3b74f9	6bf477bf9182aee8108eb4498d8d2d3e00cf46bc2d8e20d05b01ec072b268992
5	33	wording		124415eed1d0cd1695683ba61cb52d84cbad65ba588bbba7692cd6cb504abf6f	96c30cdde8ad143ef53904fc1838c4f4d104f3f7b88d038f7b05306b14e57a69
5	34	wording		0473ffdd490486484807e3acf7ab100c55bd2fcee53c03467553f1832fc44c55	7c68ffc8391c854b2caa3cce361016c91a7f948d1ff3a123bebfa4026df20a63
5	35	wording		c7799b11ecb8edefc3990bbdee2b033601c103ed4ff8e7f271865de10b982ddf	18080be237234e83a7f5a9a6708c274699dfd7db824b976af503e0a6e8705d9a
5	36	wording		f5d92f1b66da0583d778307b0fcc182681224b1b638558808c7c7b95a3742942	1370d27eb4ce99784e4f0452432e12429b3cd2f1b7204b81440a5552f0265df0
6	0	wording		ddf8607dc92964dad9b4678de3153df154bbb4d6713c87c5928cb9b056aed9f9	d6b884c1469a51e6b531dcd04f1e89cdac8eb824982225644f1a06def295252c
6	1	wording		36571e894664dcb7ede0e2fd6a1a621195a3bfb8ed1cecca7a365fe0eaa63131	5b08b04ded035a2c5aad3491f7c29466733f75a28f46c7102651f85ae424c4c7
6	2	wording		77d5c1043500454777b43a4f70b38e3201093aed28c6a7c42927992001a18122	1a7b14127461b8631fc1a9db729908d513f4117159e8d816e32b5839edce5128
6	3	wording		16c6539fbf998a85a87acb3ef9e0a7a87d968fb4344fc1b4865232b549a5c386	af5547c3696076e10786662c6f941746adb25cc1d84c1d569619f5959f5d7014
6	4	wording		b246d5bf8b2499b62fe43f738f95858c914e46c5df4adfbee5ca17748f006aaa	31411bdc7c25e2b7427a533ea450747da25dc7ab6849cd0f2695d1ee879de1f0
6	5	wording		f26cd5ae7342e2fabf56fce14acaa9f88cf468c8ee06fdf5e1fa8ab8edcf7d36	ea6d19f2eefda6d43331c7f7e17de6bd50c3be4f1cc2f1accb35a97e44d94d8e
6	6	wording		4dd8d55cc9b4e8d5628560b5984d90a29a1db286c8ba771cfc9f24b2e600be18	fe146a18530249dcc3869a51d5e0af5f9d527d4077333699bf125eb138881e2a
6	7	wording		fa45dba0266b40753b95ba4cb8c7d6713aa7488af2e794dde30097206f5f976c	23b88b958843aa95cad76e20e7c14488bca23bbeff0470bbe76cb246a503eb0c
6	8	wording		1dadf7b929a939643379bee76372b6a0ee790652b71729d2afba79fd0f559169	ef57a94e3c6769da3c9823b171d10410c5c146abc5c6ecb08c432b02da1719ea
6	9	wording		162692df1543424e975778a83fc587ccce0c6edf1b77570c89a2a7542e828ca3	241d839dfeb73ec550278373664cb86abf65fcef3cf5a568d4f03b9aa4121a5b
6	10	wording		db77ca2c0212b72c7db1965177a83d4df808e3348d8f297f95325c6554e07753	de54a7c9cd77f63cb737ac8929d0707cf695a4cf558aab80c98de02a182f8a45
6	11	wording		896e32001d7d547ad5e3ca923f68f5e2d04362a062e7114bf50014d990b35252	1accf099c568a747124110042b5a08232cfcb57f11ca52078df54046916052e5
6	12	wording		11e0c11718b4647d4d7bbde7da091c0f9ab2565b97c503eec93e2a2097ef3d1e	0721bb6ee47bf1c50d260f88bf1676f1f6210fb66cb67c91091a2ae110f0fe2e
6	13	wording		6075da5bf3535a6ce829002ac70b4b932d21a264e16175914ae95646406ea62a	79ac8bba9db97fbf55cfaefd2b888e7827f87f00684463b64cd4d7474104c28e
6	14	wording		00f78cb5cf6bbbe4f8f47eb5b1d4a07f5bb71f281f4447e980bb4020f3b8b77c	09140a9b7f98b90c79e0be421b5efcccf4bf4a5fcececb0982f83167e388fe88
6	15	wording		4653c0efad70d3a36f017a12af9388f6c0e698d101d82cb4e8e2813a278f8393	e388e3df9cf3110a444a45f18ffd4fdec6ac550a84ed09f379b4f4e747362db6
6	16	wording		eda89bae9253ce186b7b643fbf8d961fc40a027e9db8682f532c21ef18e286ef	a517888b25339dcce02b5b0c3322c602e1cee15e3a49c775687fc2a2a9f887ed
6	17	wording		858c0e8836745fe3cd91c9ca2cc03226e466415796a5cf2553fa697ffd0a7e2e	2c6b5fbbef1718bdc6075f6d4567a1077e2ed4753ab5e0fdcc1f0d6f660a49fa
6	18	wording		77b530685a6f89aed7e86fc3cb937afb00ebb3dc6b0a731798f0982fc6a30143	938fe5d312852ec0aa4e7d257b39c29d3209e5a2e24ffd38ea39ce0d34969df8
6	19	wording		4cad5696096abbf45c65710888846dbadc1c2631b9f48e03f3a08e52fa89db85	1757b706783539bd9ed5fc4cf78bed9055f8d357621ad779f489576a49da246d
6	20	wording		9a97414c3e77b25fe43b0a11ed9ee8955b4a3148ee1f3f4b0d8ec6f64729ffd6	723c7e58fa6a1bcacab47ba9be61348456f782b3db390ff7c72670ac8d53c79a
6	21	wording		868644a8877bece70e7537ac04201b29aa1e351d6a4d9096ddfdc5a7f1dd6814	84bcecea253179352f85ce9d1d68128647865eff1c347885a4a5d39bd543af37
6	22	wording		96d9b4107cce3302ac7d941288eda3bbfb89b14f6e287fa1dc9603868ecd6216	a978b551e6bcea6d46d730297542151bb9808e0423cc3bdaf2d9ee7f661be0c4
6	23	wording		5f03f8ec1e36b6a667c1c93f9917ae83aae1b47249dfd4b0a0cf4f8b61f8f25e	5229708250d69b5c945fad2ae188225b67c2d1cab81d9be52c22a011723ab583
6	24	wording		78e88b7d42d6fa8178f37a975d4a7124a0e3088df61fbd5f49af0020dd66d71b	6b5d6a7423872b4c90d7c8cda569cdb0377ab2984c9d2fd27fb0fd96fc6ad22d
6	25	wording		43d4b9a4b4cedef420bbdf25afc67d6a1b5dec8c9bae6d57701f3297ef681e9b	3f9d8e6c3004f2e398588357fa2c9b8fe8df2d336c8a1b36c57784b5e102db59
7	0	wording		750c15bc4679f386811991c8717a9b904220da38d0dca79574484b6bd4a9a95a	fb5f5df82d1a5c3b8ea0c11a589edf140dde13d3fb9c008e826fd457caed6a29
7	1	wording		3628033c8c4bc0fd8b190fb8d02c4cb120db59d06887f2db5e5b7fd4b4f0d9d0	39481c37bc02d30104d7611d3c7495de1b8ad66cd1e173b71a8a686517a8ba87
7	2	wording		1744da9f301a7deb3accd6e4fd7337bccc8fff7d1247fa7ee3b9a08790a1c0fe	7cf2244c526608583d97c6754cd2cc32b601ecb70c825f3529e9b51c00b9c240
7	3	wording		65b9edff0d6ef7d5199ffbd538c346f2a18e2e3ce77710112e8bf817a68f89c3	bea60c1a2e87513d0c86e2aee5937236d6cd90adb4398405c9fe0f73e11b7d84
7	4	wording		751a62733515c7608ddfef51ead1aa6da33b752a658d6294f47ec83941193102	ac2e55bc2be22a8f83d73b42ac38787bfb7117268573d71503a414d2eb4cefb5
7	5	wording		7181dd3cdb270cf82e4d0a2091c815d5767e7d212c8e536871e43c65e2d4083a	7ec92579e05ae0df4b529f4b66fed35090c0ef051a1caf13d24876dc4dba926a
7	6	wording		7746b05f2367e287af32c6f03a696189726c1d16f54c272c2fd13c525e9a87df	e2ea3f79555412df08b9954ef08719ba4005c2bd57f8850297236a3b947bff69
7	7	wording		85e4e68b994c94c776450c8ad52a9e22f3c6b3f80b55452c4b7fce04ea2e732b	fed026493c7644a70f2c0c453f99c9fc3b3f716f542fd37364af5c96c8b745f8
7	8	wording		a7e202f8b75bb5df36c4b506b77088f35206da01318fad82ddb09925c26ef9fb	065c64a91689b5d1aa7c73e41d39fa69ec2698e7159dd754efdbef2f4cb388f6
7	9	wording		be4a7671afb79c5cf7a0455a6f67ef20ff0e41ff0bd9bb2a67263c35f84c6fa0	25435193d89187307783b2d6c628905cb96bb43de8bea04e8ac0b45de9ba9c6e
7	10	wording		46bfbbee45ac9d4a3a1ea07c5d3e205a0af9d564735d186ffc39eac4a99dfa49	c3dcf1cc91c65e1dd0baef95cf5ccdfc3ac306197ddb4952f2dbdcabb1637988
7	11	wording		03c97f97d11223891cc478cb8a03397e10cb2b82f47a5337df49458cb8b05b7b	02221b6876c4fd9709bbd8c308399fd19043ab7f3a2de0e7f45014cf54a18136
7	12	wording		877644bf0d780aceb64480c00870239600d67d7cecbbf29332eb9fb14c94a2a3	9937a1f14aca0620d7d5942592da418d29361106650b826d49b4faecec250793
7	13	wording		14afcfaaad12a0f4138d58ec603ac4a781142c68bad60a386773443e8e3a1b09	e44400d2b9fa5f0dd14acf18509c138421676736e0bcc94b85977740be18b275
7	14	wording		7d8d452b9087075b09bf1e6e95e493c5b5772dc2129d4404ba39493c1c038e9a	7306c33d18a322a73094f691a45e7a13df3f60b03767013c1fb3bb8eb917c70a
7	15	wording		743b9ddd9e564e75e859e84d64e556d993a601be05b30ab03cf36ce4538375b7	5d1d9573e172e4d1f4d7ab1cc6fe27c07a7eac975dccd1b245868c9c2d63a1cd
7	16	wording		fef5341af2d1dd6e9ae5c8b5ad66233769ccffb63b8526a99eb2051d617c145e	889b6e69b6cb97806039bd1d87a1075f3be431b84801b06c1b0725ab9b941bfe
7	17	wording		43f0aaa64317285a4411ec26794c846fc2e12a8cc05ef62704b9acc76993bd60	a1299a870461b9ac2eee933b6341de218e338f5ee1808ddb4681c7694cff5401
7	18	wording		b87cd21f98b17541a1286fe241eb41fa6285c57a594ac7329fa13e6b1b2662bc	e9ca52dae0257243c340a608d92f8659914f16c41d831784c746bb45066d484e
7	19	wording		461058733d3e73b07cdd521b35ef7f9024f0a43237f339c56671195d40e030cc	f3cad5aef96c20097c43665a772c288222d4aadd83a9ab02ad964d25de29fcc9
7	20	wording		7dc5a3c3a843e93b21d940c276bcfe82ef4f98dbd34bd1554f7da3ad5e37a4b7	d4a826a8e9bf402b247c9861f5c83168582e4586cc4c531221e6c58297bc7807
7	21	wording		cc90469bdf318c7f6aca75da830aa9802db3bd5abecb014c098e94cc83d5e555	1da66580ef6f626d0c3168f2a81f0bf80c43c2f2051a5a80db03a41fe7b1f031
7	22	wording		5ea167774bd606308b44e14f1ff3877c4c145852c818d33ec7d371a653f47cdb	58d20d09fa886561faee6f8d8407ef6455214c21f1a83216a78aaf50cbf34b06
7	23	wording		4e6994b235218c25ddd033aec7933c5a1c89184f92a9071460f178e2edde1796	a83e425122af9c8e5ba2d1f1b37ee1bf33581f7dd3e6b27fe557a2cd372d2fd7
7	24	wording		f79519597f3c8231490f3cb5151a1226950caaaa773e18fe41b91af0f301bfb7	eb3c039faa5e9fb2bc05edb8f6f29e14be46fdceaac1459ea9ab367c9166f94f
7	25	wording		cd21f4e5be485c0c8063fa47cdc74f2f3071cc7bd612aaeb0722e57e80c48582	f4aa061707169a474d2887df3ef9d477e29f567600a175b67425ff927f6e304e
7	26	wording		c7d076729be6177bb33b9c3775a67ff70e44cddea0523a1574259768e49408bd	b24749205d45c1e6478092625df02a21cdb05b4b075bea9c7d634288900f4482
7	27	wording		a1e0b3bd4f6900c797a01a7747ff088d5254e28161939d4999615c1c52224dd6	c8b635c7b36a0d9d2d4b68a5a03a11999d05974d99add79817540fd02646f90d
7	28	wording		0e00051b5280417617ce239f1d342425c33235c23cd7e3a017ff6fa3379b7634	65f4bfee79378cbdf1db7ba486448d7ae3d57882cefd8c68f97e47b5850e8c23
8	0	wording		5e512f6c814671380ad7ac4e514e5a8623e44ae6a9c062846a5375fc543b5671	75d5cba4506e89a84895bc6e5e40a18535246e1daa63f0b83d2c688723bc7346
8	1	wording		05bc7f426af5b5a33a6e755c5cf993ac1dd2c6c2c030b7eac7ffcad6cd163df9	5ff69ec70b020fe6c49ae3ca47cce1ec918ca979108bee83fec7af3b206861a9
8	2	wording		4faf9d4663401d1a902d71b137dd00fbea495d1f1cc8576e8ceea87cd8bc8b40	8351d4ee79c2f3b9937a534880a707db3db28ee64e6ee72413452fa2e261afce
8	3	wording		ff5bd0798ecd365632a0ea389af3fb91aeb00334400f6e6cd8d9e325768028db	8ab1d29437d5dcce215add1a1ea09581ee0601b8e407bf2b9fc2879e59cb8f2e
8	4	wording		dcbfdec3b398d204ddc52994c0429ada3ca102ab7c0abd884bb0ac87be7feb16	84ea27de2e6a9252270219f1560b3f26d0bf06a4edbf86456f9fdcc89d782056
8	5	wording		956a977f7d19107d0eb19f75e1b107a4f030a95f96cfdd455ba856a9ce4ad131	cd1e5e8a4dc738b3a2be128997eb4b5938a30c92cae7cff821fca54cbd328300
8	6	wording		274a162f81635753fb1502201ebde60f0353b365a40f1f0deb97aadc93712ff7	c6fe79219c33a42357709f6b94de83fa606d4ad49f043d3c51887c62ec0d5d0f
8	7	wording		824204587003c234331fa2ad375f41719f36c0c8dd9f253e27cb7bf118d8b9a0	8a26d3f3c846e5bf456079d983ae03a51f6b8af9b05548fc869c3ba3221e22c5
8	8	wording		377a3c4c61bc5e52b38a3cfbe704aeec4bcda0a69ebfaeacb552be86dbe30a38	ad60f27b2eff235e13bccd4a9c3d5a5397c3cde16161af3621bcba3dbd211e08
8	9	wording		d05c6de78fb0aa223237befed1b67233381a0761aa9bf4c92b1d6337cdc7d01e	c840078e7895ed7ea343efc768a6b31df729a1fefb7054614dff21212f6cc694
8	10	wording		be4b2133aee194ee2b745c507ff60e809552d2962a3cfd11542dd37342b08d3c	fa04b87579ef655cc57fd144cc35ef786e64a1c310204e1b37bc6f4f3923c400
8	11	wording		032939e27e6f3dc3efa132cf49db02e91b4ac5149792745aea626ad61a33de2b	a3d57bf2192a06f54b2b7c80bec250422b2b7dad45a7df08d0aa34e056c7dac2
8	12	wording		9ecf473cd2e09957d9929697d22fc49312ff2f0077c8a41a912c831543d9a2cc	b6a8301c2b7f86704bbcedde7087e6603738ddb0a5c20e629b3211a8dcd2aa43
8	13	wording		945a9581c79261dcdeb3663606923e97e578a9e9e9641d8fd5148fc577eded91	fa89d9512757ce33c91bf2d776dca12ac8769812a9405595220abd2ac865f062
8	14	wording		5b20f5aeac7a514e115b193b30738ffc245b80f394c2a5c336d7b5203f5b8921	633bb73ff29c9be53cb19645a112246e755f016837d1a8c535f332788f45fa50
8	15	wording		2d465c3ee5566b7844ae5540ea26129c9ee70e15a6bd25b741f366ee002765d7	19c810d2763c7c1c8a4541df177fa4dcb2df4cbf9a6b2bd6a926202ccbe3a87b
8	16	wording		925da8629954632b6fceed5b8817e9c1317ce426048dede6079d4755c4b7d997	90126402dec7ac56108666041a149c440f930ff28b2a399bbfb7d59a993244f7
8	17	wording		50c8464f6a7330a51effa735f99ce81988ba64a7f79b437b15cbe3ed1033ff6c	5e5992b710dbd3c4fd971263c5527e674a7f48d7e99d6667ff6220b5b1b732df
8	18	wording		4c032dac138c746de32c12906b7651f1ff0c7ae8a61a41b5416e637261d823be	0a30a96bc5fb5f26d88cd00d801d2ee983e43a74a09882f889ca61563ca9b4e9
8	19	wording		840439beebe003657863a52015bfb8930e9c80ea8f5a0d1d5f7e8f2c76938545	6696162ca54f357c460178bf8fd4452693b08f9de249d3b132dfc5464b77b85f
8	20	wording		e36ba3e4e68caf0bbc451d5a467b18aa01405eb6a679ff0d7f2669eed749cbf4	ad35f9166fbe72d7be2ff0caed59fbf836b4e4cc9482fa26ce0a45ca5787f810
8	21	wording		40babc6167a3741d19dede924e3a3e49a81cb298b720abfcfcdfdbcb8254d6f5	b32b81ad6a102a336d2aa7f2276e171e432803da5216793711c78b3f8a312114
8	22	wording		30aa88978739d91ae08c811d5b0ece8316b6116470aeea27a62fe4ac5ab7d08a	b75ed886b4c346a9be62bd12484fcbda32d4f04b7749db2574212abdbd01d93b
8	23	wording		5f537db4f33dfc461ae2066039f8dfd21e5e2fc66780d844ceb9133e30f8d6f8	906a072e0f0dca7b1ec8853b22072dafb9af1597e23dc48b87c88faabbacb718
8	24	wording		ac18708cde17f166b944a2736f234576a8062c161050f10195ba35fea2afb279	1a6271bb240fc5bfaf3f235f55ed3aae7fcce46643fcb2a6eaf93b18803e3723
8	25	wording		52e7de7fa322d07005f352fdb9463a25d8c2d72265f8f06c44ccb5ec82ec4e8c	5cf681ddae2baec63565bd14c6361c52478b55bc0d489df6248a38baf1db7084
8	26	wording		3f39b99bd90f0c000ccafdcacf55159d9adbbea00a5a04035531c4bb6752e9fb	e3bfd3c26b0659e5644f82156041d3b135bf1da2976d6ed35bb05e641ce1daa0
8	27	wording		ec1fe37dd7b6f6317f0b38bea131c49047b92e8e6699ea5696907d6f8c1ba2ce	b48c8abf638aafee579856cd95132d9fdad6ec9de42818535790b44c23947708
8	28	wording		030c52145199f513019b603fca39f37cd15561b19213497e4b051107831b3bd2	1e1a224765a636756cb47557bf2763c5321390366797232794cfa3777bcee8fb
8	29	wording		0bedc0771c6c34197d13a41483c7f6ca9a218a07a9f7ca3e0c1b369468995532	3cc36ed215bb2a70c04bb42ec546c49f3073485429f2dca053b2b22d423d1323
8	30	wording		ef510b3049a6aa0d1c0b7343fe4fc1c2bca0e79fda97c13e1442de0047660e84	b4277881c93159247cb32f52a24ca5e86d3394ff6709c27df75d4aae9d51d68e
8	31	wording		148643249ec050383f080e2c82b24bfad24c6e4873835b9a95d43c98e6b94a97	75d9d0170b5dd57e59725947554c3f00ec7766e1620ba3644d4489e4b5a58213
8	32	wording		743b667a930e72181326d864af259d180ea1bb503af74b78a0203a437371ccb7	3bddada94562c70d4b02e292dbd3e2d2fc9eb4bbe2a034a2ddcd0c2238a41b90
8	33	wording		966ea5d794b61fab280f4faff6e9a691609bd25cdba030f872e92e8514414e20	12ebf6f2582de20e2dce93627382a913f5853bddd01c011d7960931a7ca60324
8	34	wording		22dd32b0d58e23abf937554f2528e63e9be24c256ef0632459347872a910fc1b	6389a66c207f524baf58a53b45e16e2ae40b25594fb4f69ecad07868e01e71b3
8	35	wording		97909a507380b1fdd58f6654707af7b3977550f3472b35e4773f6f65ae246743	c961e4cdb5c1b341f5509270eae31f1cafad4b38d59e083ddea28fb3dbdd38b1
8	36	wording		3164cd6af52aa6d7c7546a31caeed74c6c1edc945fa7b17387330b825840cb2d	6897fd0a78bc2ca94f6f02a89f687c948d8e21fcd729182272c47d624062bae3
8	37	wording		caadd4b0e3673caa117bb255bb173133a1ad36a7d76b15188ed0ad28a3d3a527	e83a5b559d0efc72cb538a9d23f75b909c20fbaf39975cbc64120bbd8c0ca459
8	38	wording		23be6a82fca938e707c8770f723022a4e9a21974b6a21ed597332db4098dd72b	650644a83c5f8b8a91362aa7b58dfc088789b6cb2874c0b50dc74b50a8787d47
8	39	wording		942d9db42207efb0502937b2238867b1449735320bd7899deda4c052d31eaeea	b91b6c5659b870a0d9b63defaf104c2c9c9010f143bd7005f9af37c1916dff69
8	40	wording		b699a491678c9cbe26f598a385b0335f337fe28facb506d2c5a0bdc7760a2be0	696e9e20c26e23b412b461479f6e6373f154e63111d91d92a8705e606a1b6fb5
8	41	wording		6ff92e6bfdf38c989538fcac95b05dea8d383467d7ccd806c71894cd427b0087	4da42ca12bbff4cd3b3e4cfe0a52f655f448ee301c254304381f93651fe91e8d
8	42	wording		4177131603b4f33c885b31355d54a7a1e4bbc28282d99b22c949309495f4f461	1cbb322b0a503849272e343976d80f5d40ab041dc32bbe3128e91050f89da9a4
8	43	wording		4402c3e802109d14d87a17a03da352fbed0712f964e280e64771186223f39ccb	422f992616abc78036bad9a1b82c4db8a65742ffb59d661d5d13579b83862fd2
8	44	wording		f7fa95c1715871ef4ea99aebed1019201cdcbb22cd06ec74602c949a14a6c911	96e4e70c3d52cb7acbbe2827c063eac8d90e4e1bc6ad33a4e467ac07cf5d0199
8	45	wording		8409d0a9272e67f9516a651b1273bfa268bfb8225cfe589a56e0ed2139730355	46fb54dc55b09e98076949d630a2c142f6eb1307476ff74d629e471d0e9b0a9e
8	46	wording		c04bff161327f2b24abba301a0bfb84ec5e8601f290ae6d457b139c5051a970d	056e53bbffb6a053206ba6ffc0a37a5a7bf253d12c93acb52bd1dd64779277c0
8	47	wording		5fac6a12f790acd1fbdc62250b37df6bf752f9daaf86f0ec23b56056a28aed9c	714d2d940e68a044045dcd45f5cbf1757a19c4bb5f29ebcab181a928530c4c06
8	48	wording		149f815b1625c0b7f1a150db41476104a9415e88c2d90223af787ea7dbaeee98	0486f7c48022feb9972b973106ca440c5ba2e675ed7a3376e99b05dd0968bae3
8	49	wording		e10015e775b8d1285372448c8f4acb46ab9e156eccbaf9d237959b88c5ea8a5c	ab2fd4710d5744983f9d2aae962e67fe2d9f651bc42ad8cda75700a8f6142598
9	title	wording		df49679cf348fb930f20d69951ee8b11766b75f6d52ee8c23dea9f5383543f46	4f3997d8d07d64d634bc8d87f91761a430fe02405a84cf55ecbba8ffea4bfba4
9	0	wording		3f850445bdb809dad00cfdcf4b6fee87815a0b274b73dc467166ea3223e0f7ab	f5144bda1369b271740425c9e4ae57ab4f72ca3ab1a879987605dd25bacac7a9
9	1	wording		b4c04b4eaa06b61607f32082bf5cc740aa3530a2184a54208e0b5be7a6a69cbb	9d0a62a0618b6e7edda14e9c7116fae98126552a82802b8e6a8b927b7b8ab16e
9	2	wording		a1de9ebe490008c19316685c794a4e8ef1b741a9a63db82d6c82ab433e51062b	477368b41ce8d23474c3465020c8a5f3a0e1cb054a2e92b3d9136bb8ad496e6a
9	3	wording		0477b840db9a41a7611220b0fad7ed1b7c5f10a04bdedea9c04fa6da1dbf1a00	abd4a4b6b099768a86db12c885333818f4906271d7d21b3d61f688a9cb1a9518
9	4	wording		3a9a4a3f933c3bfd7a3258b2366704fce0cc4ecd48af0fa2c371f761f9d9267c	b0beafd19229309e5bb8ff6b642a675453a6085f7738bba2e2fa0a9f818d0be5
9	5	wording		fb7874cabb8bb02fb813ad883d6f486a3158703280fab4acdedd6970b002e8b5	6bd9524149f0010beba15b21a37f1ceca00d8d7ca4c2a5533da31a3d70b24a74
9	6	wording		3f0c05e8dc05fd21393eaa24ecb23d9fe58675cdfdb9ab0cd67774c9fcb6d4d2	acd27ca4c9aa8004686428f5be8325f1b9d9dbcce69d3d3f14d546582fe1dcc5
9	7	wording		6dbe6458e6f0334b110cdfc6129df44535651ac3a899ec298839abb8ce0f9c83	57bdb6d5427dc545fc98bb0d2d8521c141e44a8d291a095570b4cd15f7c8f773
9	8	wording		85ab7be033abe1bdf3e12d5d19438e70835c38070c5b518d50f5090e50d8f893	90e13f0e0db5ae0781bb8fc6b28a5f5c40b05fea773485b8e84cdf4bbf9a0c8a
9	9	wording		97de71fc631194e9cefe7918255808d7f038f79ce2b59bb0c16cc8fb3a3a0f2d	c77ab8c4924b126f48e031730ae28946a7c27b521a3218e6846a8fc2f9f72d6b
9	10	wording		2dce07a23ac4de089f474924b97431d04a0741bd502c5ba87504d650e724e429	0bba55b674a0f68b1f0d7823bfee4355685542429179f95cdb80fe1b1224b52e
9	11	wording		cf9164a3b7de605d39a078d79c6449b9098f37c461eea349892cdce7a8564576	7baac9104ac7d91aab44d08dc681c4133b8a564c08d0fe5e84078599a1348677
9	12	wording		30b1c45206f949570a599ace9c39a990705178edc9a6f7c513fd934ea7335a09	ac29769806dfdd963f6dd9715b398c5e64c8341d9f90b1c8d346fd665dc6ac36
9	13	wording		81d4d50ee05ac7780aaed9add6f39b8e72fd8c49322682ccfbd211e8b8c4090b	354b0ba8514981896d777b3b0d31e20952ac0f3f11d4f9f8b6ec6e3dd2afb975
9	14	wording		d221d34955ceba0efa3ca2d5232448efee71c26b730cd49edcb4d336e31c2751	f4bd0cd14abd46124f29a5b4d4c68dc38de27673ed4fc5b2f5466e64475d91eb
9	15	wording		3c6c01b5462e492f4f3db7ec94f0ee018e574a5780a606b317bc36daa95bb88d	aef492bedcf1824c9a08d80b981b595a1b8f48a252c6230de0429c3918985f7a
9	16	wording		4ddb8ccbda3d8888e8620ef4f844f7977c04dbeff06e1d097d7e0313eb59b774	f4d1fecd4eddf7a44776d3264a271487e5d73e454756273c15a514b78c79217c
9	17	wording		10bba9dd25e14f4c9fdb0daf3d306ebcd68bd1ea68312db3398512cbfa313946	da117556947868070253e49605fcf0ce608190ec7136e401eaae59dfd17ebcc6
9	18	wording		5bf3d2ba8c9d37855bac8f6552e667232ed911c871eeb2578af162eeeb7c6c21	5beba4d308bdbe5c7484deb76a0ddeecf883d455d94a5e6c06c800723aab53d5
9	19	wording		e478bcb2a37ba7af98c0d1cc1df5d75bf923eeef839f9c09bed0fad43bf9d6a6	90cfcd1281725b272eabb58d3ddfa9aacc84e1af593244bd81e5619b699ca6d4
9	20	wording		3f39d6a6e20caf9344a0e13daf2e75fad82adb8351ab6d82fc5740c8af3a4737	d38a6a7ad05e4c1b7fea2566638d6f3a6c1c6ac9fa301dfbbf0d0d54357a104e
9	21	wording		dabe15e5a4e10037af760cfba4b069af5557c021c8e6123476bb041e002768a6	41e3946278a9e39af2b3ffb990c232131844368a3f51bd993fbdd0ffb2d2a680
9	22	wording		fb41f8a337431e41cdbc02007272dbe81d0e703e79180544bda8c96c4b9e97ca	842c9c057f48cb89a703460ef5e5f2f60bfa714b90c53ac8b088702668c0970f
9	23	wording		26ccf322589044254483d83f75e5ecb57762d7aae8360ee706bc480adea2dd87	3bf2b4d40908ab5598d7ffae0f51ce3ef9cbf2a0940ce273ad8d00437d70d6a5
9	24	wording		0f917eae7e47c3b32816e4fa9510b493ac1c9d0bede6edb4063456dc5715b396	0c70afe7bc4e57480ba2f41b7c13ffcaeab9c71fb61ac49d4aacb6384b9853c6
9	25	wording		1bcf225facf798ca2843e8a4220674332bef902e478fd38341c72bd71c7307ad	118d2d2eb30084a2bea6208041204ccc5e73a028a5ea654265ddb68ecb565fce
9	26	wording		2bb49f9954ab42ef74daea639999bb20a18924c1f7552d08b00489806b36c6c2	cbab231af325e1652fe37d53f280e6ac55452f09ec5adc2fdcb147d68009f3a3
9	27	wording		4594ca3ac080e5b2275bbb2fc4235a52a2c30c733b304809f960a14e8af7343d	e623db45eb31f0478686e7c8b7724c46d7cef15135a56a9c2d69363460abaa80
9	28	wording		13a8b975543cd2c55aeb7f683e0ae4c2ff934b5071ca7ce28a931b5fac9abc0b	1aa92d7090032991577f290c8f0ca6d7c61dd58719f34752b4bfe3d83360174f
9	29	wording		802a1cc4ae793373d8d492436f5f2175c20c9762d6f03cd44b97c1ca72399f5c	032a243400016c0da8aa58aac6939459cb2fad5acfa5ae14a5f1d8a26dfe5645
9	30	wording		05be455d7d98744e33bc0f2b3633f0c6c2ebe888e6ffe45aed2ac4a318b84f47	264f3dd9e5f57c5951fb6250744f235628a86fbbbaf117c5d6f8eec15cbb0796
9	31	wording		3db0079d28294b752775cdbd1c1ab096f036d8572c5e3208d629b20f70417ce0	eebdb032ed925528905caf6f756220622ae4de30d48bc6e1ea8484caeb056cf2
9	32	wording		39aad5f8451d9e239edf14433da084729ad50c4870a31f72085c12ad4e41c43f	970baaf1ed4d2bfef79d7577ea51fdf7c3d1858b0c8d0adac106911859a3902f
9	33	wording		0e53d61aabd8f4e0aad367c2273dcfb308ff1c25167e3c873c8925f25c44d852	6313690748f3026d45098d60116a72f03831d64eaf08f38052b24ba1a20c7e57
9	34	wording		dbf262ca01f062f905112f4cda6e1596f8c220c56598e95aa3aa7146d5ff5b49	16cf87019df4e97e93aec6cb24543f9a362cf4d99b7cb0f9e06c2f2b00543123
9	35	wording		d44f217ac5737e7ff3f7a40fb83940592697fc4ae13cbdfbeb7bfac79df7f9da	114877d5bcabe7f1f2fade88db07c5922000bde790bb316ed61badbd5caa49a1
9	36	wording		b7aeb2303f2654b8f0a336044560675c4e1118c1b11b3d20937fef50564a41c0	2027100f13a1a3c8fd0d4e64601245a6c8465f572754ed12b0d53cad0c6e4881
9	37	typography-only		ae0b0c5e4247f4e6dc87eb9f4666df9cd8085c5c6b46ffbf6f0273010db356a1	cfcee1e56b8ef4623ad7d73ade85f33c5c280ef135557fac90f303d653135d80
9	38	wording		90142ee1fb028762e178eba1a5974085d46bda2dfe35b74fa8f203efc31fd016	bd274ee36f1329f71af6918e48b9e3e9df033a2008a9be04a35aa09227ba21d9
9	39	typography-only		f50f2711cfd84e4f9bc5f4fb72bf13503038cc036fb0434e5f014f35b738edea	0c1eef55a85a897751f61180e70d0f31c720b40ea4df55a92b4d4d65c116e413
9	40	wording		1546fbdb130b629044c72b3f7441fd48fcfe8d843ac0d9109e2eb808f02955ba	43d6aa5d30232cdee100c0bfecb5b8ed1f471365a562cfa9a9494a4e06288d69
9	41	wording		b863bf597671dfc1fa571b71390502731bcfd18b8febd2bab49e48749d7a9749	524ae9223e648addedabbff36c2210f82377e08a5d9207ce438edfa0c860200f
9	42	wording		064b2cc122f2554bbb6c56ccbf40fbb5e37c17ced13705ce2673cd20e19d75c4	5df95244fa7cd7986b3806a8a04cf37d1452338ef8cd152a901ded55e6ee1778
9	43	wording		a3f582aa3414f6e4dba59fa0c5c63d33df97bfd25b47a16b1c2bbee94d279ff2	6d84253f5f4d6e79bcfa9b1ea6d79257de96e116c68842b978bec016058f2bd5
10	0	wording	review-edit	d837eaf4e108ca36a3444be7cc3686aef5d22a69013d9a8e4fe02e50eeec0b63	da01f54085674300b023d4dd8177cb34b9ba5a4b6910a714a08070de553dea98
10	1	wording	review-edit	72f60afaeca86a9d664ae995a35af3427388380027c722f7f88b31b0ea862713	a86bac6e1a0feebc85044651b2c8c9fff461ee5f8597c8aeda0ea8bdd332263e
10	2	wording		8d70b0344d3b6f4747b55546a06200d137d24972570086dbbadb64044a3645da	f57da8653b67566da3ed62009f49c8840e4a0f511c7b9f486122ccbd3924763e
10	3	wording	review-edit	7265105bf008c1dba59d1f85610e9ef82cbf41cf47897ee24c18634b13dda10a	af71f27c213b4f91e7d5a2b5a2650210a5ed79b770192fb542349a85148cfef4
10	4	wording		72937cf1f4006c64355a17c5a56ed96b7f8f6390c5588957a07011dc840c5371	c584597c34589c81fa1861c146b7c7459750005cf86e80bcdec8b178f0e689bb
10	5	wording		aedc55a5ce90c9724ea7edc866d882faaa57a11469df13c36699c243a0bcdbf3	ccc932f2f8dca0f4a27b7a3142a14ad9bf11f19e849708b8ea93d01f3831c5d3
10	6	wording		885d7a8ef52df98b9de9b5f79b432d136526cc0d3f4b0ba962ced0fec6beb195	2086f573f0c9561c98ba01b402d19065afa2ac129c170fc804ae0a1e4bf849ac
10	7	wording	review-edit	f855a878c4c79c6e3045f30b7d9a9c38dc5fa67818e2d42c10952490daa53f2c	1a8dc96a4c6770a0eb33267807ae36b0e77cda65356c6c6b671a687b740a4266
10	8	wording		0d96005dac92e979bb4348cb31d610d3864c7fdebce19e9c474f97569c182c48	cb4bcece3c194f56464d90f6fe884d4104eb318f9d9c34925e74bf12f40f8f2b
10	9	wording		07ef43e14b24f83dfab3acd6eaf04208db590f412e824c497a65f353df7e0e1b	6591fa7dd57af62ce1ce942b507dbde369e1a5ef8f998a5c47652a9b4e171921
10	10	wording		c2db8f4fc290545ec6587b2159b36ffc9768e568b2dec0d3ed4425b76baf495d	e8b8ca876e7844c643743d83cec292862624b5bb344eca664445f52fa8b012bb
10	11	wording	review-edit	227994e70b26a139785da073a0d76fac8437b6616e596e4a51af770a6c564b80	284daa1e6cfb4cb25d82c544f9a35e4212fbfd19ffab3e02b53dc00443ad6dd5
10	12	wording	review-edit	325186c04688bf9bbabda79c1005d147562783aae6844cf452494a1edd05f4a0	7eef10c6ce5c111dd91c29c760d8dc9b2470453190374dbb01b3510c04241850
10	13	wording	review-edit	b7e1822d8cb247a05b8f39b24e674427fbecdbb60da7f1147373a28dbc946d9d	f4f72745b7d61a42dca4a88ad9f075365b6ede9158af3fbbca611afb62375054
10	14	wording		59a2e94d04b46355b319c7969d030c381163068760a8af678d66b8909f5a37d3	3f841d9c4e09f2316599d53900cd77f7ac48ab855b7095dc435d537cc3fb637b
10	15	wording		a9a334577ea98af6d6bc03f417088022938737fd04c6b09e2870985a245dc9a1	4943878e35e0bc9dcab7a5d0b536a657454bcfe8e25b85698e1471ec4866026f
10	16	wording		030f95a5c50acf822a320e600f304cc3c5a984cd9acbeb969042dd2a2df1a7fc	410bf2c0f3ff55a530c88a8469830ba58c78015cccd122f1d4801fe1dea3bd73
10	17	wording		fb0a434eb312c33f2a5a818334a033b7c0538a44b7e3f9245e04b360b3e1f415	7879cdf9b5b89d6b50378b3ed10336f7d404cf6f87295cd729b4a16d7d487789
10	18	wording		c08a4b3c41f69f9154933c6bea4bda62f4888e0af56bad90e8cbbdd377e9c156	eed36ec944be953aeed32ca4333b7edae42df7a349da221fe6f58e2dad5a8aa2
10	19	wording		aafc046bb2e4d13f49ce097faea19fa36103971ff39eef139afb544b1fc2432d	9d32af0e78d5c313041952c2bafa19852895595e11c0f5d744d3de51df11b838
10	20	wording		39a4e645188a6a09e43475fb5b4b0fb40947b8a9080e128c6f34be5e6531e028	07953400cb691dba3bd17658fbbbbeb1edadd7a31d49b833ff223e34bd1dcc29
10	21	wording	review-edit	4cb365a96dd0ef748de15e7913742558d71d8cc0efe007bd3242cc6c36154ee4	42533f44ab7d6497d2570d7479d0c1115f29b1c440d050e9cd23e176acb10059
10	22	wording	review-edit	c2ac8b93378cc93da3cbcb776458a6b177eaed207e1e5f52efac4475c7e33540	85e1142f0d1f498c2e516e4acf1c1d0b7a135da4e0830155bfc1cfd80fa5db0b
10	23	wording		041f51f454e7741f9338f5d32b809b1a737f6768fcec5be1cd4489672c38f959	ef90fa813c4598550c66fbee71b1a66a54707a53e75c93815ca29e84cea5f7d1
10	24	wording		270c737a85ee41eb2f5fb8ade3132ee8f24a5eaab3dff59e8d30e6154d991833	38ad770eb72bb9e7b81915310a3d6c6a0c1c3c9000909cd6dcb4fadfad4a33fd
10	25	wording		70a067121cdf073fccbbb4383e49ae0ca146b1ed7886f5f68d82f9052429878d	2819e035c04b51dbb91fbe72eb8d27c36d2324c1c1fbb7dccd0d1b16475d07d9
10	26	wording		7776c764effc2a6471dcf912bef692679bb9878ab745112248bfaf47771a1181	06ca2a1e733e6274710603023bc57302e98c0826e711d03db8055b53b413a0ee
10	27	wording		e0eecae641ab176129a7533accfe723c85361c4cc78f365d0135ae2859418e70	16abec494bf18cbcc87da7d3b56ef93c558280e7ba58a99572ba40f626990695
10	28	wording	review-edit	73129fc7dc8906414a275e805ccab11b142411e1baa900e054acec95b7464eea	323b132091e1ae762e36d1f94f451b446b7c64fc425abb979474cbafde0abd5e
10	29	wording	review-edit	32c826260339f64c1e00f6c4faf5bbaeb93bee3260bb63a0e367adbc4ba09c3b	799cc47a855e48be08d792c6933af01be468755155f0e354797e8ab4cd41647d
10	30	wording		e8a8de52d58485c285c65e33dbb013d04011e2f7f1721b0b467b3830d3266753	a1ca47c049520645625e51c340d27852dddfff9385003e99b18cb386174f9e27
10	31	wording		7fce0150c9c8fe08cae79d60b351dda482d1f76e9a1aa0fe10c353dc4ad4a751	9e7f3090444a95567ac8eea0d02da78e0f613eef20ccbe9f327787e3a87697d7
10	32	wording		7611983056af02c1e6893e709684798aff3fcaaa83d5dd197a33d1c8b193cf59	7d68e6f831f32b88c2a07051a45ccaf8f0fe97923002bb4e7a8e4d9f2015a7de
10	33	wording		88268d6d36df8afdf9389e3532667a9da30bb849ce4ac64b24e843bd909bcc59	94b5333f5140221dd3bc405797099a9f38c41f83f447aafc58d083a66b800e66
10	34	wording		58e37e9d7400a7ce3e8053d763cf3c15cb17a1fbf82ca9664de801d4cf4a5e12	ca592b685967431a62a9df034370c9945a97be8104856050978c83773d538133
10	35	wording		db8b0c6d50fd86141855b35f522128c7930306222e04454700696ff2f6450f15	b69fad18660abdda1253c8c4a8e2864246a0f49deb54599e6f93a26fbd56b713
10	36	wording		0df2258bd713f55b4238abf66d848227dadbab31f65a4e84a1627a2afdc7a520	3be0932373cc485d681600fecfb440e3f6ebc1af4d6007e7abdaf601e5bda5ca
10	37	wording	review-edit	5d0b6cb1dcd83a82133c53745d75d5cd6743dea16a106efaec774cb9e72b9e5c	411704f3ff7aead3ea17bf42fbc4abee08448a62b6a1d65faeaa36e546e9c071
10	38	wording	review-edit	e128c11e96e46376cab5eada1ddb3428e8529865c5fa8ddf75c51e6ca6981082	b2c43e8567edf6584f5b56b56bd2f9c185e50c6756025a19e01bb789bd01b87b
10	39	wording	review-edit	386108bef9b01bef419af612b7c5c92a3e171e05b545713a7188275f7298c6ba	965c6b44140814c2134268d2fd418e26d487959b154ecc604435eaeece97b9ef
10	40	wording		d99bc7d1c53a5fb631dbbe6906a54b1faf70f742ba7d75f5d2f11683bac113e6	92a297fe40dfd10772747ffd0c56111c60b0d4a53c466f6389c221ef1fda46bd
10	41	wording		10d8121621e05ae6eee990cac0a779ec4eb10562f1a8d7c8a0c4f543956179c2	cd9056c9d743f6d19f49b22371e8a803ffc3ac2b00f4cfcbceb1de1ba587d28f
10	42	wording	review-edit	39e7a340ce32c84cf4b6b1a2861a331d643466c7e1ca9fd3712011d4a37599b8	22c8716bf3a892f2de2a0d44d5de026cb718323443b7c3e0b8ef59e8c64812f8
10	43	wording	review-edit	915361069324dab7667719a74dfebdc0bc762e263ddc4f39f71f28938fcfb072	7deba8d5aa13c5894520be2dd20529580f74e670047b7f98fbba7cfffcbdbedb
10	44	wording		5d71eb84e8e17c6091af63ceaf853744e67f0e934f9fbafa27d38692b84374c1	219e135f83a31a00d61f7f025ba4c9ebbc8d4b902f031f705745bfd1418a25d4
10	45	wording	review-edit	6a0de466d4de0b442ede3749f7bc7df7289b74bc3e99b30fc7223c2e55f492f6	3d62f2ada1dde6c37879c80cb6c110a898f27dd07a3d1cd34a439b3b871e2732
10	46	wording		746b5d5f5a53c100a4d49926bbdd174a949d55ab827360ae36287c0a16263f83	4491f019cd40ae5aa2cad6f07023cbd9a30c5a71eb480f48930de51083832c6e
10	47	wording		71395aa053ba41ee31e755f1efa9a5397d776215bfc0b3e2e163a0ad905251f1	78936540007cf2ef0d0958412475e7b10c6ac90d2a62de3916f93fc04d3d67a3
10	48	wording		7454ca7d66a2f2181980931124da124853f64681ffa732ef4de4a1d250f6cd78	86abda98ef8fde7ed55acb3a8feb412bcaff02c5e8fa3c55272776fe28250d2d
11	0	wording	review-edit	2712c6c3ac283c2f903d927f706357f524168747162f4efff9c4b64a8ed908d8	aaf37631adad6a205c6f37143a2d562257f8e9317b9d3eb22eb80f8c044d3503
11	1	wording	review-edit	eff461e3ce5d5a6a1739975cc16fa7881853e515b47f25a4f89b7f54cd2d1d4f	bf0328f558aef22ad4054eb672bbb6a309e89411af2f72471b353f08f70af8e8
11	2	wording	review-edit	61ae1fcd9a621079907358e1c7114091a60151b708b7b501df0db33b67cb2935	a73f01e687cc699bc7d72684296cd99590e5cce917f91c851b62908f528374d0
11	3	wording	review-edit	6bb41674a4f15f43b69d7c643c22575569166567cf8c8c72f43e71d351183541	b7a4d70cc4f734ae849e31838cb0e0863e3cb0f35f684947adb1f6bb016320c1
11	4	wording		f7ceea62d74ae2a199c1c957ad07accf741b02fbded88a6631a479b12fbed8c9	5e6827970c038c35154df9255636f3a687e85385dcfb10ae3965646da5dfaca9
11	5	wording		d366eb7345e12c5bce2d24a971f7cba1212b0313efd9a5bf90e5681bbeec5d0b	5ca320513ea763d567b00e90ef635a97f1fc3672b249e4e109f9c16ba51bbee6
11	6	wording		64cdaecbcde332c872544415753287710b75700743c638b93b9ee617dd5c8671	d4ddd1260649f394e1f65e300ae6f512b93f47c8be693479daa3a8db0f00b94f
11	7	wording		5e7e854ac4d83856866b69765de50b50ef181c736b982c0f64ccaa4595108e2f	c7a0f65ebf5b1c3ee4a97c6c653efe1a61b723494be69500c128b34c29d0ef37
11	8	wording	review-edit	572bf745801ba5d3306ac8c80666ba403ff495ea69cb68162b969988138ae40a	828afa903e147cf7450e33cf91d3920453ef935535b16eee2b42e88591460118
11	9	wording		feb9672e9f164c8bf0da02551623c9c7f21e64cd0563b32916757abdfb0cb044	c1a5334796224a691ca0eba0d2faa5e5c50065afabe3b5cfd870cdd29e20670a
11	10	wording		46aec042f70827758b92b0dc3f4c44344ebc069ec8a46e17af1c133efd0aa959	86a11ffc2180c815c10d0ab80b79b61412a1df87d22afd9f49f9c511750c77a1
11	11	wording	review-edit	b50db9719706b9b8271403af4b252660581f71e8d559ff523d9ce18b6dd580a3	bfc60668e2a27649208cc6c6c65c5be6a90dfc55e5fdb7d9b87969d2de1cca8c
11	12	wording		44877685d1e3122c4123c03612a399c9ed45083d9bcd547884ba719d35add2f9	926498e4a0a145015e3450515a53666b916698e8aedb33ba0caa7012f131901b
11	13	wording	review-edit	d5d316e4e98889e04c81fd869e181be6737cb85fc9f708638f62d70fc9c90d1e	9a9b4e91046949e006a378544d5f99bf9d2cdba421e9e4fca803bbfc611d52bd
11	14	wording		7491885ee36e03f70c545137f06ac4a0a7b3ae168226f4ec36132e16e673c03d	44d4da329e214e11d64e2303434f52cb6a9d61a07c32ecf7d9f98dfa56bd8069
11	15	wording		0fc1ed0ebe1716571d319cf9adff17decd8a331733325662508d24cb5b5af8e8	3c046368147434db28ff4dd9bc90144837bc3a7a73bf4186c7a8093869311292
11	16	wording		8a29fc788d46e457d1b4ca0c60498d85d19b68968b67de90ab8f3eb0c312252b	368b00da98b3534e39846263c7f10017689bc564ce2519089bc80574219f0895
11	17	wording	review-edit	bdc17d1f62f6f8f449517b5686ad578d1a8fbf3aa3b75b65d7e142b74b44d24c	0dddc5077aae6238d7e64dc61b32900695a7f77ad3e18a5d6cb24043859dcbf6
11	18	wording		58044f56a239936aff84a26d14e4c97febe5e56629249a637b07a261d68894b5	fba4156a897a645c61825915c8ac635544c0be2d8a92dfdc8ba9c5ea52838319
11	19	wording	review-edit	b88da850bd22483e5171915df17d8a8279fe98b9359b4569892f9f0b42aebc2d	abe973101e56fe985da97901a25724c74c4628805ea387d85bca80ce9393555f
11	20	wording		cb5348df3bfefa7e9f7114ba866ebb1d827620ef04abc1c74dda644efa80c37a	59880fad5b8ef815c672725a849003d35845e705a6e2bb5260b2a24b407c96fb
11	21	wording	review-edit	35078cee6de8ea9e9f48828f523bef17c4ebbbf01e6d9d226b197a33b491002e	c240df7690be148d0e710e87f5041810ef9ca35db4349fe5f1825aea8a2d5c68
11	22	wording		3ea0a595fba39d7afdea9f81a2223c49bc72c4d8746b55af9e1eb47862ec7efe	ae1dda31a597baaebd495bfbdd72d18c63e23c8eb61bf68dd54ee1e558fdf10f
11	23	wording	review-edit	755091b086c102c2a3218e103a94c73b495b838f1c708f744587c476e3a4c759	18175b28d9fc642d50d0a6183a82a36af330f9d457360732f109ff06a794a251
11	24	wording		beeadf662563168c99e66544ecfbf73a8cd186825058ad246ec3c1f8961971dd	6c546b7699eba2bb550ad01ae00df3c9c4fd2d7fd6c93c36261b8cc305dcf7ab
11	25	wording	review-edit	fd63658a35a93c8e12737fb05f42f3566f7f7645e07d67a17d4e44450ee50c3c	b9c10a1d04a2f4ee6c2a8262c59473eca1593ac22d5e6b628deffb675e6fc6d2
11	26	wording		2a3e1b8dff0a0c292110816d7129a23fe17e9736377a03a78a43b8fbb2994163	cabcb9c8d48f7360cc4bfaf536f7d5c826bdca4d3383680bb517920517d0c70d
11	27	wording		7085ef0d7206d911b21a183b84bfbaada4f8426b750286635b4200a5ce678e63	31b5574b0655d9d766b30c288dbf1304319ef44ad87497a9f3cc26b8b21f1069
11	28	typography-only		5a083145672045bfcf95e4b9c54d3463e176671e96bc2a874e2373445e26a05d	ba7a971c569b31878dbc1c633468739cb8ed669cfd5fb24053632fc2556b5f5d
11	29	wording	review-edit	da6897a1bb6b4b15b2cb8bb1f742988b88dea3f27f2babd348249f1e0a06cdf9	d83c4a22b7d6e583659ac10421c5e380e9f19e25b2b1b7f8c424d6099e33eafb
11	30	typography-only		40413217de11801b39dd34be5c7979a40542baf6ce50131a6a98bbb5ab8f5b3b	535b189f3553f16584540eb8c94adaf91669a0f08d06019a975a9d3f1c9d82bf
11	31	wording		df6e40b9dfef137d54e24550d580a270e900403a04932aa004a35a5a9a6d62b5	401ee7a3a36f5bdd2ad835cf113c61d36588ba0302db1d888e90142cd038c13f
11	32	wording	review-edit	cf3227a6cdfd71f5a158320d6e3970c8900c2df6ca1d3065e286efb1d94cad50	4faae91a1fb684720dfc9145793562399b37438466ef3ea52629906269f8f8ef
11	33	typography-only		d4d2271a3ee72cb9aecfc19b6036df9926485f88fa20d68987c1ca258648435d	f829616c471ba42c96a57356e0da8af69074ef332152d02ad3e83b57d92143c4
11	34	wording		38b4790135520e1b36798deecce3666da0edd863826ce1cb865fece067b1a173	01ac4d9f8265b428109c489155d972da6e06c8bce2e305dce5947ffca9c4064f
11	35	wording	review-edit	db2709ef1183c8b15bd95b3c192a922725636e70365bb3b286e9ea7671be96a0	645c9b9d1bd62cd8d19f8c1aa8aa267dbf876c40394b9c6c18283d84bd7bcfd9
11	36	wording	review-edit	f74566de5d3cd60cce149b8b49d06331e4584c44cf90b8bc3a8de6253a1417ef	f10241350396aed38d407475e3ec24087199c4742babfb610b19079ceff47c31
11	37	wording		5ac824270645e2a0aba09dcc05a9c948c9c0ccce249b9cc14ec2dd63a0563beb	eef50073597c82d5aa52fd028f3571df91d2eae8ccffd750c4c42db6ac354028
11	38	wording		8127487d538d4c42066eda5693da920c7c49f7217769268f279d38356fca4801	2d6a7d693800904fb571a3c73081c73eeb8944e186c451af961a0412b5cba236
11	39	wording	review-edit	bdc43fa00700a886c536c9461eb890e33d4c45c483b6ec5a580375e96df96df8	556df55620854da1b8cf62380068485dbf4f0b9ad1dcabb90ded4e4e09730809
11	40	wording		c492819579bbf07ba8c0230b44a900cfe092c0689ed7037e1f833b7d18780d82	ddd13a52d91a9ed712200aa1d9aceae953e6331091635742cd21f56d73f10f95
11	41	wording		dd4e2d5392b3d8240fac00855136840e8ad211c849e15594efbcf07f435e7133	ea6082d787f87fd03369836bb98e3bae7198932d17c2655c33fda1e7078b040d
11	42	wording	review-edit	6cd3adb76e633e47549dc41e625d8b106b7fe39e012df593d5e155afad0c9d5c	62b5cdb152de840472dd1159999d20c28a202bdc566ecfe605f18898597947ec
11	43	wording		f7ad10f09cd5631f3cffc7876a244afd5ed1de4d3545baf0c9c7cccdab105ad1	e1af8b6755262b7303155545d9012420b5e1dd9ca9b4526e92b44057365217a4
11	44	wording		ee43831cdfc3e7325e1f3989f0be50f6b8a417bf35a0416fd3c8392bed7a5778	927e638a8d3a25d2138e6e8265fecf264263a70ce11880dfa629425c6b9e88e6
11	45	wording		dfb53cabd753599ddbf6fe5edcd787e35d322f7de658705452efac473c7c260a	2def7c6cce389d57ac5b723f30f56b1211faddbde25b9d09a845a092d2feb096
11	46	wording	review-edit	39bbea49651b8eb163d64b649ca6557e03de3b054aab14cb6f1742e8d095374e	0500da221f67997939e6030c0766523ea17f5db934ab7b3ebd8ed00b5942ba88
11	47	wording		13307b5462518635176edfb8fe665a0c3e3fd991f586f906c97fc7fb8acad256	2d0169c08045e866d9da8c109585d1fb3b3359d567a308805b534e57b351c4bf
11	48	wording		4d8ab6598ddecb46709085a2e5e8dfd18e12fef237a1a1f6aaf9aa060bdade80	e27745c40192ee89debea52264568707704a98d4eaf41039b921069b70ec86d9
11	49	wording		ada4197407802d573bc04ede91b1b966a83703a9abcc1a854397c80030e65f1b	19a2f4b9ce5f834228f75c281a5f5c2be0006766ead0156fe168a01818c7e83b
11	50	wording		32743d672b69ba525de4626b75397212d5a139a058ce045b1311535fbb057036	ffcc986d7956c064cbc62199665d020795b6438a5c89b1b8c34932fd53ac8b0f
11	51	wording		6ea9301fdc0511286063891a99a6dd5b79690145d65c0717e2e4ba71a895e476	a0205a4dd3c6edebaf8d35d33df996ff08c0fc22597d6b366490603eafed6a96
11	52	wording		ac4b0ec7fc9bdf7fc16531226aebba82cce3f8b033921c1b4c3a86106c453382	6d4bb16c4de5eca3840344891ae7cf483464ad2a3bc6c2f20bfc7d879ac4be4e
11	53	wording	review-edit	39a9761a3af1d8a4784b2a422b7f3f5008978bb347f00496237f69ea7362cf48	936a5a1a0d4742edd089d67e76417282801a809425c0cf268091a2bb09d65770
12	0	wording	review-edit	f0c25f34787e65e2951d72f7acdf234b27b139570a0b6d337ccd13d4f4389c9b	b14a2a06a36d6f22acdd8196bd3fbc078e034d126cd9f208fcc309680e4330f9
12	1	wording		f4cac0bdaea789038868d3dcd6775ae97ac81eb26a8a7fb112049953dc0d21dd	54ee537be12b983a9088acbd9b37606573a99ebe3c9afe86e23853313af4303c
12	2	wording		203a9ea28cf85942ca23e8c6ac87780e862898390bfbdff2f503f3ffd7632cdf	12efb3d8ad79eaa00fb73ccb6e9656a2f829a7a5d59c1154d4fd71425f303330
12	3	wording		31c15acd70543742a813f8cb6247e47d621a0b5bc4fc0d5111166f448be74416	f6ccdb3bbf4975071596985b9c36608bec85bff4c97f5e77dbc5e27d6aa415c1
12	4	wording		906f422f6b7f79a799b473320448609a601fff1ced4a9fceb6f2d2b13d82862e	4a8f84e23aeb752750a8a0845a701b99e9d292f8c7fde57f065ff2a8045370cb
12	5	wording		5d35608d88a86acfd140dbb5fb60522be0efcde263dd49c600c3151454d2ac99	ce8bc601ea1cce4201c0c40b009badb3481fb5670cf198476f7bf3c6a6c2c5c6
12	6	wording	review-edit	096ca22792c72e96403971e787cdb08c2668d1a4863bc2e8d92969b87e5a4d9f	c4f533f45b7b7e6ce74d4881edb4d8018acaa5b8b82749073d17a04c8b746eae
12	7	wording	review-edit	7680210d25603562cbd4b4455597a1ad10cf83b6713461da57beabe1a917dd33	73f88f21edd85c72c74856ce56525cc295a5b6f69238f844968b5efa61cac9f7
12	8	wording		ae64efdea076f0576258d55b435f789e7848a1a19a78a2a83dc2357735be1570	0e28f857f8123f8d00e8b774181c8a3f4c03db80ef762139faa0628237c7c82e
12	9	wording	review-edit	ccf67f9abb28000c24d64e2f5fa93fbe8f3f2912b19c45a3ef59cad6de4960a8	6da0c83c1f522a102d046c2147a31e6df549ccb646bb883d13c4620577a9b1ad
12	10	wording	review-edit	880284e966f8ec55d08b828ce440f6deb1c23e116d7a0c03176d88f6631475d9	be5a1576496bfa9a0fbb2da75fb3ceb3d18e6f9e02d30d240c6ded1cf70f2656
12	11	wording	review-edit	8638ae90d41ed1bc3a8fed5b3568e358b4c4bd1329875a8e9384d28f24b45425	6a66e2b1b43c1db0c15db689269c8fb586eea6338d0a5b035f5772209295b436
12	12	wording		9b7153ba9e9f093b58930c54da87bef8d9921a6ddf6bc526e6d86104c793354d	d224c2f75dbfeef7d5ff99a014497402d9759099f745c03215f28189c068a9ec
12	13	wording		ee980ea9718aa3bc949cbc7b3bd138f20bb970fa10a3f0ed5fd6c8039c6ad942	b28defcb1a5195e353fa5fde2e253f1aef7d3a026ced96b678057a776008fe37
12	14	wording		3f7f059a839a4200c2a46f60e3a7ae97eabab952f07736497f581cfda872dd56	fb9f274bf11aaa4417891e14ec4af2c8de0a55ee4e9e055e1136f480a587a88e
12	15	wording		956fe02f727dd6e90d5046c2fe6a9a921e3b35d88c1ab1ccf3ba6bf1a28a6a07	3bde2c75e847f159e0fe576aad34a0ffae28a13856d1769a8676bd61633964c1
12	16	wording		b0d965fa1e1fb422705e39c99faaf43cf268c9e25e8366fc0471ad9bf9be488d	f401a8b58c4c07f807e58ae53ba216e3106433ab7d811a842328bf4eddf94aa2
12	17	wording		caf7c8a92f7f0c80b3e2171f232e6dd90617786f051979a256878d7c7682eed4	26ebe3d3d19d674b8c921ee3286d66a172063a2f9b327925935cbc23a2f7e7fe
12	18	wording		013e72ae26098cc943f2468804daf3b25c59b7ff1cc95a8c273364fb298d5e79	e5215fef335a9104d5490c1dd3f5a367e068270eba603769682e2f15c2774957
12	19	wording	review-edit	a47a3d333c14e937f253fbef3b25e307f80fedec73378518161b776710d55143	3ea544e3fde07529069b0de3d46415ad291122328629196f63dde4e8a7f2fa1f
12	20	wording		0f585b56a682165b0317d9fc7e04729f4ba5c0f099118b03ac3bd64ae08c9e59	48a3079dacc0f2622d25d29af22d63b67020ea0726ef1a1fef934ad4a87e3783
12	21	wording	review-edit	a32b371222cc0484fd2c6dab2d4359dd885976645a5cf798a700783e9007d0be	502d1b2b7396dc0967da7d810051ca0a7fdfb6a2637d4d48352aa49e10671c33
12	22	wording		9e832820fc053de3b1dd36c848e663476b1fbf69d357bbdadd959c34a6042fe9	8fdb48fca3b0043106dd5318bc60a7d38a13a48f18296edee211a0c570bcea49
12	23	wording		79cf509d58da4a8ef6031d6689b4b917e3c414c03743ba51ad260dd4390616ab	163ef53d677aa1a1c825a3722798d019e3e04a027a86939f2cd6d94fb7361983
12	24	wording		2241a32d166b99466677a23bbc91b48112b8a3440bda8536df2528e55a5c1d20	414333881191e109b3cb58ae84b5218c03a7b74bcf2c372bd3f4fce1a57fcda0
12	25	wording		9de48e2519d50dae33ef22cda677f0fd276e703a6b3b7574641df195822cb8c5	726c219294f40ab90f1696802d6770e72675c649e7c765161937fc0a63714c6e
12	26	wording	review-edit	b91053e9dff8eae93672530755a7e61d9ae572daabaa3d2d4c4f67b23a8433e1	0ecb70ff3b7f2888a4ff935e037221817462dd68e176eb9d7be5df01795a083f
12	27	wording		0e114cc4fa34d7b5efdc67f84b76c05c2b86414ccad4cb5e164f6d59779914df	8d7683b9a7d5163875f734ad5b9ee5861f5f08a61b8e03080dd8784b6d110073
12	28	wording		c728bb02039dcf34740a97fc7d3519821b8fc363970510f1006dd35b53d9ae94	82a1d9258cc7eae70d3b87e1473a5942795fe40fa48d8f0b1ee19d41caea58b5
12	29	wording		8b5cab4d8f73853f9dd4c91506e486b02698f9308782b05426ccd1ad8eff5432	a310b077ea6f0aa3bdd70828e48492eb1e96f2975a18cb853a3e96fff9a65f17
12	30	wording		4f94084dc8155c19441ea9414caf495ca674bfdc940e16a2e7b9919384c08403	df381dcb825915a122ccaa3bad639466939cd79272b8541a9394c81aa325ab19
12	31	wording		3b89d14f0a63f7da2b0ae6c6d2711291f40a1605f5d67c7a12f40072824ff089	a93f03622750d71101de83cac03849f7822260bdd1937420de4752981c91fe24
12	32	wording		819eee9f9bb68cc7d32c75b1e8ad218fdde438ebd2f29972f41dc1e15a2a69fe	4d9563972ef3ca6d5ca96bf3dd8a2ac20c858cb1af54fb1d2b9c91cf9e33811f
12	33	wording	review-edit	50d61b9f9b3b6ceb0fa504138bec23134ff1171970f218d72a024a6e127c8fb6	6357fea40125fc6e70c42e64f77abc4fbb33b0a69849dc8368e279f42c38364e
12	34	wording	review-edit	cc0f51b8a2bd3539fb8936e7de3c7df6c25c709d4e5904fb4eecc236e50a689e	d95793a203721f200b41776c47e5396e74f73e634c293d5bd5f5819f3ec6500c
12	35	wording	review-edit	d0dee56a2d16843930fe6aa342a07702a8e48a38b7810ffecc2d25feced1ae53	b3a2da0ad1eb9ca631aecde59cf3528a8e5a91823a964832cb323a7421c1c291
12	36	wording	review-edit	288d41ddf012b92ee0d7c9a0d30ff75212a24e44d371c956e4b7062867e518ac	237b6caf7a90e06c3283e2c72a1c34b65a2821392db2f9828d79e384a69fe1b1
12	37	wording	review-edit	5528c8aaccf975a7ba36fe8515317aadb812240530659842bd59850a4a0a13d4	a441d534d0e00186c8d7fa9ec013a5cf9c480d7ca5cd9603a1ac3c54c569032d
12	38	wording		85fa2439c08f3a099636f1754013409292a6387e6e0219cdb0e6178b62a5b7a3	7c12e1f3fab6b34265978dc8e2e21a33ae269fe14c6fe1b9096209066aca0b56
13	0	wording		553014679e3a9eafdb0b111c3ca16a39d3c9b4f151cb5dec4dc39d1de3c33d2d	b58862071cebe92dd92ba376908be228be34c566ecf8242d87b6d0eef673add0
13	1	wording	review-edit	a640ef4abf59bc08962c15303e62142aea7daea5dadcc09e7894ee8f8f5a147e	45899ff13aa748feeab5872abf2bbcc6ab826a11e93a49a07e38d34d283b00db
13	2	wording		586c46b806579ec3b61db6a5bc139dbfc161138d4f61525e1ea3e03191f94ce7	fcfab70f11d1b057e8b0936b2ba0cd809af4b6bcf24d2859fc12e12d1455b83f
13	3	wording	review-edit	f7b586ea3de049ef76382263ccce3121b5564f3dca3ece7140f74eb3dff30f9b	2d61caf88b412db81e1a54607288ef05ed5ad3f839b307c374c39c7f929c7e2e
13	4	wording		2c8b9a6010b7934840e17db5a8990bc0e23501e7dabaf9ab66e32b96900afcbf	9e45256e44e13312d9b6a0f02cbf4162ca8c4dc7c5b6a02c8adbb067247d5e10
13	5	wording	review-edit	f2e2ddd633e6ed9b740a7bf9534605cdddbbea78e948f3c44384845ff50eaeda	e770a6d4ee5697e272451cbcedb3cf924b8e3365e6a22b55e449143b3c17981f
13	6	wording	review-edit	1c24051cd65a2b9197b5aee677681a045b101b07d053ee917f394c09ed4bee65	7af1180bc698675ecf78152bb7b533d69921d52181158c757e6dd1a5136ad7fd
13	7	wording	review-edit	bf890bea44a17f529aa0a39759d676ff6a506ed12409f1ac7cf2e3c5158db48f	7f74ec9f9b9312daf401f55ebac7c4ea0e811bd5f7f036307e11c3039fa380fb
13	8	wording	review-edit	1f5b57a635c81fd09c7ebf2a5434fc570e347516aa4d1d20650d801c8eb4b80a	f1b07c9fbaf08edf05da95862be67d3341d75de1411ed72b768268b6a834b6c1
13	9	wording	review-edit	e82bd8cbfb7da0708e958213b35444bdaf95e4f0903f454fdc0930b5d2aebb37	d78fc25105838ed64dc13b0ff93a88c0b664ef816987b92b201d22c4cb44f2a1
13	10	wording	review-edit	fe904ee746b72d06285c01c85079f53be096aaa73519075be2f35f7e416f6df0	a39f2f399c996e9d1ffd4f5356f795b5c8c58768902084f33cdfc44d5ec096de
13	11	typography-only		a6cef81794771deb7880a2a33f88a70a5f049df642d20f99b88ba09965f2d306	059e4c0dcf0a315e30702cdcc05a6598c86cd8fa6652e185e58fc9f3151a3750
13	12	wording		dae6bf0ff8f22e0990e7425f868155444203525b042a085ea9c8d33ea56ce8c5	dd38ea7806202a0416910f250d62d923081865123a84bb9b0237586c481603ce
13	13	typography-only		0eb12ca905a25986bbb9ac36367371c4d27bdb6496681e2351c02d027db87f81	e7fd0fcbbf0d7f8a5ed9a7132add93fa4cea01dace13d3595c189600f7e3ece6
13	14	typography-only		ff725ecc2e04319bd0e51fbc5717b931368459adbb290f8dd736b037d882e2ee	ca4463aabfc89034de52df198de577334af6a5085a45e11b4c22dd71f164f10f
13	16	typography-only		39e8166f384efb106bcac6224fcfbb1db1d7fd3538cf6dfd0cdb4f4164ac9a5f	c8b30f122178a3d7cdaec88e2294dba1797cb4cd06f1cf7876820765c69aa616
13	17	typography-only		02f07b2297480aa1d050ca82232857a36d20168d9406e427e43d259393e63e6f	804f5b2933b7ad432d67dab4ce621b72556de1fedb0faa006aa51fbc18f0a570
13	18	wording	review-edit	910a4c17ca4c0d539473d01d7e0be1cfaf731e583929bf9f61749872ab593b1c	a0c08e99d6e541879bfe89a09611598dcbf7ba0e38b5c1134c4e4ab1d38ec328
13	19	wording	review-edit	60958875c1d2f1b77ecbcbd1abe17ae6397ccb768ed4872f01d8f86e7a4ab504	bdc1795033d13ec27bf7765e74bef860490054bada91b0854500497b920e389b
13	20	wording	review-edit	25f1cf05d9de2115fba49415e893def7f5b3d298c7b3ed38201fa58c5c75863f	927339ebb97db1f7f36802f789af9af346b23ffd5c6a7b7475ce3bb3def9d55f
13	21	typography-only		f6cc3fa15b8805eee6d29370b0fa24e080ca5632d2c8a5f2b8507e6b6ebf7f0d	1b4ca2e3c712cc634e68aa6ef401b8a3fb556d5aa4313b5e0b94ad9748e1a759
13	22	wording		6876b156a7369ee88844c7427de027be5d84fa0ceacfcca6bef65a88a2864908	1ffa81244ba43770f4d644e9cc4894fb6d0c8e682368ac06d325f2f7c6b06059
13	23	typography-only		ee515157f0f831d5f59c021ca9b5f54bfe592f92b81fc3488039a5582ceb1dd2	274ffffa349511fbaddef625e85b5eaef92ef6ea67e2ef66aa7e7469736eb7d8
13	24	wording	review-edit	be5fb80c3e0bacee3d6abc8cdd0f46dfcd61e2814f2145b3dad52f75fb1e1653	0a2ce30f5df9b2f8fd8a636e4a3f0bd0f00f3e8bc4599399a7665e6dd00d78c4
13	25	wording	review-edit	202039461d676998d7151ee15859005a69a747bab1576a770d09a08db3dc8952	47bbf40a7323eda3471605c106d4f4c089acb5b021666afd4fcb229fd2e0ab97
13	26	wording		ecdd7ef596aab2a6877644b80cf41ec37645c90f0c4fe8dffa3cd2f9eb75941b	a2682779f57a8cc11df6bd8c48dd441e2b54b200f271c09bb90cedd06fbe0020
13	27	wording	review-edit	060f382d686aed797cdd47da546f122134c19cb5ff5d48f5258640397d3e0287	b93fdbcb65a0b3c6c7b0e00667ec1ad7db55a5fd54e23eb75a60bb43a3c13683
13	28	typography-only		0ed663dc47b8973dab2db25c198add17708a7a6b63898c4ea1a6cfaa1dfbb844	76880e0ffad113dd7169b60d37a70bbc394c95942d1fd63200e4435c9994b12c
13	29	typography-only		e8c494ed5a9d3f3d4c4ca11fab9bab1b38b99cf6e0936fb9d09179fc2bfc1a44	df1255bd67aea9d97b6d8a39dc9c43c40d320221464cf8347becf2b907442b34
13	30	typography-only		85896713ec2f4ed9387bf4a6ae56859a3aa52a71aedbe5fce85e49a0cbc8196a	6116905b5ba4c10262530372a4ea6e6185e5a07d7cdcd0a9ec31ad8121e2d91d
13	31	wording	review-edit	794e4c2478f16bdba0db0b0169d929f30a1916437a63c6103a978e6e28687687	3edaf4cdd6835761728475b55f7099bde6a4dbdc26c269f40a8a9bb70da5e526
13	32	typography-only		baf772cb9f8266464bb394eaa001f3bd1c652d51b9706ecfa04030057600f48b	dc752c24aeff9b039a75d3f814b98eb5806b213325ccad584d07d87c34479b68
13	33	wording	review-edit	c2545c286d4478cb01a2d0f14204dbd584f90ea5f88e6ae26d2f19f3faa21778	212fec3f2787930791884b3df5d072afa7bb70a94dec954dfe567650796f9090
13	34	typography-only		22feafe6d00bf87b543e07ddff367c0f1b76943696adef99a3512eb3e238ab66	6e3ab27048132ecd10faa182a5c46fb5ea771b4bd855e2aa0a66294ca486ef89
13	35	typography-only		66e509c8122eac226c076257aeb491d648c87e65e04f98a57ac307be50e6ba23	4ffbf7a44660e51937fc4f597013eaa2e8adb70905f21d4e7037219a5a79550b
13	36	wording	review-edit	f6f11af2e5e9377d7909509ce26435ef62f6cf1155256192b59aa796d52d774a	5181a559f3f0c8125538a853e4157c81ceadefd481d457997d931fd3d2fa4ceb
14	0	wording	review-edit	5857b5ca03a58f13cfdb9b5b3806f8127869bb274be03ef5beed99360601ad54	c65f0486c18f507ef87e1c7880e277b321bbc452ee4625308139c4fc0eeb7548
14	1	wording	review-edit	8a85520544ab605bfd80b8a0b8b474cc403fa822c567cdb6684d6efb1bea6378	f5c5f7430d21dab3069b940e13c9192145ab0a5eb3395df79e49760bf756e027
14	2	wording	review-edit	1f2d177670277c1fcf044285e6f5484e45a929d64b890ad0d48202a1b1a765fe	f2407e7fcb0563f925d6e3619f5d6c5633be36c3d26efcdf1874b1023d8b12dd
14	3	wording	review-edit	f3341212fc6483ad83412903f544f52d324399f729a573b0eebe1e95e4af2dd8	8ec9d7431a5ca7875183fef622484e67d8c66689a0ec433ffcd381ad4d62cf2d
14	4	wording		1f679e26d35c760b51f25f5d8aca1b074b68ecf5a6a30ecacaadc958b4094262	95efb88b98eea23b63cd8d5f3261c20c7fc1cfba82e21060f8b00266fd90402f
14	5	wording	review-edit	a83534f7357bef40f9481ab105389516e2c2977b6ff35a1c5f8e51d3d04f4ef5	1a1b336871f6067cd38a052ec566a07c9b0852f72c22caeaf3e2b23daa0900b7
14	6	wording		7f891546c2bb2bcefe7b2876fb9773cf9bf3c4b8f546146fc3441186593cd3f2	8f5610cddb4c894216c92aa500c0dec2932c564f415b3ca81c58d6dec4d5f422
14	7	wording		eec61e39f301e4d9e23e3e5fb2060c84bb137d717f93869a53d1f983dbcb47c1	07839c9a5c8a8015ea4c6f58b41585ca59291fed7b61af6d72ff3cc6bcb232af
14	8	wording	review-edit	e0f97e330200412d86646f797178982060b71953857e7565b58d4931aa32dcac	f5a8c988af12a69b170200e36a84acdbaeeda3806640d5a24986b08ef7b7b3e5
14	9	wording	review-edit	101a91e3818b6a3918a3c7f5e8ff719345833529d18b103b736dde6ad581c7de	353976b977da49e7a032d0716ef897cbbe340cc519fd9596e2e77cc3b0a02a27
14	10	wording		0b5e5b927bd07a546679da8b2457dfa91d36ac3f9c97c06e2b75bba2dddc516c	2d97911498d097c4189f35cd0ce35aa64ae7803a8c5a424fe97fa54ec6f23a3e
14	11	wording	review-edit	fb5a8dce881dd0f1539c1272277fba712cfcf27b50f0c0e1d48abf635130231c	6078a3df535120e2e2b00b76815a18ad45171ec2c4ffb5e7cf61d333d6875f6a
14	12	wording	review-edit	3d0dc0bacc239eca0c35d062ac8c562366f08721b396797f6f0007cb86125b32	41f9c9c5c1c9a962b576d9ca9b6ae8f67e3e0fe8de51e282117892a36fd56519
14	13	wording	review-edit	5f081d42d727a6c7ea31271b858c6338dd1c631a57e3e727236b472c828d5059	7d8fe67f0fd267c691e1a94ac799353362684a2efb38e34af8fe371184da9f09
14	14	wording		b9fdb0f864a76ad3a3995dfc304926da163b860071c3f6219cdd45b61f2b2b15	7a789a774c07380ddc8d547dccc150dcb0883d6e2207a5613be1886b5b9c4c0c
14	15	wording	review-edit	b4130f9a9cac821a57d4de533cc7008453bc3426469b4cef8150e5a1d718b407	836899f22eddee553b297cd847295ae4b22b10401ba2fb055830aab9ea9718ad
14	16	wording	review-edit	b05e78d070ae9c6cea31c0445fa2d22fe3ac684d4cbbde3a534597ce5c9d1d9a	b48b59f0389519b2da1428e21e76fa3f5ebd8c5ef40c2c47f5a796a551f541bf
14	17	wording		52caa0501a5e24e9e0cc840b4dfda737db2d0af788dc66671ca3726ab33d90e3	23fd532da9981deae5e0fefafaac104c619d88f3c32a475fde2f6fb5753d4821
14	18	wording	review-edit	3bda80d4b0123ac61502dcea4887fb81894b0bd6ebe6f8660b9cbaca5cfe48c2	4ef3c11e2e4ce09eaa9fe894a2800afeb1f953782cd8bad1ddaa2688d6666d7c
14	19	wording		1a8e85777d20b728b4fb7c7374609869384524b087136b4a3f2e83716cdbb862	f05f15a94ccf522a1610e87003fbb22fb3d0c559cc9299de418faa4cd8608be6
14	20	wording	review-edit	392145236e959da74d8a19493ecd7a9fcade6406daf23163cbe34139f14f3367	014c7f401ca5cc01e44c38b8e534ca318f12e6e021fa8c7cb3ffc4475a74ef5a
14	21	wording		6b566a29626a01ba7fca6882b8baf61b2e72628a3aa674857c1e493532cdf3eb	9a5e9b0ef898198772a22c3580f9cee75786c364b099dbc80505b7b6403024ab
14	22	wording		9e571c5633a83cc088de4918fd213cf18be8de69cd7e9529a8c64530572984e4	a2dcc2df1ffabc4fe2d8b8326eb978ab836a9a1a5067945684e4108dbac993cf
14	23	wording	review-edit	74a3608f35594cacd0cf252c276aba7db75799f35b030a00ab5f3aec2ac9766f	d4bec1480af0acd70c186010dd53f6352996e943f03a66487e9fb11018304d50
14	24	wording		9ad0e0943cb8608a0acb6fd0a5f481b02143d292cefec04c94bc5b006e2bd772	e6310a1ad66dc7313bd67e0e387fa3fdde43135308c6aa1e9350d47544ec76ab
14	25	wording		aac080f4a0b5d25211d892f066b31da0edf9a40d6eb5bd9e55b65b36c41b70db	225b6d468b6cdf29be9c1740d536862645f32da4e4ca765354e4d3c077d430aa
14	26	wording	review-edit	5e7e37c33d9edffc4a2960bdc73f878fd9f3deb2d6df9f15e3ea64b3b162e61f	d441f0cb883771c32d2d648aef197fa79dc89978667916140372d15cc715c7fc
14	27	wording		7b23592c407a47c99fc1ff3c5494d4098eb3f8ed5c1beb24b9317cacdcfe8e99	1fbe248878b16b8db377a164cef9d4f5daacf30092ccd4c0f83bb0f35aabd482
14	28	wording		ece8867a7acfa877274fa4bf5b7838be272b18d8a31189f826cb73bc278960b6	37c980576884bfd19614e290181cc192bb281ecdbae03154405227f50dea8535
14	29	wording		d768ff520b15898fd3724316acf6a3cf261e69eec5df14f1a0f37e7b48fc5762	c1cf8322c96fffb466814a25a0ead292844d19bb3c651a4a070d47c5bb93ec6b
14	30	wording		7bf3258b32769c3721e5d771d76a6ba1b744b429267a920b9c114ff1cfb53754	6b0917227c07950f33c5aa042045f1bb921cb6a5d0e71b802ee4904c0cdac7ef
14	31	wording		7396fb97f612f155b3652190c3d6e11bb22dc0972444f36fed7eaa65ec993eb4	eb173898304b14dae3d447958843e6df2f4c46253369de1bab85f2dea1c21f36
14	32	wording	review-edit	395782333990dd2afaf9387e3731d15ff730753992bd990681da4bff5112d509	730481947a556e3b45c71a578084d3038078ae2150497d72d108def7a4a07ba5
14	33	wording		b18158eafae37b14fdccf02797ca3d625bfe0909a441ac025bf7d3d7975e6aba	5c2a9009a96d631f23b6a083669c87d56d3cf2c422042de1876c0871a7aa4973
14	34	wording		72c1b3afb47e17a5212e686093d8e9dcb03c628f8136048351ecd42a0a57cce3	217b31bd7645ac6717ab3ce1f56dcb3f131066824adb150a48009c27ce804068
15	0	wording	review-edit	c87c165659f563786de4a2504df9fcf6c8024d14256cc61a345aae3d11a4ac24	23d63f32d1c441b6819455bf185cec0eb3057da5c0611b4a7db7c31e6b5527d8
15	1	wording	review-edit	7b8eb308d505d2d844e966ffcbd59696f56c32bbef9b247976a773f47a13ed30	d38a82b2daa9342e92c8c3975d920d8220dd390bab6fbc067edb148ba04683a4
15	2	typography-only		2c4e931318be7616839e416f5b87f68d62c0d64d792fb47172b3fcb9395789a5	6cb9204486e6705245b809c0e144ee7295db0230248685be1c8963f6ecf39c37
15	3	typography-only		72d82347cc7e9039bc6e7d9ceae60a7db2570ff2b4aab296c070987d763c01b7	c9d7dfbc9ca9b0be90c6e464ca4e9a642c1807e299ea62927bef245db4e9d2d2
15	4	wording		584023a370b142b4e91c9f00bb9620eecfa6f263f4dff2ac4d4c9f30a2f73c2e	0f038e572ad2c643b86f71da227170e51c336e5ea39f4787f27542d225a160db
15	5	wording		d1fcd19e9c3f6762f7cab6102cd93380fa0babac4d3b5980d9d668488fdee0ed	5045880c9c379959f20bd52da17b89fe4fa5a85c373757b39382cb2a9729fa04
15	6	typography-only		3b2012ef6e92a12d7b80ef8fca84aa4f4901bd4682c745ed5ff1679108a964f0	d2eee80d47455bfdc6a2495109cfcd4de4159d4bbdcb0452bea7ff87bb17a410
15	7	wording		f2652d2d692f9c383178220fb1e77ac0541eb3c9bcc9c23e853f31f93a2ed55e	cb2fd9c36e03df80f9bb2a13c09f62dff6898b67609cda978e358a154b5ac938
15	8	wording		f27a1369727c9646d3bb9700801c3b886e2e768db9528853dfb7dce637ac4f27	bdf6147d8c1aa01d2cbbe5d104116a850b971edffac2412b34ca675f77bb3786
15	9	wording	review-edit	606798524fc2a40dd47ad09f5cb847059c35919c3ca6398fdd9ca4a568e732f2	465e7d2315f4b30d3d06acdedc95abe0d2a1e72afff0e722dc2a0f05c6c6d8cf
15	10	wording	review-edit	4e954d05f333811e6fb750c0e9f23435c98f7b41b6110736062df53efe92f000	52fac4c0e576780cc5197076f3d86a5fad4b3066eda6591743f3c920346ba32f
15	11	typography-only		89d0832fbba16ab8bf4eafa5d50fa015f040d1f831ad2254e7633c9523f6c2f1	13ab71cd259b9b47ce13e26c34b4246f24d864b2685f8cc0e57ffd2090b6521d
15	12	wording	review-edit	f6fbde4a6b838cf05f67a2112223eb4971e317418048e80ded9eb52bd8eb988d	b2be1d06f9146f8498e6a47b6f470cc98915a09c6e50bf2f4742d3f3e7b67f84
15	13	typography-only		9ac6d23c94a80fd041f76c58b6d9f04e226c0aa97f62093064d7859b486b901c	9dfb2463645c367943cb6886034b627a442f26a5c247ae78ba43e828d3789d0e
15	14	wording		c5edc4a2edee08f0b13bc79bc7a03975259ab9fdf352dbe65ad252928a243928	e2e4394d731c44020a0930b437067e2a75e02ba2f0b558167abba34e7b825b15
15	15	wording	review-edit	b316264346d948a878b1626efc5c177c6d8d82564f7702fb849b7539f1d55b86	2ab1666ec9084d53b64e78f00596633e053b683cbf4999ce888fef273ca16127
15	16	typography-only		0d683044984eff20575b6e47d7a6cc3648dac1cb1a24118626522201c1bcf5ef	9c3f36fd7ce587b3ef5a24550ff82cc0c85045c1c9a6c31c76b2eae0bfdc676a
15	17	wording	review-edit	036b971f3e183766739760e6643e2a3d0faebbd5f12b3621ce24e153cc18293a	548b2d617d57e4a7e0fba2cf99e0f114e0d2f9009873e731e0519787bbea6b30
15	18	wording		c0dba7dad06a55439f45e6e311eb491b4690d04fef2bb8f1ebefba149ba6939c	469828e0daf6b5786ec3fc64422d48159c4549f334c2d0863c5eed8b09541104
15	19	wording	review-edit	a10963f52f8c8771b86c32f9dc410d6d772eb5d61776a44a12d9cad92bf030ba	c39305be374349b8aff225148862cbe201b39c6bfd271ef20128be80c477f51e
15	20	typography-only		039e09ac36d9cb97af5cd9bb68e4e4b2e4c56ccede65f1a948f3d5b76fdd503b	dfaeeb1348ae50c5bc5764989413820f1da9dc02f4e69509b47460ead600a99d
15	21	wording	review-edit	4611cceed936082c540bbc5c209a9deaa4a5b3d9fe4d53cb810983bd69226ac6	eef4a8b038843e7e7e3942f25c0075e80370b7fefc0d05175f6921573e701495
15	22	typography-only		2e305208f58bfa48701b05a4eabca91c536da806631c63180fc8895c479cfe3b	850c7f1fa914ef05bc877210b9dc9c8ab48b7dd450829c1521999842c5e77f3b
15	23	typography-only		39b6d9110a6fff28dc3ebabd3cf86e2ce315408f80bc4e0ea7ed3a14222bd916	1a4468ced1eb4eacf1377c00d7319624d900cb226c6a0ec60c1d8063c1e63b15
15	24	wording	review-edit	322942f1377e6b7359ef11017fb0a4fd78444aed1f138179e1d1144bb0ded28d	94930d37935f17b6e6edf22de35146d20959be74d4bfd8fb389377214fbdf8b5
15	25	wording		5055d931154289cedd3cb93e9e02411f031c3ab3e15000dff3736799076196b7	77f8d28ff4b79ebd0e64cb4fa804287771bed635c58483427ae679eafe0c0ff5
15	27	typography-only		d4c29f8c529b40123f04afa0ebf76bd34ce8e80ac4137f970cd2cea3b45ebacf	720d41e053a1ccc1f3fb65a0a1cd96e827c60a105c325d1ed44b34905b47967c
15	28	typography-only		f10676a753f6eaf55f2c348c2e755ed69edf8af5bf8e800231e24388fc3084d3	4a417a8bdc5295cab6fcfd128f6973b7a893c58fa53ac9b7c5df686a06a1f69e
15	29	typography-only		dd5d66263256556640a78c33932ad72a07f40f825d3ab5edd12e9aa8c03cd708	1bef0a57854926a534802dddb1c68675644f657da848b0ea08ccff1a40b4fae5
15	30	typography-only		398540b05759ed88b0902628fc06ed34d704bdcef76bc3cca782b7100ce29f0c	824a6646c4d499a4bd895975c81a648aa6c487adc46023ee30efc534ab755301
15	31	wording		70aa25b586b5125332a80409a9c4f09e9876339fdc23a8f6ab503a5edab57429	0f01b21b028f02277f24785cdab28fe029289d3391a0a975acd81809f0752539
15	32	typography-only		d3031ed1412fe2614764d212e4d0104ab944b690a71039357d63b166fe89244b	3862945a35bce29c3efa09f23f203a4187a5e6cb0f5d04b3a2cd9bdce342ecee
15	33	wording		a64eacf2bb0636374918176194821c62f8cd3ee55baee46091cf0aa07fd0c914	fe05baf328e4205393683ebd4ee6e14293d9e1ed60eb4b0c4028bf0f072b6b22
15	34	typography-only		391fbf064050404d468cfaa0b5599752c4dfd610092fa32579473cb2a278b96c	eb5f931cdd643ee26f5664e9a11ce98c4a427eba672d34ab1a05a5333b83aee4
15	35	typography-only		9c8f51471e0f468d446f63149326340783412ff7c439e591b99f0188beccc9ee	782cbd85254f2ad2a36a22281ddde20e0046d30565f5117a9a16406269feffc1
15	36	typography-only		5fa48fb270e1a6b53da1e4eb4941e0526c558e427ba80a7fefc34433b569b432	7d8e1e8633490747d927f3fe7bb496ebf770f79300ec8ace7b14b4a6954d1111
15	37	wording	review-edit	f809d8b60f22353df84af986dfb8ed027cda224d20a6ae41300c26c56c1ad99e	ecddf3eebd95cd69d4ff64ee744227e9632f3be349262449f7fa16437a428752
15	38	wording	review-edit	6830d0a2333d11309b43a6d823c8a4fecd4960c5db6ed154dda3504079c2b29a	566b2db3602137d35458821c79ce554f70bfb7eaba67fddd7c165eb2b93848d9
15	39	typography-only		1303c1b82cf1e6e0abbc8b8a46ac5eaa255d727508b8d1bb3a60efceec1f6564	7f571c62671c312707a3045cde504ab69fdb89fc970e81a1538ea854452d8aed
15	40	wording	review-edit	7801948d2ac20559dcda84a1b919e4b0f2dbc64c5fc0c78008937b6c763b37b2	e3b8673944ea3c829428daaa4ccb9924c550644c21a73c69ca7774fcbf693839
15	41	typography-only		f78d938e168ead2b47a3648ecb3b5f0bb83ee6128c18058cabfdccab76bfe4df	b2504472dd999aedca2417b4591a96f30bd9975ad34061f20573241b591920b8
15	42	wording	review-edit	743489646f362ec9eed19599c5727a7adbdd121d1c21076658e31d221c4ca79a	15f5c1fdd1a6d524a772404d5d00449f43a3f0c0c8d7406bb7952ed4fa1c1f5b
15	43	wording	review-edit	bedaf05603679d6d770b663a9152b741f79dec365661ff6c85bf121b5bd95e46	a0973f02e89f0ac2e682a0bde45798500887debf1e1d19927e59b5280e97ff62
15	44	typography-only		1645f4f361ac3c6da2311b255a7caa36036b8aa2ae91fb85356c127f90462dfe	9c8864dda7884331f550cc5fd41c7d8b39828ebcbb98577c849f4a4fa38b8899
15	45	typography-only		426ff9321b6d0e36439f089e4822603937460af37a266289be50917ce9ea1423	c5da6d2b903e8576267f9b40db5f701211634626ed9556785a9828e6dfc4c8e1
15	46	typography-only		7ac66260a922b672fe85d5197b9997db596c637ef507e626b9703f7a915ac7ee	bce763bc005acf1011c72ca6a13aa67f285098ce92eb839d7a5f8520e1331f79
15	47	wording		4cedea7dff10a0c8ecce95f55eec97b27c804451b27bbb00856610e66d8e6466	8aa2e5be4e342e52e9ce2bd6feaf64110354a88cd3b81e613d656fe4ce5a825a
16	0	typography-only		ea6f965fb5775fb330895e2e910919bf79aba15e4c1f45fe30b6e287ae8ad0ab	b3fff7758850936231938cbeb54eff69c0def28f2fe8eb0d8a428dde0e361a21
16	1	wording	review-edit	68f81266a03dddc2a33767331d288d8ef950a8560e4b79b7a37114f4ca4ff8d2	37c97f93807307f339499d81bdc5a74c94166c1a01570287dbf180865aba93fc
16	2	wording		a7130fa5e3c03b11f189ff0aee9bc0863321951128edc49aaef66e596f7311dc	5d66ee36ad725fe702a9b9760f94f60b4df0c8287a82e67878c7ba601b8caf20
16	3	wording		32c181aa5a8dc88f04e90e8cb7de22217fd680cc34d73a5a61db2fb1d6edfc45	e52803626e09d5e9f501d4c434b25a321e473608770ff0681f55856ca1de2f4f
16	4	wording		0a4823c33da7773851242d03977a31ff58e8da47d948cc0359410bafa84e2391	397fb5078bc3429d7e9744ea075f9c05c976b0596cb08a27e06f58dce9a50b8b
16	5	wording		690a8e49c4d2aeca4e52f58d04b4b3115265aa79c0112b5c25a42d6f0bc881d4	0c774539eb81bf199a2a319a1bac6f5931f8f1d5bf3d616b6b0f7fa529695e0c
16	6	typography-only		f6d2b97297caba01b54888593c6420f1d80eda54b3146cacf04fb9d12923733f	14d1280e779d19494f6d60cd1ec92e368c29af8aff3152a9632414e70bd81271
16	7	wording	review-edit	b862b97dcc3bf3ffadbbacc60cedb2cb2fe7aef46f935cac211c775bf06eb861	aa23fda707e3dae92f981997129532f75350a1276bd709aa4cf5432182734c39
16	8	wording	review-edit	83567a696cf6c7e8e7d67920cf7d13ec58a6c4381cd338194e6a14fd17b5e0dd	70ad2bbf8deb349f224e197d13295d9051064c7226c9848ae6a5e19ed350d83e
16	9	wording	review-edit	2397dbf54078a81de10de2c795f5fe785c23b40a40ae98b92b9f186323160e57	9298094a1ad36e374fd4dda6706a06b875c2274fb90277b7466fe1e7562f14d1
16	10	wording	review-edit	b9be9ba7f0332b04329ef844bdb8e05c6c09ee2d663be357e98ca5d995bb1494	cb4f447f9542dde149645b9359dc48e39df950cef170571f46d583ae50567352
16	11	wording	review-edit	b62c3d8c924eb94c63d07322ded4c736a85fcba7d6b58792c82d666b432a6928	c8657f4892bd08dec4a6d9b5b534338a3a5cfd700bc3d232d941d8ec59781eab
16	12	wording		0aebfb3f151ee744fca0cc9bf68e8d91d1657d79e506fc8a90c51d66b22bb6b9	cc5bebbd476d3f28bb183ce4ff1ea5fbe004cc1a36f71bbf85d3fc7d6a172a14
16	13	typography-only		c23e69fbbe90fb890de8992e8f2337a5c7488e68d0d6bc235ccba3bc3cf261ea	e1b35e99a20740f0334b9df2115a3a9f6c7e14652b76a74f785a470393246b95
16	14	typography-only		959f4a4ac80f9aa6f78c6c3e3c4a0438d5500276aa905ef19c752a89376d3b76	3744f10574d9bd4bb1a1cd4050780b141ab1231504a3c7db5f7a30fa7468c848
16	15	typography-only		9ade10f08a5920146233c4e8d0f55e66e8ef9195055a168765c0b6fbe751a530	fd7c6653075df7cdef758b9eefbc9ae6192862961feb0b237409c8c57f9bf35f
16	17	wording	review-edit	3cb77df472522230390068fb69e86a945b591cf92abdedf8ecae39a7be879569	2dfe767d14cd6842d6ae99b7d499b882207b9586f52e22e67c982d93a1ab3950
16	18	typography-only		a08c201ee99adbf6ab6c42b0472ea58fb1e18defaf9632efd2a40b7bb2044c80	86951b75207602648fdd09c69d1d2324c8d5553562234b1f0837990221ac4a6c
16	19	typography-only		50f764267f3e692bcddbd26c03ca8660fa8ae3d0c6ab9bcdf2d3f4111897b5c3	c325ad4c79435c5c236c63c39a9f80f4989ff546f1469377b2d044019072233b
16	20	typography-only		01bd4282d7544b58c489497db1e30e194b4086f7b9101e249705aba80254106b	8d138e92b77ec0abe81f5e699bdeda69232505f96ce7cdd633c48110124c98c5
16	21	wording	review-edit	15100fcbbae6cf67aa9e9c5dce7bfdb160025d5b67926534adcd6d98cdac384a	553603a913ae76059a958e38c25af141c991994b157d6d6727c20eed5cf9dfcb
16	22	wording	review-edit	069fa27b2ee4df0eedad8d504d98f4041c5d5037958228f839a6c62ee11ff246	65c48fffce176b4501044c1d3d9c4636261eb52085ebe6daa270c11913267de5
16	23	wording	review-edit	65c53fe55b95657814186555c31b49601d944da59b3b46d2bb1bcb278102a2c5	d707697cdc4f4118dc4fa9dc62854aac1f6cefe9ca46088f277b737ad17c2bda
16	24	wording	review-edit	511b48ab1b76be753a94b4c43110f0dd2b9e37c64d089c5392f67983cecd5c48	b458510046947713bdca774c6e7f67b835411c229f6934550f9ce6cede55bb6a
16	25	typography-only		e60edb1b78cbe116408b756dd1336d6aa6a0ca64b6af90a5360f35479adcb9da	e79ba303cac8cbb72ad70982fca03aedb6a25f9e0abddd8dbc2680654e0f004f
16	26	wording	review-edit	ca836019abbc2987ba47362bdcfd2b485230f3070f725b63b08be0c78880099a	35171c7567c3b22807c5ae97baa5e1e90f5e7f25823e632510241026c7af073a
16	27	wording	review-edit	5bf3da4f4f3df6beb1e028e4886d3b64bbb923f46f5b45dfe5cbea0e15b4b5d8	4d8921cb463aba5566905d3818db75a1444d780400c098ba22370c89782c136b
16	28	wording	review-edit	805f175813fbf288361cac81ef21fa0f512adb1b5c700296500f91de6a4c33f7	7bb8506e7cf43d53d68380e0965591c1be63901958fc1ce897a6cb45e7297f34
16	29	wording	review-edit	a779150af222d6d822ea8717b9f2d5019083036e6684789234c230c8aeb0d1db	f299fa797bbf7e65025f7cedf43df614af148f7c84e27b6328977c148ca5fbc8
16	30	wording	review-edit	3da04882035996e6ec372df4ae3a077e626f681ad97963a9ef904b8e6f502c44	175abc40b19e9349681b86268fa9b255c7ef8547ce49e8e12cac94775e3b4d1b
16	31	wording	review-edit	885154c7a255feeaaa78e3d0f8070a420539058033d095e74ae63319987fb37c	2a1468f4850cdaff84437c63d0ef4000dafa239a242a5c2599664b7ee55d7328
16	32	typography-only		e71718e4e91dca8ef11c5f190eeeb497c879070ad001e2c88e24d9fc31a28eca	a606149afabd5365aa2ffe292c5a8d3b3934dd7ae265bb408f62f8d77394b050
16	33	wording	review-edit	d01a99165545b883700a570724827ebcfc1b773aa3e16e7258e312b932979aee	3d57013699ff1a24f896f9dde38e670c3a26a80e130acddf8b9d7dd1b0c45046
16	34	wording	review-edit	8d0d2ac0ac02fdd1b17825352bf2b0731db3a62378ba686b947f998a4f5b3de2	561dbf254a5e497e9e52b727b17d81d4fefc49d64faef282f8e76e49e75e2d8d
16	35	wording	review-edit	dbeddbeb144f0c158e159c3bfa840d64a78bd758fa98495c52eed233a322d02a	291b737fe3581ad3345f52065458d24db04269b6de41c9a32e8505bad11c16a7
16	36	wording		19143d3854ae3d773aa90d2512dda1894b1c570c1b182cf36688f651c57df05f	03592bc5b08ac03db69a7d002daaa6a56926d1bf4bfe930eee6b9a073f888a6f
16	37	wording	review-edit	753c9f443f29aa038875303aa983ac4c89ea303c6fc01859d5511931aa4aa8d7	66fd634376db0814a68a4526e5877b1a3cb95b8dde2249a1e3faa0f8ab3911ce
16	38	wording	review-edit	a7ce692325b8679682a7a979c3591f4a62b2381800605ffae329468bdc77e439	28bf399494a12090a2809abf1f5e9e7ad8bc2013e24fea2873a65418fdd719a1
16	39	wording	review-edit	d1da02c2f17382f92997c4bf22747066673026a67b1b067880f212806d36e652	2b66807e777b91e707385485b5ecf7e725332d071b59d1de154d08b0a3357d9c
16	41	typography-only		ae9ab6f43dfd70ad568ebc5549c5e7cdfa77b6c7683373c51c1090b4f203763c	759b39c840e443f900bfa2dcb4f7ac44a7cb6d660bbc3af757479119f0678d90
16	42	typography-only		a8b81741f40e7f4c9b859d924f177e22f62992d2d589a23da3e4555a9ed35b7b	f4b38fe88997a0b8c65cda0757b42cc323dcd46aa4e018490a88772bb8b32d93
16	43	wording	review-edit	9abe1e270ec85890e0de9f7660c35678340036cbcb1a38e35f208cef087cd935	91ec8c877d7a37023c2cdb60fc2f34b797ddd56e9396119b2236a5fe351c160b
16	44	wording	review-edit	d5bb724c1194f769cf351b37b0883021dd45bcff3b6f0cd5baeee8961e50666b	f14214723945b3fb8756fa88efee941b7c2718683c482705873fefe983420602
17	title	wording		e258ec2a167c26a89d1e63ad72df9d31b93b89cdd2537de4112dd450f2f1f205	7cde3d1d4fb2f715b4ce1f6b1ddbd0f6032d981699e0d3217ac08eaa442bee06
17	0	wording		eb6131bdf9c3636723e75fdb4f1a4377401eb62e34a23220e1f027aef3e1cc1c	9ecb88d9a0293fcee2f4d9a72e29b511b430973d16d24322b7e0e98b73a7ee57
17	1	wording		134f116adf7cc540a3f8a0ec2c511dface1f9a3dafd32690fb8f793762221a19	3a528593ce503241ccca5a0a6352b312807c206e256e42be870c6d94722c1154
17	2	wording	review-edit	f0a0c708e748fa7473ff024ee700ceddd9d164234d1280d8232a4ded7e9a913f	abb4baf3872eec71428c4c260357a255a135b5177f3c7686da3f431fa50c2b51
17	3	wording		8bddd8d484e089c54461c7ac6fe7fb98daaf3f6c3cdeec508b2c6cd98704856d	75770e9f9535aa49ce037e86478dd1ecd74de75c3c34742b5b1b1a96abd86d08
17	4	wording		53144349e6b3dab99e771683b7950412cba6eaf5ddb601c3e475cfd309a2a5ae	c4c0ff2b38d04886b71cd144f061a1831df4dccb378ad9f3890d43bba82c4e54
17	5	wording		19bbf35eb1d806348028b3ef55351413c73d7ef17f4bd4fd9e068da6a0cfecae	d9a33eb85ed9da21a063899b6983176a98e2554eeef09a08cd031146137f051c
17	6	wording		125252e4ac243b134e87b3112a4903568c0fe67c810b2fe7962fe414dcc8a3f2	ba6e9bed3bad5975cf4a97e043a09679d64cdfb7974021102696ed381e4ebb78
17	7	typography-only		335b3b73fa9d9071c8eb1973141f01b81ff12d4ea680ef6d2ebeea71278ec427	a6bb9f9aa98a0e5b41e31f7e35d0c299d3a2f605aa4308f11776363515598a1e
17	8	wording	review-edit	cb4aad3b07ee65aee59c025eb97a051c3f8871ef0739aec538f9f14834a3bb65	0844fab43731150ecfa899103f973cff2b9c12e7acb220abf05333e2c3bb3aac
17	9	typography-only		9a1f7b00b3767769c085f301c2a15cffc000a05ae7a9f3512cb3dd00e76d3120	45b1e758666e908479cebee948a994b76088c78e9d9ef419a43d71b867beec10
17	10	wording	review-edit	03393162f25f0d0a9e4bca332ac103fe9346f5c101e10069a1bcd43d919fac04	0c046aa971f633949e5411df2b24160ea8d0c8b28345fbc41d4a28744608f418
17	11	typography-only		7dad8a634a7193b49943eb4e5cfb40538b03ca2608c79070d2c188dbb5999441	8f0fdb1050f2dc4c618c35cc403f6ee3fff22bbcb6ee827316f84a081ed0f35f
17	12	wording	review-edit	303c8df0c6042b86f610734c0a25245753b0acb8db20ac03015f5396b2acb492	d9be174cfc0799f91cb6562d6b3aea578db977720a4fc4e4cac971ae98965f04
17	13	wording	review-edit	3b076f01165260ef96f573cfbeafe7bff1c29431b560a6b0d88fa2a2ee89ff56	5a6d1965b511bd92817fd8d68583be3f7b723ac365cd99c6ccff64c444ee2784
17	14	wording	review-edit	fb9cf6b00d4e5ab27739b1d2908cad3e20bcc5d6826b4f0cbcd2af03b7793b5d	cc18402eae94777539a908a3b9e2168e04f120602fddd38fcb6ac54178ac4b93
17	15	wording	review-edit	eadcdec7b15345ccb7612f9a0f4d32df3d6cc8fb7494c2b799b0348f59fbd5ee	d5570c3e40183961dbba131a9e1657a29a646a43735588ba61fdd00c926c541d
17	16	typography-only		08e0e1d66f7872d26630dbe80f9cdd17591e6dd8c4bef407b98d0580612e32c1	7583e3166a0eacf9920380ba430de1c7bef5cd7f2380c1ca246e35c943906dca
17	17	wording	review-edit	ee8428d5bd17ce958b3a4fe6dd782445095c5343ccbcb9333189c24366d94040	139f7f477a253946bc5c21acf1918dfd113cbb4916880e4ccf9a868ce1c1a162
17	18	wording		a46ac2730b5ed3f5613a78b2ad2f4d9b0adc43035c0ff727d3f7bca8dda7522c	fe9dc21b4f690dba92dfc92e9a0d9253e58c16af073aa777541436f72bc98fa0
17	19	wording	review-edit	2f8d0a35c3ce322c5d96f385026f2c58da3ce82a75dd84f3b9458c9b9e38d728	5f5d184140a231292661383f095063ecc064dd908042d92eaa892b017741174e
17	20	wording	review-edit	a09803eafa5162def7641711bff38474efce3bb63f7d72453381da2138aad0cf	d8d94471caa049d8d7cd3f3a5eb56c1f62c9b4987ec04f0ee67c87a7fe67ed0e
17	21	wording		22b6d793cf39d798afb2f6c824dde4bf8d7c8431f6e9e119eb05a72b17ec656d	81b89c3635cb3027b295af4d10f7ddcde94bc4ff958948c8706240943b6ab418
17	22	typography-only		ebd37126456122e07f15170b9e34a6fea214ce95cd51d077742931a5f26579c9	9ebb5a98682c06470e449c368150eccadaf944019529b64689cf418448f15b11
17	23	wording		ed81b23bf0970d44ce60808fbece2fe7812f68751555f840fee78992ce1d8f3e	cc4c2cb78363a5e6dba42c2d85b2953ad12bb482e6bf50dac00a06b74f550577
17	24	wording		d9a46a7cd5df24105d240b4053759a2f16d986b79cf710c04d104e321a276ea0	59136970cf1a3dab380a8a1e5680f8bc3452d41e212adca1c8457bdaeb76d2bd
17	25	wording	review-edit	e67c37e8b032a9d81c65f74a31a81b2ffd63d7fc606bd8140e22328d18108e94	b3362c01651568270fce11776540544b329101fc69c7c77d6cd51c193650b594
17	26	wording		4b3dc7e3fbda458bc9f719811e6f7d48ebbd26ab686d47f960a9a281fe813d4f	4d631c2e3fdbef2fcec8ccc7e055dd3100cd227818a15ee9e3ca177ceb86906f
17	27	wording		f3c2948b03ed1604475b5f20070e2744fa041ab7b23557cc82a9f198ef90bdd5	8c227faa3017abf0afc2321dac154bdd4d5cb108217295e7705b48ae732b43b9
17	28	wording		4ffd8601b0a1570ba19cd97bdcd04079e2aa273b4afc0f41b8b9dc69b362b2e6	b1a54b5c73a5861d1695d074633a941dca499b4386c2a2c5ee1baad08553b198
17	29	wording		3fc7335ba1ad14b797d27c7a8effa31104dacc14b3ac9b560eb61e57899e25c9	e17a5a197bb80b099dc888608d485c9eb578aa68f0ff8aa93cd1bc2e7f3e7665
17	30	wording	review-edit	e9f25bf207c7aee65435f1d38bfd6a89fc82e8aa49688322bf62ae2fe3015b2c	dc427ed036ca87b7343024453da77d53aa3950e534486fc1df6fc9ce8c17367a
17	31	wording	review-edit	a5e3c60f43c511b16183f558b67108f92512cc526f7e6fc788c4804e17ebdb9b	bf2e157b0bfc438d766568c4cb3520d9d1d9faed630a9df00b7ea988a288cff9
17	32	typography-only		e3ef119018cc50f969fb9ff43faf1ce082ebce8489bfb9de37c9b1dee2769a67	fb71dc983f4cb8ea09097621393ea0054ea547410f26449d782a447974183c9a
17	33	typography-only		38c2d7560d950338a9cb644a90b7cf0a0f921572c591e07bdc7ab359f2258199	7159027c84d714ba8dae43b02e026c8aadcedb4efb06cc2c2fb25aaf0db6c61b
17	34	wording		4b4561ae16aea74f7260e42193cf50719e8be01e2e953a8080427baa160ad158	87efb9d361e3411cd733147e438255cf3ec9a213e094115809ddf5ce191c9b05
17	35	wording		c34759f6e4d3ec9bae0639d46354d66f7ef251e54471497de910463192bebe51	7dca4edf9276599db2793c6df5ba974a120d34f62abf83b80043f1f570220dc8
17	36	wording	review-edit	7d31c3abdd19c1d594dd78a357f25a8829ca587443d815ad3e9ee8b049ed7740	351306272885ef630f949d6d83cb9ee669038b29328c16d6b6bf0eaeef1c4218
17	37	wording		989fbd189b70290ecefb58b9115aa3ae44ef39327ca239c2e063eb1459c858a3	cbc7dad9a6839570007234fa1efca6ad6a39839c6527dc69dd7b6569473b4f8d
17	38	wording		e1c858366ce04617a7a288aa481e27c4dcb57efa8c2596f4fe8d5280ea0efb1e	6ed9615a64cb37db3216dd36549dc8ac476fd77f3bafdbafabcc9f21d3f1bf7a
17	39	typography-only		c31ea944b276a7c426f3b8ac1d0b8bf1eec616ef7c5339ca1706320436a6882d	2de137a0244fe22b2e5e0c76cc4484944a8adb7061c6824eb0e7967179871b4f
17	41	wording	review-edit	4784b33be6da595478c8d7b45d671d71bffc792b28e949d154e5866134ad9db4	8f3ba65371177768c47be39c992d62dce34d3d9ddd099e3968f402eeb20b5b78
17	42	wording	review-edit	8e2eb9129bec4ec35c575fdbdc631cbdcedfa43cb0e36b30c31b1ea10ccefccd	1ed88aea19172baaf4bf885b7477f9f2594e274d43e3a087058bb45078ae6101
17	43	wording	review-edit	77de8b173bed2bcdadd78bfc6d44cb4a591c1e12c000d2cc0d66d7c9e3fbc290	3e5713307fcb2a3c7a96f23473f9fbcca5b21b1d60532f09b401654a490131da
17	44	wording		f168c11ecd1fb3a10e855d832c486d8abf8eb715b61a651f72b91244b8122d85	97df3a013c1c25d044aa3887fd7563b08ecf2e3384e39f685e1449dda1e497a8
17	45	wording		436179b0ff20c6a318418da758bbf14305ad764ce7da34e534f001a18db61057	e5f4163465fed85ae92db8250c1d055f52aae42df796321d206b3cab0d06c4da
17	46	typography-only		2a16d229fc215eb0643a90b94394bd9f56d721987a5f613284dd7feee9b8e344	a1eeae912b7eed06247dd48f400af0348609d0631366e783d08eb511b7a8a48b
17	47	wording		804595df60d28713042fa3a331c1d345778dfde6ecab5a3030f7177abfc4e733	321feee4423f0c95cc99116d87b66f10c06e4fdeb056088f95f9333249265ed2
17	48	wording		073d49a3aa5d46655cb22adf6474c0750b0826f8d1fdbecc79cf2835c54cc378	eda90fb192bf1cc4c9ad5c6b329a6b157db8cff366cb7d458464c1e20172feb3
17	49	wording		1f29eb056cdf691548607e15978ffd3b914c569445625265722a237515f6f49f	9928d67009ad049a78e13ac8f6cc5925684d9a78b8fd450d7450271628830fb8
17	50	wording		dfc0ef387b52b0cde9c862a29ffa6d009e9b2980918f22dbde56abf63c016cb7	25b232bdf3a9409715c180f49376a7232478a15d49dfa02bd1a722a60f13abf4
17	51	typography-only		f3c70a640c19e48a82c43f868158984ae32138eebeac4e75239c0afc932ec72c	3590e8dc3b83c4cfb6b515543fe032e0c7e3b150b44c13cea844158c1f3119ce
17	52	wording		8370135bcc6dae4337c88e5b71d61a97793779e1574593110f37798e04ae847d	650ebd0afa7647bb75644a009183d5f7948000ce329a6395babee7cd15504125
17	53	wording		f8b2b43cfec6e811017b6cbb0cc415da53857d404747467c1bbd322cff3d3efc	ac70649105c2d107994cad07549ccfcb90752964350ddc8ae4ea42fb81dd9b61
17	54	wording		bf6b45adef2fb6db1cc30bdd7d9d0238524cec8a7c5caa1d83f1efcd2fa6f4f2	658e44f704803d38531027e3f1715a247438b9f36e2729278f335876ad2f8960
17	55	wording		dbc15baa3345ece61ea911ea814ba718f9887b77f9f258cadb71dda3ed874446	0092177d8a03abfd89eb5b87e4496168006d5a3aa07a25ff101d314415b5f503
17	56	wording		222746c7775723ab4ac5ad669d3b8181108c66408fd0e86f01097f32d8bde15f	0dd2efb659de2d614c44e8317f5ce157193e7e2e523f32d920b70982e09e51fd
17	57	typography-only		e8cc813130141bb5e4d7d0027a68200c896d5f09d0f66fede4748346bdb74854	c97ed32ef32d9787d868a1bfba2c61ffe0aba0fd543a1b286e06bf45ec25065d
17	58	typography-only		35fbdfabd78a5ea16b4d55921ef48c37bc150b42801b87dc1b4aa37fa4636ef7	f4b37106084d1687896533993f40ca5fc233275f0db8c3d1e7dc66e399aff073
17	59	typography-only		46f9f714da52e7967232bce1310e7325023d2aeb9c9edc12b34082cf8c088564	6e07ce6f099468b42f5016047dec526544c0d853feb498309347446c277eee77
17	60	wording	review-edit	6b203887c98bb3590c2a893f64aedef1dad020b2909d82ff9818d45104fb90a9	5e2e0d57364d24ed551cbd916ccaff46406da9717ddf3669eec189cdc9370154
17	61	typography-only		a2201f1d7a46b630a10fed58eb3c3b6c42b9a6fba089d432be28ed2c2064ea4e	484e3b7b4e4075700888b031a679dea59154edc2df39299f21b2b602b228b4ab
17	62	wording		2ca1f8c4a891e43db928fff8b93a4b9c27e5004f33638be903571921c7466181	b5787fee4b2324d95fe498010efeafb58514ade2b3d38a1bc78042920c2696dd
18	0	wording		d31b9c44f0acab8bc5a6f2c66ec8e4ec7fe723f0a7774368174f1f3d34a5ece2	4dcc72ae7f611d9bf54438b36100fdf04b9e06ceea35101e076ccf42e5033fe9
18	1	typography-only		9cefa6feb49e97b86adcc84184e18f6d06d34e242898e96c964ea16a7a6303f3	0b7200a35e5fd324227a448d8f134ef148e16edc2b9b7ca4abdfdc8235195831
18	2	wording		f27b0880cd04c862593fb540b649f7db1002f18250c06fdef95beebf4b550b11	fc9a83f82a0832942491d8c911b43940fc686983cf02bd8fdac1c062f1119832
18	3	wording		2fd84e5006cac110a3a54e6ef10954e326e89cebfc29ada9faf4b1f296856b72	ad78e6b84ffb9d249715633edebdd4adabc2c54fbc317a79490614f4f9ed9381
18	4	typography-only		c13e2a444c6dacb40f470b967e8077244cd7c76f661173473b5234b5fb5de77a	f947eefd8189db2bdfd551433042747f1bf882f6a28ff4df1645a6051945558e
18	5	typography-only		7bc19fba743e2873b77a2470a1493684acfbbb3b59218ef430253fea03247544	9eb9de22279baae722e86534bdc70d976b54b791495b54aa4875ea5556bae414
18	6	typography-only		521e4adc7f58922d5611e9de4097f5ab40b8c0b76fc690228aa200fe4198b798	712dc3bac6d2687438ed3d85903e8203593cb1761ac4e04b6b4b844829066b16
18	7	typography-only		f7f41252884f6a1ab2c19074ebb9057d983f75e76d79ee0b9eee3ea01f580de2	5e479238fc44cb7be6531bac695031cd31b47f0f6b8e5811194a346fd2c2f699
18	8	wording		5eefd9cc699f7adb7c2d4d9ab7115c6e96349b62a449f11ad16a8dbdd19f0a05	544ff50350abc6b003855c22ffbd4dc19f0d37e3bb9b2e0201dd35e72d3351cd
18	9	wording	review-edit	660f5cd738fc2477068f6d1bad54466e9aa90fff7902e516481d91a0043a5311	4b65f9bcc48258fd46cecbd0a73158cdc524b716a9b76ce1b8959b1ec8a411e8
18	10	wording		d83cd96fa6d940a197c6ae86657ae06f2c98f43b807543fe43c58534bda9a76a	36591776d6249ad4c8e9ccdd861ca520836f5287452bb16eab4792ebabfb1f21
18	11	wording	review-edit	5a02dab96a1fdd8a432441d3a3ff3396bfe0e8da557a8dcb2ef7f89053d6c4b4	ebd5ba91f0bf34eeb62ea8c5877714e9de07731002e159d1b655b2b9aa4d7c69
18	12	typography-only		6ecf071ca5a06a53ac14526cca373beb6b70ddec765092fedc0adb8637691aff	365ce4c37b8bdba815c79febd97afbeee8bf3790a205aa42f4dec9292b8f2d0c
18	13	wording	review-edit	4e85d81f15db6059a3b4bb3583fa5cf4313ea87061e8045a2f7a529ba8dd78ee	95131ad1a65684fe472e4993a15d2de717ec551ba49d7f8f9b2245fca3c79131
18	14	typography-only		a48e919dac574d09fb003b4f3c3935c9f492e284778e642f751d312ca142520d	6d630dc54a8e2dca8eb22c8fb1320e175b94ca65b0074429b09cd231e636e843
18	15	wording		76ead640e13add5dbc9cdfdd0639ba18e4853cd503eaa4019f18aa256406eeb7	9dc8a7dfcfa1651e8c56db5370a4c9f00577f39c454ed4e648aaadc6bbd0fa84
18	16	typography-only		186c7f6b3b9e322fc609b34e2ade1955d0c1e38a464edd0cffce69c8365f8ab2	0d83cfaff85511fb778e93f9e1eb9c37f6d48ea4a974818e86e5ce16f0312b3e
18	17	wording		a910a6449f6bffce76642c95c7b51d2507f08f2a3a3c0d404edb5af00083a1e7	67334d33f458443839fde30191e5dd7f5aaa1ce4832de5076ed9943d586c7554
18	18	wording		5671e52db0ae9a55c07b251b523db38d6a13507ae948b49da5d2ccb2ee8f6052	cbb47104b1605ee023e9117f0d66bc4613a28c29e2e30e0cae9c683164da5772
18	19	wording		ec19ca267520152004c14c71f1f314e926964e85e354ad0631d711671a194ec0	97b314ab378f968cc0ac25ecbbc94bda61b4aa8573ccbbe614cca517dda17019
18	20	wording		64d0475281fc02d74b50cb46b39534a14ded694880c9d8359f38f69ac97ed26a	6229e79633b3590bf82c9f795796dc164f3a77c8ee9a7529c1b2260eb24155c7
18	21	wording		f88e3a4c3ddd6c831b894b5b14e57b7089bd61ae82d8e18bee000cc4cd38de17	4afd3c507338c6c148a174a27ab63d45f01c365aa388083aac1fdfc7c1b8fbfc
18	22	wording	review-edit	cdbb28e7bfafee86060e0fa7b32c781e29f231011b6502d22b7b730db6c7f9a2	86c9f69cc15afb4065779c767aae36bac0b8d113c7896910a0c612a8e85d0637
18	23	wording		788d489451183a23f2f72d3e6725624009b4b1194eb37ab7789ee1c6676db292	c762c2dea1e7947c4e5d60abe365fd2322c983f5e16a845e259e59f6b767b2e0
18	24	wording		4bfa42f385b29dfb29be21b51b6d3f8e1a608c8ecf70043b475c9fa1847b5b3c	f6bd621e87e2c493b6728231babd0b04cef447589ae6f471a18e9476d887dab0
18	25	typography-only		3831327e717fe21201416f6971d4ad843cd3fcea2a4e6d7ba99df30110d25d18	a1b8239353239fece5b539bccdea070c11b20975841ec0b6dc07e413c00750c3
18	26	typography-only		5871b32a38103cf66882348d9e14f666181299b814d877e85f510b2ff5235d70	ab7fd99d72f57b3b493c23ee592e7cf6aba60c5afad610f34eb6f8864a86e41e
18	27	wording	review-edit	0949c347587cdb9a9c60ff558ff315c346c45bb739fc0bcea450a3aeb3bfb7db	274ee7199ab266771b851104fa56d26535ea1135f9aec402a0a4ebdb3d9c15a1
18	29	typography-only		3833beb7c14fc28eba21f5b31093dc3b064ee8f55785981f2d9a8e3dca23ce37	df8aeab32497321f2212a7e8e6043abdd98d5c15333169d6de17dbfc9a52ea61
18	30	typography-only		268e2113d2ac00dcdf4d8474b060e788bb33dfe1d2b3b545656245dccd5c09c1	cba544bb21a20343c687c6a85489e514073ab0800bc885debbd899b6cd08e054
18	31	wording		00ed7682292dc0e15c9c324e4ba4a492af833b29b878c463544141355a045bf3	91164b751c75b34dec9ec4b857adc9eba34ea87a2f61b00f778f98f103e1c413
18	32	typography-only		a1a0ea6ad16fd408f0a731ab99b400087846821ce615255d26a330e5c28f51c7	261dd8cc2430d6b593bda758fe4d8098e3ebb512955751eee9181cc483bb1c87
18	34	typography-only		c01e156453761d06b0c66ed6e7211655503d07a1e7a48f541f9aff3dc6c1aa8e	239ffb31a97f34544a5354b5eb39f3df3c50c821fa981928d112e1e7a3fc1ad4
18	35	typography-only		308490904ce0aadfe62a68acc75d51c9142b7a8a8ca46eaca0f423047073e7db	9d1530eaf994dec931a0d5bf22d0ba3ec0fce8aa215ed2e060c3440c2ef3f8c6
18	36	wording	review-edit	67e2e9895d319e7215477034be7deb1e44337ae17164bafada833902b87ac683	695135e20f79588e182ed2ea6517ef91d46e073cedd9ae0587449a5d421ba89d
18	37	wording	review-edit	e0e1f408b33bd72afc69c74eb0829396be7862f170db6a6ea117d59113e40176	0b80f3172ca610f1a8097ff03c8e006cb4bcf3d38df6001774d73b203eb2f121
18	38	typography-only		b5134457fcd3e6797cd11c4b4cf974cd3df84927d5a40e2ae51a25f5cdcf3b72	0432e553e1162806c862713e2e47c124bce8e7ff2d3c1c5e05286a7eb644fb93
18	39	wording	review-edit	d721d2d44c86abde8fe6b750fe29ab02136c30e774d7e8d030c1f4a87f4d00f5	0d9372ce958758d99bb6c12f5c804ee439d49de1a53357b6ba9eda09fc396d4f
18	40	wording		769d598976f652d3d21f68f8964b86f1f705fe7458a0c0dd2f3cb141467a43df	6a3ac6bdbb79f7afa83941ca86ef58191f203df7a6beda81c4ecb0c2b2380b91
19	title	wording		b40d21bb64e7610f0cea8b0cff8de1a44c88d117b3d4aa4c593854c8e32d435d	48685b458c27d0e1d05591ecf0c9e3adfa382566998fb51480eed13cf5bb4565
19	0	wording	review-edit	8cf1e50b421547254c613672ae15514df67b66f7baf91599093426de165becec	4aa16a9f93e429e3c3a749af9d0a1179173ce0e23ad71e244ce8016c6a22c115
19	1	wording	review-edit	d5bf17c78ade4e9572bdb69511b363e9d13277642c45f1eb47cc94e69c6f7597	5b8ef17fa999a024d7b8caa65cca9705573053fcc3e2ad68db9b3970682daae3
19	2	wording		db8e2b7d46ed105e61c3c10b6a8f7a030186a9efa561994097af664fb3802e9d	49e3a2ddb796e9dd3bd58e639d956d0b2ce7665340d9d7eb5561b2c43c157894
19	3	wording		e03bcc9c4e8daac829c7addbe6f2afc12e390a70b3cf669668c4eac1ffc4150c	9c658ad9792aece7d3262a5103752c4de63283323d340141b725d55c1cea0f27
19	4	wording		7cbcaed6c2accd199c481838a8781dea9a132fe82ac9d27685c8a05a9350c33b	ad4f082cc11fbb668b22f532ab5bd7ac4d572d8f3fc13001a1777e3249151a98
19	5	wording		69523d01671fabe8cc8d46b56b8bb55a3a76987218d7f177c13bc1eea8291a97	1b06a57a4fb6515b86ffd8ab3d9a5afaad4664f2cf6faca86b6b4b4808b0be4e
19	6	wording		bfefce5a414f250c0994618f29a33a185e868fcb58fa8d2f2295e486e0e7cc5a	13462137eefca7c0f6b3f8150226f88be0cf23208ea23040679c12cdfe27f948
19	7	wording	review-edit	dee4a58efd31a70f95a7fcdc5beb6fb4ba029303da20973360d05b92e08fe0fc	e4ffbb1b1b491ab792d62213d9f52b059798c42b9379c8eef377daa647e8786a
19	8	wording	review-edit	f71aab189d349eb4410a81e787c49408e5c91056a340e3fb35e8fe4598521ed4	7ebfa1624c4504e582c36c9a41a4dae9c5457c8c591139208123c006778ee184
19	9	wording	review-edit	d56a2f29f10e78e39e2adf024dafeca18a2bdaf082d975ad80c39b12a899a9df	8006c28c0a528462d0869681b4dd60a65e4a623887178e8a039f0083f3368eba
19	10	wording	review-edit	3c84e7062ad9ed6b3b1fb681a352321408864d1cae9c56461d3a2c9ecc45e4a8	1a521756ee47b15d766b757de4c77c4f5f749afef3f067d20afa0a7cda30b236
19	11	wording		b3265337de882e79fd325743675045c4ee4cb23d322c796e331efafb8761a4fb	789e81234409ab0e143396e2304b50a140ce6136e579301c2aec360cf043e18a
19	12	wording	review-edit	130023890d345cd016fd1c773117a00da41fbebaa11d219bfafe9259061c16a3	cae2eedee8b4005523f66587e6a691bf208db0f0013c83ddc6eada158079b784
19	13	wording	review-edit	3a76cd71cfd8dbb075c1e494a11176aa244f701f1eeab26bd97b119745c3ecdd	89506e2280f271513dad90273546b6a233cc31984d1af4667eeb4af55aa80920
19	14	wording	review-edit	7fb23cc79e512994d12c907093141bab57f9afeab1c0a54fa0ca29927c5efd8a	81c4411943256fc9f1ca7cb08f7282ae7f72577a19d05b6c3a91c07c04198100
19	15	wording	review-edit	86e071eeff012c895aae8889f705e991c4474ca59d2e6bc0d6a85e4dad84953c	cdb6d5e82662c5e019da3cb4d4bce8184c1cd5a22cc5fa6a43ff119ca588cd0d
19	16	wording	review-edit	9b2573f089392d1c0d3b0f8670c77f3bbc49e3d431fd145c84a3a0aff4446a0e	c112c7ec797006971e7081d4b5973cf28f9cf5de6844efb9afb4d94e19be8f9b
19	17	wording		0a2ba2bc95107237aa86c0b562bb975e909f27d6277d449dec28d97aa9186912	0b29fa7157742a504869808a82651e40115f15f48b4f2602bb40b7295f2f97ab
19	18	wording	review-edit	a66da9001ab47c3b127a30b2c61f9b24e5519c60c6ed66aac954a9a38ecbf908	b64532dc88e4fba2792572561ae93d2679dca0eaa560b82923c003184999dcef
19	19	wording	review-edit	89f5a34301be8253a3d86cb5bfccc86760f03d867a69dbee92b92f36b9b027d2	e121eb540e71ab2716f51654a0f14ebc52af4e3aebf55fa61ee75fa1202e8062
19	20	wording	review-edit	77f1a93b5f3b92abaa560a9c0e5bc7dbd9f936da39941bdbf58faefd7847fd17	ea884393d8b7770cfbfaf2c5f621ecc3b87d2ac0659aeda3ce67b8da42b53d4f
19	21	wording	review-edit	8aa896fdb869773569b83aad3ac39b0db40c85dc0867f60226db427f6756b5b3	a927afe81687b937ebd1bd1c10c5a87ac58b4503c678d3e1839f434304f6fb40
19	22	wording	review-edit	61877057c0cbcf9c2f2344111f21b462186f9121c34ee9085762132fd6f5fb7e	e7b99a53760770e6a94ed98fe025430b64a690b7ac18bf4f2f2e9bdad13b21c6
19	23	wording		2b66350ae6b6581befa4cc4f78cc54bd02eede15dcbe15214a2694f4735d8f46	8737e211373469f8dfba8c9c52008c1e8dec7899e1dcf44a0f5d9fc0322fac8e
19	24	wording	review-edit	e2800da693c62c696164c52d3a2d7ba2d67562823d79c4271ab802faf43b4fed	bb7d130cd8d47d66fd721a246a58b56d2c8a6c3d4fb925f3ff5877394ed9eadf
19	25	wording	review-edit	aae38ebf78255bcfbe8074f967c3e139cfe73b90f466f81d9f6c2e272c37b887	c1b42990f457a5dd7495221c0a64486eb6bc77c37d39497727b1e55eecad01c3
19	26	wording		808e4c6288ee2f65107c6bf29c5b8f2333645885f905d564a39134900b48b0a3	36327e0484a1cc1de40e9d69114b555c5ce2503cd91a886c46f6d5c67e4c5001
19	27	wording	review-edit	174b7a040d6ab8003ce39a4bf90dac1baf46c44d33e7a8da122a2d43d5007a8b	1b621182f72d4cbe32f014b55df0d994f1a254fdf8ecb8c70a1b35237f4fed9e
19	28	wording		8959d920eb3d939fe427dc16005aa0038a3f10446955fc58e0aa7d10356e18b2	e5de79c83b2cf133eb1f1adedd746f65577af155575ad81c46ab8ef34454e0c0
19	29	wording		332055b4c96b979b65dbeb25bf6596cee99b31d7d63fffbb13ddba72db807719	2dcb2b5bf1c2ac908dadf1ae7f91efa39212aa8093735bdf69c817941126c1fd
19	30	wording	review-edit	9158d3d5c818e5d66757c1077b4ca74529ec09f018afa0fff4f728eb8ba0856b	e5cbe2a63919423652899cf5a2649ca322d5543651ba490eeb46e8a77cff1931
19	31	wording		138d016dd2274ba4d806e62cc0ba40433fe51db507c7eb27bceef8fea25df3ba	8d7ceaacbe1a2831a3d6146c2a70a53504c5bcf50c29df9fac17d1d8755bd2ad
19	32	wording		3901f5b22ce2fad2c3c8c310d656d46dea1a4e3b745116d0a528991f2199cec3	db82e151cd8e4f8619b7a2e3c5fa1f0f1ec88926720264624a43e4728de70fb7
19	33	wording	review-edit	176e8401fe9ebf25293d8799de501a0c76e6e6082b29daf1b28f1cc173f355f8	0afbc1621cfa1daab29d2256abf865c90200d30746e96a126717c16e24c28ece
19	34	wording		902888fde0006a186be2a0c98a4212a59401f749bf8fb3205520835217be66a3	64fe2f2fd104ca0df8e5b3ad653af01e8a40004f52b3e14fa209cb70bd2c80e5
19	35	wording	review-edit	fe274c259a8a342c1f6e970f1299951da53a08d6598dbd261f51dc2ec4a728be	f3fd5df322e4de3e87a016dc35f4f9a4b7870f20c49d6abde78d657df478cc49
19	36	wording		20e1d077f25eb6e7e2f9ba23c000999a9a8b67a05768ebfc0acc85a5dee9edc1	00fa47e425ba4cfd440401c92d235ccbbd100986396ad30b71a5654783ca1f6d
19	37	wording		091d9bab31acff3d65e99e6a522fdf4eaae054135a769cb6d5e54d95e062259d	abb71c4fdb8972670a3dcc2cf4dafcbea924aa1ee74f4320c98ccd37da073725
19	38	wording		fa987edfb2fa8010dc725bc070e86ab9f055daa9ce25d70a301ba7c85ed2e252	7e1bb8848c360679c9cfea98009fb240c182bcc6959f81478f39cc9ff2dc53ff
20	title	wording		b666d35d720dfc5eb91f2b534d782317a78b9eb82678c0ee308924ce8540a058	ae1e9021140108a9020178537f44e96720bbec1acb413c09adb4d62b82ddfc89
20	0	wording	review-edit	b1548d92f00895d9cddc60a43b7e36eff565c49949a2309d733a219f1574d74c	463fcd3635a6082b3d2f4550543c68a6af9081471362489e2f1a3b657ece3977
20	1	wording	review-edit	2291840aa411d6c61cbb6033a79fb4762eb08b3b2a4dfc27ace8feade4e09763	082635582a25428d2be118c77d11cbaa2332c884948931d1820e8222dc701e30
20	2	wording		1ad0205e605df0062c29c8955c3092cd4c3efddd3a5934213b5fc51291e5f633	e7393385dca242c73c2921a28cfe619fba415ab0b5815db01341123a1461a5e3
20	3	wording	review-edit	b5abfb6918373f549a23c8085260429e00fb1f7dc6d39126f588b24051983e9f	af996238365d7bf0427e2d8b33c294a6e3ba1d6086e1b757ee8c2fe1d4521f5b
20	5	wording	review-edit	cfa916e6806b23aa671e5b2dbf4028356c9b1265da94f6c038929842a37c18d3	84203537f9b8a01fc00c8451bbef7dcaa29f9f108c5f3fec8b5ca703f7ddb4a9
20	6	wording	review-edit	38274284ccd2252c24d045258b2d8759b0d2f4a1eb8c1e0247d61489d5769ee9	937d4f362132ff711186ce0cabd92a41307b46ea392300eabf7d0b8b7574de1f
20	7	wording		1d2e2fd2b6cb6130f7f655cbb11f41f51fe9f8e53d3ac0e2f0cafcb53cfbb8b2	190d6ed6bfd6cea2477e3ab8294f18b57bb6238c32287c2b81f294d747b24fae
20	8	typography-only		72bf407000c3622f5543765acf45deff84e6ad45a6b23c26daaaea393b02d807	6b532e7cefb56793e5075155dff142064f9c5087ac0d8a36fd2008e5a7952695
20	9	wording		bae3a2ae9aa79061f2e05ad0ef37a9c08306d2390310d06a489dbf90ee706645	34422022fd3af9d82e63a548a4e8d41ef889eb17dd170407dc4eb0ade18de62b
20	10	wording		04aba3f11fdd19213b395182d30232585a67687279a5d0d9bd877bf0c58e8f3e	894c008c2fc55468506c36ada1ec331068b5523d845de4efe60c05933e71ee18
20	11	wording	review-edit	86e3e6c650bee6621d1edf945183174868a504f1a8dda49618f94e1ede0627aa	e64b7416fe88a1e1ca925bc9eb3bccb5dca9be8390cea6684d64859c0ae9c931
20	12	wording		78c267549408ff6b4ce6607bc423a8d03ec2784ecbfefc106e9c714bb7bfe908	451673f684e4978d66ed4bda7a4d5e5b4e740a2506e48f12527e9b937610c50b
20	13	wording		0bc355e21f6a494c70530e509485d5cfe931931a754d8362f1e0aaed2ce2ac9b	65f4663c1b5103a3ff972998ac6a7033c49d6a08851dd7f11f62928fe1239887
20	14	wording		022b8edcd5949a0655809f0d2eb00d82c60271392322dd2fc23f766ba9fc8f65	82aaef2c5b50e6123b28a5b763f08bad0e9d301dcd1c6d3be2ce84c4c2ceb7b3
20	15	typography-only		893d64cc3c76ac2ae358b413d7a958d407204410395ebf645ee243c3772f0fa0	4f02c1b3ee5ce69f2e03cee068b0d0a803502771094dec3bf4d4e05cff5e9f6c
20	16	wording	review-edit	a1132c18221d55cefe535c3300542061ff2bdfe8e61dbda8db116a1bf0ad78a4	ac721e9df19d27f02d3e1f4a7e14f33d5008d37702d82d55fcaaa949df2d7175
20	17	wording	review-edit	9d54ae13354c2e445b3f30cda39d41c43705a8842915ea3624f7f263a05b4442	690aab26b1a626aad2aa07a18623ade92de64807d2dfe221e6e08f05e68cf2e8
20	18	wording	review-edit	de6e1708b994276780906b39783cfb92519367668d899242c50ee2ec95c44f72	859dd6abd0d70b9d91f6badc9160c331edef61543fd8883364f05a9d9624de0f
20	20	wording		fd7fba3ed6d5f9103d06f33b4ff87bde688be28dc45f1f97a0b2243f6601f60a	f090dc257e6f2d1a32e07e296890334bf5daaf1f9f3717ba7f83d10df4e5a6fc
20	21	wording		9c34abd683c8e298f5f65bb6b87fac34c55784cecea4b93e14748d876212b456	7aa052da8a36c31c24a4acdcdeeb00ec574f006a2a688e13ae4e9e76f1debac6
20	22	wording		1933ec60077dc76cf60f1e1a8fffad1a87d22633522b1df3f1ea27b69ed6b9cd	6517614f3214ea605d73f400821499c3e307dbf484c093a503207950c357eb80
20	23	typography-only		23c962e1f865c5df51e13a5bf944a7e50c3e4aabd217e75ddff9eb714b0251ad	c7377bf5a418da41c243e15ce3dd117a88f49b7d9a79a3f6f85e8ca0fdd37f2d
20	24	wording	review-edit	add0d7edc4acdf15fae9a37b9c4be6373d133310286dc20f6cc5c9743f2dfc18	a2bf0feb72fbabb34b51a385a6843c7b39430022799d210859f13ee8fba16a68
20	25	typography-only		f18bcf0c975a236c820a7a19c3ab38154942592d5cbf14629885eee64821d277	610b608173b055df628cc9358ee254fd33985c59fb5beada95f2535d77d754a3
20	26	typography-only		d6b10a3b659b49d5e8abc657d8e79d47b0cf0d7b31c672ea332e5f8a4ea1128e	77179ffe2ecb4e3bccc45b42f22a2576f39ebd7de07e47cf49e681de5fbc52e7
20	27	wording	review-edit	f20518fd44a468bf1b39ad08f8e06c831befb9a0da16946e8af92350abf35d27	760fb1afbad7fd1cc57c56f3177c28e2e1e31760fda5891d09acfb1dce65f20a
20	28	wording	review-edit	45120062b38d85777c606e14ebe41c897c919925b1fc709b87a4858316981d12	1a5d8d84f92697204e4fe3dc36a2e548bda0ae4fc2d9ba8f4fb92c9669837769
20	29	wording	review-edit	8f04a34b01e940784b55f7c7cb7da4ccede79730323eb7a1fe8b0a92abbb3336	24afb5609b94bae0a15cf3c5b4cd6fa82407a840a21ec4f0b9d665c08093fd5a
20	30	wording		796a59f022b81cee84284758aa4e8de8a1cd452f83dbf2f6f26c1566c6c6cb94	e6ca58c682c795603c7c0a9e1b1d6426c14c031f9c6dbd17314feea670236842
20	31	wording		60cb31b3be1042b2ae01340452a7db8c6882fb948d9077a0bbbe374dabbd99a4	98a0027da5b4011abfcade9802a4480e7c051f550e9cb8f9acc7657e511b3604
20	32	wording		22dee3ad7747419775ab14f3c3887d59d3a515034e885a581fab676ea7d438d1	bc150eeb21bff87b15f367fd3858c3c4cddcab46b43a835cf12244c356f8b02c
20	33	wording		e809cb0055ff75bc8884df9a76cd1fe06af00d63477d5ca09c58a49a3ed9fc65	f0f25992349964913757d89b460eaafbf17f6a0864eb860d8e1f33204da8d2f3
20	35	wording		590bdb5343a1903a93bce2a0fd84f129da9b7de6beca49bfaa419450217e5e56	2347ef6a61b70818244b964cbf5b55eaf472dd180fa8f55f70bf1629d394e45d
21	0	wording	review-edit	df2e5a3b31696fcb5ac7922adbc1b50cef8be1a8af81eb02545f3fd5de505465	f0f806cb1368cddb175a2c90467fe375e18b95959bd653e8e890d6f0594a0070
21	1	wording	review-edit	2f1871ae2128fdb411eb804c3169e4da20da1a51a59aab01c706899485f08ad4	0bcce8e5af3f40b89848e8b86e109e72385b980cb763a1d553a592ff095788ae
21	2	typography-only		937662a53baeb523e83da33ef0ae836dacd70d13224541a627cb84a5913e4436	3bf165b9e828463b49029b30bf2b326e9baab4dfe8aa127c718d37d4cf8a1c9e
21	3	wording		1590fb4633c4ec9e4cacc54821bffbca0620a53ab111ac58c23d7c20b81f1a8c	c9a9e30de335cfd1bc24f7b6c3f93fae334233d3e27b3124c82c243ac3e13afe
21	5	wording		1d54ecf8197836145685b029e0a6f59b7a22acfcb65e5642ff58bdb0db168650	6a3b3f864ba5fbbdcef81b135b60a25d040eb5c67222ad0b87d6407b753e47ff
21	6	wording		7a53d7f8f7e34b1b9b8c640f48d175c700449287b5d58431aaecc7040aa04536	ad85898273f059e04fb5b7faa849761b6c418cb7ca1bfc64e51317be33da3d4e
21	7	typography-only		32589d88593a4bbd8febeedb1dfb5e7c571842bbdbb683ca63a86fb34a582e11	c11fedebef44713f1c3d83b831446c60b6fa827a9af4347fce17f19180d46989
21	8	wording		63703faaa136fae270156ccbfdf5cfc55d5abdd38b21599110fa73945f39b521	57651a967c27ab0dd8369d14421df11d8c40baae5994fd38fb783ce711490645
21	9	wording	review-edit	b80781cb3edd98cf0e70b680b427bdd5b2f9db834a6387fb1c34a3b56514c6ad	b5746ae2c7e3133330bc41c66cb8799e04a9f13f13ade8261659984b831ce92f
21	10	wording	review-edit	8e1099aac2b8e29bda2047006b9d80c583e76a4d21c7e3e4bdc06517c5ee6f2e	f8bcff07456456124dd5899e01476439a11077075ef2238f9d09296bea87c3ca
21	11	wording		02fbf452f6ef6a0fb0282c99439d96f87ee2f86aae9a4b5905711e88f16bff1f	f4747351fc1cb67a6fa2b1d8322ce95fc664ac2d2205c4edf2692a9dac59f486
21	12	typography-only		22f22d35a03a42ee178ada324a0ddc0c589d878e7e6487d615d33839994185a4	e092fae262e3d4bc1a32b1a2a08ef915b9673172aceab36225ec09517fe26bdf
21	13	wording	review-edit	a649d62f18e22f3939ce93f55bb13f7a42370a238b49e3586b48e7ad730a5fd6	5707eed13ef41de1034f53296e0e09e36dc665fc2e58cb2ece5491a783d8b5b2
21	14	wording	review-edit	8a6ecf4b6974e78db4e6033c05579ff5648c305f0e0b78859011a442963319db	ecd3b9515bd5f4ae5a0026bd874528d9851f4caf03cda6388afbb1da1f2631b0
21	15	wording		3bb424cb72b3f878765a23827a621ad9eab23c6bf9ef69ee228cfdb20d702ff2	d90910a707d6c15b7a30f4e8e74d0788541e8a8e602be772a5687e5758806b06
21	16	wording		90d5c82ba1d16b8630da17991dd2a0e3f8f0c6e44c2a1b1ee89193a0b37f9876	7653250af8256446ebad06f509557d43f52cac1163e70d8b0bfe006632bdcfff
21	17	wording		882ec1a990fead7d70338bec144c889a9a3c4b6dbc62f4c9e3afc117e65cd42e	c5f39c4bf907895c4a756c5277cdd37ec708e1cd03bb141d39cadb2989f96345
21	18	wording		79cd1be4bb6a24d1bb50b51d5aac9752236b3c4a7d4a1ccf505268d63af7ed2d	a775a876c53c35551f6ea6292362f8a620a5fa1040834a703a09b762d4a81dee
21	19	typography-only		345e2b662ed049a445d7d2961b369dbf370cf7d10516882dcacc67d0c41ed376	f4497051bc05261801ec70ee1223ba75cc19d97db6b2fb4e7a031e1e59b4d717
21	20	wording	review-edit	913cda5edcc0f1840991184db3749c9a149cbe1a41ccc78d170b36c17447ceb2	11514a855347698a789c8da8923c93a093f2c34cf04357415d03056b379ba394
21	22	typography-only		80a1dbe1bfdd61c54e19bed7cc103fdcaf48f03cfc4a0275dd7168ebd78278d6	9ed82050609204685ec9bfb511c2e5329024ab68eec50f864a93093d48c23aa1
21	23	wording		511d79e309fd1afbb9819aa1a2caf643cb5add3031a0e0eb3912747a5fe149c3	6890b49833d746d49a08087e25169b489a935a777d701119686fd6c39d6acfb2
21	24	wording		a9870efd05761097618c4b2c19da9368626d39b6b70a7d61a1e122ec2af0d03a	6149373f192a9e8634cc4cad3f3d3943bb317d4f0a6b2f6f84e342b6f73e466e
21	25	typography-only		49e10303463eff85d3e283300ba5da9ebb3a79a42d20ec6f4abd576715f617bc	e3e93bb0a24c0732e52b0f6c6de5f30e5d29dbf822f10d6f93990e1d9a702fdd
21	26	wording	review-edit	cafb39a5c74581f54583fb95aae3af4dfebc31ef336c065fe70b2b4697bd6953	feaa0be193269001a71cedbc674cac0e598b2c76e80478b3a15ff97d15b39425
21	27	wording	review-edit	16df44021262fe8dea3462c4b8190ab534729a754a1fc043f848f429b7622420	9b598d9541b1a950aebb834f929bc4a226ff35748d95ee4f62fda59d1e28161c
21	28	wording		1f1e500783057f2f05f4a3c5b625a7502d213df66f9fc2de3c4907ff188e2538	4b9c807dd63298bf9985568ff2d310c5b24937419fc28eec6ec6c26ffab900ce
21	29	typography-only		531d4511339b70007385837fd084e598a4370fe8969830c31198a9a3584d4aee	e19f0e57301b15b39000955181497e8ba555cdf1284971b8ba7aea2b96f8250a
21	30	typography-only		a6163a544f2e72db21a2d5b3200e8733c559d751d072f1c2c573960e6f97a65f	62e7c5f456e0a039264a6c39a9cdc65ba9e101f6fec2b034bd0d998486159da0
21	31	wording	review-edit	06a8af3b71b94aa3f7854eaa5a17897b798c9c629f07b09eeb9d65355d53f197	853ebced4ad68314a56337c1b5129bcfece5983a54ac6aca825a78ddeb4a910f
21	32	wording	review-edit	7d6c0cc014857210c713489617566e15f9c3561605e7c65b82f66fe488f66798	0f05d1a365a95631a626b959e7d46b7b0a76badc321fe7c2ba604f5478c3f5be
21	33	wording	review-edit	b26bc8d904128f30182053f186098e20d52a96b17f3b47f41168cf52e61d0342	8f4c224b02274327e81c686a00dd163bc5a217ef9170454bd7d6cb6d91a4350b
21	34	wording		348458c51c7275d5347052be4f056f81fe62872ae1462f5f983e1cb77a53aa7a	7520903c1eecc27516a0fa60085fa976a1a1967d6148196f84974d7aa44d3367
21	35	typography-only		1a9fac295867f4c73deefd03df29969e2e8a2e8d092ea081505a6513254b71b2	12a078028d5f9046ff6598270b81f1b5b5a718deafdd4a774c48e193532683e7
21	36	typography-only		323287bf9dea5d4a070b004f5b47e1cbb0905cb0bae1b93461222cbbe78f83ac	e3f694c1a4cc3be4d6e951f0d7375550acd6bb8cca3d211b45c4d3ef60d54810
21	37	typography-only		261c5979bdf16d0550f10c113aa513c21d0ab24b657afd3bb613276943ff7985	4ecba5a0971694b1c2fc46bd3476a36833b302529dca3de0faa5af29bd4c0e9c
21	38	wording		1d6d100bc39788a8520329f576ecb9493b9d1d3a0629189b6d90f52a9cd3d6c3	6dfd790808dc4e35090d51fca64f0e6b4dcf48fe721f2f73359ec933925303e3
21	39	wording	review-edit	c4e552424223d70323c81329866246e5586401582c1202aa286e0eda18a51479	3d12e1831e0cca02d1f3c2e73e60690a4cc729d4049a0b7dbb79134c4692b71f
21	40	wording		2a9a205b5c293c761cbe8c6c9c61afced4d7bcbc623b6bbbe4bfe381bcf38db5	fac65e4875458020a250e1f02f140163b692c5c7a9cdd7d146ed8ade7bf005a4
21	41	typography-only		d27c6e932e13625bdf30aba8a3829290400cdebeef7f260cd1feb0123910ed50	5f9d839c0fbaae3bc3e4abd7de0be676f5a111e2c7aad75f268b1eb0ecc8da41
22	title	wording		f896d33cb840685167f3c4d1bcbe53bb88b8a0c5b0987b3ab35cf649d68f12e3	fb1b523a07bf4012dded39c0b87c69cc3e32bb84f576fedadade3353a80654eb
22	0	wording	review-edit	3fcbad97da8b5da4beb7c4bc6fdab7270a2a95578da56841ee7a9d42e5faa239	a979f32100849d288eefcff7a3b61c4bf870a2feb9cab0fc941373bb45e51b68
22	1	wording	review-edit	ac1530ad7e931b5bbd69bd014a41377c5a4aeb1784e67e9d46acacc783c15c5f	222a1f125e2b2fa24b109c37b79d40b6de1956a45a29ba53aa0aa2f14f0540b8
22	2	wording		f16c49ab8d96f21bf8e675ad941205f329eea0c2ecb85c6c0bd5e992a552fbf4	a61cd601e13c5cdab05ac93026dad30c651ed63e169879e3bab3681fb8d67f4b
22	3	typography-only		73e46c9d159ccb9a8f7772dcd04b0d93e03ce20fd997e6f7356918e286859508	dbe1ee0cccec4f60d729a5523dd3401f831543a4718c94541318fdf1c6b39cbc
22	4	wording	review-edit	42c1419e4dbe8874726192e983a5ca311e210cb70ee1a40167f795846c140631	e61cebd0feeaacdd0cb9c5b28a97033f128fdf5b5325ce8d1ee598ce82602c85
22	5	wording	review-edit	ddd6e7e2b6f3ec2b37d8f8ace4a425a4d1f16e0b2a49f3d66cfd95dbd45f6655	955e1539ec6e728b5ab712f621b910ba41d86ffa7e5fd0b2bbd6927ebdd8f632
22	6	typography-only		2751084d3201c4ffff165779f3563df423b9462fab668d6caf47c6950af444ff	5305c4d974777e644731b364c069817b91c7fe402743a289f38282b172fd11d9
22	8	wording		b8134950f6d426f16824e129d6f22e2876cfa182dc44524ac6854fe2c4fd5951	bcecb0e2d8d7604615692ab1cafe80c38f71ce2ae73fda16e5d7ef06fbcbbffb
22	10	wording	review-edit	a466779934f9ccda2b195d2e1d3ffe5d5183c74d0c74ccac5d52a06222c31b84	2d8799f55061833b74980a704d56b0959f7a4543699870f0fd89377455aa9551
22	11	wording	review-edit	e04912b71ffff7e7798b530a248aa0f3c11a11c57a3ca577a972c2d8079dc81c	3ab15c65bf6df2772a4409aaf50e141b55bb18945218f8ea0ee58f659ff506b5
22	12	typography-only		e4db66841a9448e3d2bc37b61e790547971163fb3cbc025d375a3634e9a94e4c	888086602d461f19378a48c18498d91ca7180db4e06f441f5a8361dfc5baa765
22	13	wording	review-edit	5d29a384ff761b5dc4230bef11788e560c7e27ac135fc811921713c1e5decafe	39f10ea5d018a1de726ed62839e3e3731e16ecb3ac94eaa00d2f3fa026f40c87
22	14	wording	review-edit	5d11ef6626b3c3d331e55a738faaf4261dd04aa5b78d51543c80c506c0ff77be	aa00b463b6c4d6824193f14a054bc5e353bb6e7b1c8d6785aa1b48b84c0e0a07
22	15	wording	review-edit	e9dd8b03d8e1019dcaa4d833b1786cdb8d72eaa7764faedaafb12c2e4eb3fada	f3d32a974c95fa773b78520a98d6303d5f0f02a4b0072e8170bb45e87329057f
22	16	wording		8e39ff3da04ac72a0370419369e06468a44025fa8f40ea1eb2ad4b6a79bdf0df	3a27943d8c1088643c998ff0ccbb7500fe5b969a2e0151705b3e3b649a771e36
22	17	typography-only		bbe9cc5f819fa60283d0dfaebcd85887f4e1796d14e1e6530d35c115f6449e8c	257720874115694cc24838e1005bb4f3df9c90a4ed8148cf914bd25c3e324f6f
22	18	wording	review-edit	53c3111306f91f200e07b2dfc8ee4eebda4714bebe1c978ae251f1865cb0eb86	d7ba0419fba0316fb186295555e8f17a70791811fe2e64656cd3266566d67caa
22	19	wording	review-edit	1d408eee8edb7bc764d7e609405c14942d1f8797bab744e7903af81820197852	557484056a55b7406eb20e49455c739e2d4439012125e76bfad8891724e47b09
22	20	wording	review-edit	d8f9be55651912edcd6cdefde0913cfe2be95113e5bc607192959ff691316841	584886cb1a2901f4a577504ed396a9392a29b2293c30a8af0035dd4d199c1209
22	21	wording		8b22594bad7224aa7b21a0a26c33fa6794b2030837f48d3f58a6e99be01677b9	cdc2fa1f3a7c0388182af67e78fe379a278e51818e3726fdb426aa7e3c88e40d
22	22	wording		d7400cc149f3c4ad512fe8336a37cfdeee3d0f567270f55fa8bb8c89f420db75	f9d7b5179de6eebf32f25c276c99c1e746cd3b57ef0bde4b46645357350f9eb5
22	23	wording	review-edit	deb266792e61236ceab35ce6876810cd62bb458ed2bb2289c7b881a054a89e2f	19d2575105fd7cbc235c314ff5cabb2164290463170c8b6247502afaadeef5de
22	24	wording		a7d0b67cc8c6af5007dc511a81167bb452ff36f6ec816bdb8de3926dd90681c3	eaee853589f0b90e81ea4053a49abac9b37dd6423196650461fbf204e0f2fad0
22	25	wording	review-edit	e2adc898761e20787950cbf980582ca4cf0884e95949db620326ec593c411dff	c9181b529a3121d6b69e3a8501ad015e433f21c3aab887390d169587efb8597b
22	26	wording	review-edit	626afc6f00cc3622de46cf20b0d41910932818296e2ca77990861046690c1e71	f338c60b42826cda57dd481cb49e4d047f94ce6923e4373ca1a50e1707532102
22	27	wording		5685d4bf31a6d6e1720602f31f5bab56b84a2b481a8808f13f4b102ecebe7d68	42a371b30e709934b97c60e5c341059c9c54b9beea4f61576cdd557fe689811c
22	28	wording	review-edit	83e4ed01bc2750108684cd9abf68125006ad5b88f433c4b1c1e469b9830b4539	3b1213b5eb3957407933ff1ee2acc5c227eb131f6cf1bf0907eb5b00054d2da7
22	29	wording	review-edit	2cbb4a904bc7485cf0b9a2bedbcd1b19bf6cc94a4e802afa242d2867e56db108	f1b26839363af13244a626724041c79e277dde4464a9a74ff4323f5f47033477
22	30	wording		f72670feffddd33050ce59af308aa14a08f4d7373a7f43238a2a3301714b6eb6	4cc25712bd451b586a3d865e91c92a0f757ca447ed11936eea18aeb0b4779d67
22	31	wording		209db072da7f7861f83b4595f25f9f359a943465062f57ffe90b0ac3c7923335	0fb5fbaf877c87bc253fec92856b33ba4521096fb04d8f3a174e7ec466322a70
22	33	wording	review-edit	acaae79c1ceaaeb5f221960305d6b6898dce0d78c96f1c996ad0bf224efd7a92	bdaacc5ef5605029b4d4f0ea2fa4f9ce4a5e2021c61aa66ba1b47ce87ba49e65
22	34	wording	review-edit	7a5a32b8b3bfef7bfbe96ef4eec0f4ef6761c047a3a4dc5a16812028b60ec2df	9ff6a9c7ddc3fa8d50cfdb2b146e3795211f754971095a73d5cf92b6daba50bb
22	35	wording		04d70a42ebacae24aaec374fb142710d61c10bfb15c92d0e284413924ac96af3	a8b67b90a8b1aed7e58907a8b573ef9d7d93dae1175902f16d2b596061232095
22	36	typography-only		6c5bc2808eb0175a5324513a972812988a913e53cd51297668a38ceec1c56cd5	c6be82c856bcdbd0bc4b750431d343bf671ad12f748077898f31404e1be448c6
22	37	wording		7943a146d4ddf55beec3cd1322a0dd1efc93c05361cb4688b5b23c41365b37d2	1596019085086b0ba1acaf664c4ae016b8256ce60e8804691a6fedd8abff195d
22	38	wording		b4f1cf4ce89febd60f4183149d3f22de2840044789f5eb70a99ca0d3bc042d93	d71edeb43ceb199b3a7c793f3a3dbb5036a40d8e1ab484be52fa9a3e666e08cd
22	39	typography-only		2e598ec5e32d423cff86dffe459df24202da3c5620417c9d8a31755cb262417a	881a8d5ee7e90f2c9130540d43a702b7b815f7f02e95fbda01bc649831e9b226
22	40	typography-only		dc4fdaa4d527dac2d0a5f685b6ae13865246671d9dfa439665105f6865c1903c	b115f13eb8ac3781066a18ea6045ee3783f4f26c8755150e47d835946e10dc3d
22	41	wording		727e1b90633cb5bb5ba0aa2aad4688ed68d0c4185fce5484b12542d9d9fe4812	ecae6260b5486f7d2b7f8510d47fbdbddbf969e4c4781b3a446e7d8aa68230f6
22	42	wording	review-edit	44cccd8d2d031e737c202389860a5e7669d3d374a9ba006bc92c1aa46ea90807	173d4ec32cc4ee1f4b148ecf0d9223b031d350cab2dd8ea78cc4c5c54f65922d
22	43	wording		77c1391ef1ab94ef0862899e6f2f93d865a44f55983bb33ff219b046ac17392b	9f64d2d04af320545024dc6be4614ec4d46b907b3831a497cdf01500f9257095
22	44	wording		b05e39eef175857b1dcaf98d6588f551b596dea428a447215e71802ff39f2133	316fa568be9bfbd859a786ede1631a30ef13dfb7191b713f895a2fdb667cdfa9
22	45	wording		ecd1d17297d1beb415d3f7b5bbfa4b434b659f1d7ff1e29e8ef56232c817bc3b	6628d4ca134322e466f8ede9038626b06b9e837f07e910107057b1ec259a3bf5
22	46	wording		270345f2884843dd90bcaf2e33c6d141dbe029d02393658a8c7d11ff8ace5fcd	4658b9b5d4b1920491a895de9f1fbf23ec69c51a265ed75fb461a429a73b71e4
22	47	wording	review-edit	6ac37fa2a5d8a868d64f127380112270069e7554eb48ce3c99d0427803da9cb6	6e8a30736ec123c111db99f074a91dd617029d148d2c074e95ea00d102baf63b
22	48	wording		ddbbf33476131f590abae3e19aaeefa9f8376e41790c072391494370fad01156	5dcf431a81671738a54d04134dce2f1bbeec07b4d60c6b96fa4943da1cacedff
22	49	wording	review-edit	81c74cbe2342a737c67f05b2828504859954459acd5077f222ca507628abf2bc	fe8e3622ceaf71c724637aaf14fa768a612d1341a7a595d44b0a21fc17adf1f6
22	50	typography-only		80cd46cd9c1108370d10b1570f7e1b9c05bd9a98456d0dcf06b95a8096c7dedb	3bb4efba8e89d20d46caf6bcad4f0c7c01e020997450915a2fe9105357798cce
22	51	wording		174a56f426c5073440ec1379f27fc09b6bc2829d0ffdb6568debcfb45cd99611	b2da2cd31efd94fbc1117b356b82c2519af63c2ded3b5436e3c448c9e34ce10c
23	title	wording		c4022b07325c6d8681edecdabf746ad2acb8af6754de2ed270024c3473583788	254605564d5905fef4519f29ef374d296a01e9855356380b0b9db3f08ec50dce
23	0	wording	review-edit	465e9aca6674adcbac5210f385c5908d397207046de6db4ec5b3123c612957f0	3e9d0273b6db2911f5ff9dd6f0f3690bf772e27313c95cb40da41d51e244aed5
23	1	wording	review-edit	106ad2aa8eec3ef8a65f3b4c91ec211e8bb1263166e598d65367a6e8a6d966c2	26dc15478590bf4fcb6f71a59e498720b4e4d80c0efb574e12740ebb9949ec22
23	2	wording	review-edit	a2a8703ca3ffe3d27225920e1dc6663bddd6bcd00dc2be9daa5015255ed6946c	1d222de9bc041901b72cf4cd304932575d19ddd2ac6cf3a0848c47189303c5bf
23	3	wording		9c98cfc7a3f5d076e1ff019b4b8769a770592700865ca88b71c7f2c9870c8c6c	9b5609c6587527ed70ce8da02d011b2e525cc3c378c4f08b3a6414414cfe2531
23	4	wording	review-edit	ebf3e4cdd646c1973dc47886545ba8e939142196d447119888cab97f04266245	ac40ac2db8f3e134a24389c09bb5a3328e9da70ffbd31f4f1dbbc84512cd7894
23	5	wording	review-edit	186eb5e39e3a62bb3cf1680424c239157d15acaf95445494274f7b0a82181186	ff78bab6178e3bae08ff84c874ba7fd43597058d1f1d161c622dadba7ba98a57
23	6	wording		a97dc08da068315115f0bdfa592c4abe3d523619dd733f6336ab9248ebf40258	f561fe33196185b6fc3ab30d7acbb8cc2497d93e96702bf2334c5b6ba0b8dbd3
23	7	wording		b2019f9e830e5e3b208b404901ead0827d3f15a0e121c943921a3d97dc7800ff	444bce6ef5751df4a311ef0dee54e2d9d6e8c7b795dc17a797c76b0e8072a35f
23	8	wording		c532368a931e1cd28ade32557d829844f8d334b710148d2feb6855e35d3858c7	ae639210959d9ba3a4701e432734581a7fcabb9b1ecaea9399bf319273669e13
23	9	wording		23ee854a5a646230fa46b17810554f148e66bb3ded5be4b50503ba34e1dbd380	dd2077934bcdee9c7ad78087dc75a186af7e5e08713e9a2903554cb7f62033b1
23	10	wording	review-edit	47e80d220fc90174580f3960391bc2eec6e378fbc7a705249284622b85be1c87	23d3bcd77c215145d68aaf3536e0f39588efba8a9bb71b64f73f92a7a92fc293
23	11	wording	review-edit	431e85786d3149b85308557b99ee2b69e9a731b40a37ecc05d670df629d3b2a8	7cce4ef0a146b659907e7d62d6a28035bd7271e897028ce7a1073ab929e72b44
23	12	wording		bc943e33261b2ac8970747a8150ceb3fb8afa08523e5bbf49cc32cba0713c0e3	b16c079bcc2ebc6b6ef33fbcb089491d152ccb0488227c951811755c89a033fb
23	13	wording		38e6c7100918550d7b1a0f05785c6a94d93078beaea7c392092f0b0e691bd447	2d2109d377ff9cabcfa42d35be3207dbc2485996f7db6bb4bd73a82f9a016b8a
23	14	wording		40377048e843454af1ba9d60baae48da5a36af4c15e139f45e3676a0ff4d5766	2921008e36da7c005412cfb5ff561bfc7319cc33db3274002c7f80b049886686
23	15	wording	review-edit	0c5c65075835fafa0cec28f053a44fc0490ec2d1c744cbb0bb8f38f1fe461ec8	60f345ae8acc2b36ede19a8279ddbaeb294755f54758b1bb6ceb14fb21ca1f7e
23	16	wording	review-edit	597b3d6ee95029d6d0e25bf4e76b2482f5d02b333a052bddc3b2b0c8cfc6eb3d	d9742c218ea9b09f1ce43a9fe5006c9626c9631dfa2b6b11d0fe0055766025e4
23	17	wording	review-edit	fad22521a5e70433e4faecab8290c97fb415fc1408b246f833fa50683302a598	50fad803e2fa9eff6ea4214f42456e96908a435024c75eb84c5005e71cbf5784
23	18	wording		738b6fbfae19024c5ebc3ccdd74948ba3e407bbe0907cfb8e59a17bc906262e9	6d2c58142cf1a1d54edfeb1f2375d3f2aaf272074ba5c4bbc813f8e7b97a376c
23	19	wording		acadf193e717dce537ee391ad1cac6d2c1faa1ad621af8a3629d6980e6789bd5	ffcea42815a021c1d642ee25c5b66f8af2544f7e9249d94fe67ea9df4aa8ffe4
23	20	wording		c5fb37cf5c0028862b4656dab57ca1b46ece773a38e362967dd86b77dc98ce52	b055cc5220e2d60e98e6be2a72eb331d5b34eef5f740100e48ddff405bb935e8
23	21	wording		c0a503893866a3d0d30c62fa4aab2f77b637d1c4f35e178d08bd63ef2edcd11f	e8d9d917a8bad5243c0a8590b1752bb3abe0c12d40b1d4b860e4e1d4e2d4e1c8
23	22	wording	review-edit	73a3a773f4962824ee19a046d913ae84265ba55cb4c88fc5898fc8dae9eddc66	213e7105744bd665753190d1e0ceecc6b3a7449356a394cecb7178a06c124ba6
23	23	wording		84d2bbbe260afd0c2d530fcb35f2a09dcc5fcaf3e6642d0ec4a23e5243690a5a	cc2bd9309775b83057230802b1083b2b87ad94f10fcf85288de10b1dd24d2f65
23	24	wording	review-edit	1ac74811cb5922d31cc237c8974729bbf09b661e23c5a33fb676990d98a32bf8	568b84b3566a4292a77206e3e30fcea2b30f6a16234180b0aacb3a47659a616e
23	25	wording		b510aa5b2afa975029c3bd5101b561e73e9ec461122b2cf719532e7def49f817	8d8961bc7a374a4367897bdbc00e8805d71bef04b329b0b6f98c9e9a6f3f658d
23	26	wording	review-edit	fa42500716b8c9d5d3aa2ba92596db9092e12aa70df3f1d0aa8a02f5a8564be2	d52e959d5972f684c3f41c4afcd5726ad9c7c03a08ad3a8719154ec342d6d9f8
23	27	wording		34b3674f1524ebbcde01248aa005c93fd86ab891b50cf5fa4b86f413e557c0ce	64b053b7d0cbf627516603433a2810aaa20457f844e82fc6ab72be6e57c4c196
23	28	wording		c8145b8c681df45fa31d2df2d641076e21bcdfe9f09c3a2b5f6a951437ab691a	cc3dd9bc79ddfd13beba964b2e2c7352ea9d97a99913e0a25b6a6ada28670741
24	0	wording	review-edit	07a7d55d04d6762ab79f6d4643d5114a20726fe6da18a332892f4ba16f8a248b	665fee829b14db88755b4aa131db20efbe58777148399e2d8d000b0a193626e5
24	1	wording		8752cba1727bd5485d1fde1110389485228c7154fd9a0c61375fa8183d5f7db9	d209f045138288846fe20ed681b9e744bbaa80aacb434b91b51c28f2531f2974
24	2	wording		c73c5719ca67800cdd7221e3bc1552c37a081a18d43b14cb7b3a6f1dfa50bb04	cb18ee12f7edf2fce5c5ac7ccfac4fe07fcf3c86e2a274158f63dbceac2c28d7
24	3	wording	review-edit	672124685bc0fb7c8bf5922d3bd4912b9dd741b7ab8dfaf2a56f568ad452e7f7	340803b2a1917d3978bd276ebfcf583aae64fc71fea43bac2a733fb02ec4e731
24	4	wording		fca147f88636a6294d50f8604fba1157a21ef62874afb1656b21e3cb6e27c228	adbb8225908ef64ec938ad704ac895281e3081af3cc696a77f02e3b9cc6700b9
24	5	wording	review-edit	4419a7d64dee7fb1521a3a6da5a4640f6eb9fdf43a31f1c8b011abafafa3e74d	21d7f9adad0010061b170da2a7fdbe46f839f56cf665dff33d7d276a7f98613c
24	6	wording	review-edit	a42221f37b4d4b602747777ded24b2ddd24622f344cc5213433d205937beb872	2c37ddc2375bed82151040d0c75cacb5acbebbc0c2a2727431838f3da01ffae6
24	7	wording		1a3b49915a2f83185ff59bee305a1a6ea91c668864fc4b1a39b0b6b261ff89bf	7f86ccdcd0ec809bc22832389d418beee02609ec2b4ce533b0c17338a5860e60
24	8	wording		7b56a5e8cf88736cd8ba269808013ec5dd4c9ed6bc11c01f6721465c5a52efab	ddff248f10dbb0d2a0d80fc8748fba9ef3d8cadf75d8e45df2c89c6455b7538c
24	9	wording	review-edit	0d59586a222863451a17a94c97f15b1f573c8d1072af53e27fa7222f27ddd577	b615cf0815b4663f2a91131aeea77bca053cd8946b594328865de19de2676649
24	10	wording	review-edit	eec42feeb4a12366a2f911aed8d8152b5db8ffc57687ace32132771642f811ad	867c0b19cde8b74937f39c93854f0d14b4a7f90e40c8a2c18d98efa45d814e7e
24	11	wording		5b2fb4f14fa1cb5ed367042c19f246f68dfef5a55b54c41205aa33e4f1f99677	d40029e832b3e769eb38574d2e41400fce7f91f7cc9cf99c5d9a732e7257506f
24	12	wording		2952b7e3f4d4892712c146931817fcb1e2c8a70fe591ff66aeafda19d0c4101c	1ec736e9082babb3e6cfaea159d84f18ed83270a6d5eb4169ef59da94fa0c02b
24	13	wording		ac4ad67b6a1d643eb6319ab96354a1c3c2535cea06a51a34c7c3f0859dc04dd6	269cecd882e978c6a90391754a14f9266e3ba90556971b63ce805bbc5b215e65
24	14	wording	review-edit	a8ad361f19068244bc2fbb26567a8c2b5fe66bee1e55a0846b601d0557f4f506	ff37e8e63111cb25b50a370671db1db72f8afd923c89fcc58cb9baca395918f4
24	15	wording	review-edit	ec47a7b491c958ec1649991f97465d5bf4f286f3e9955772a95ca2373818f29d	80d8dd7450f556858cfa16c4785f2d95acebb0fc088b879c2609d5235d5fca8c
24	16	wording	review-edit	ea9f0ffe1bf9faa57a1e824f43648a028ed35ac9a13dc9e32005964e1f9ae790	015a596c636c12db8cc80e1d3cbe0376accabbcc2a222dc38a925827426280fd
24	17	wording		d5b10173af966d10c6955d2d630aeb0a3ff3be0315e44c2c4cfcae1b2fcd74cd	5f19599bb0d7c615555709bfa0798e312875de852e7dd9b8a2476a750c567fcd
24	18	wording		fc5eaf37710d48596fceb3ee4350cb2c21ecd08a9c05f517d9698a78e91588ad	d7a6ba0e53de106c04432b6228b549cfe2053893d2e431943819412b62e390ea
24	19	wording		9a24a9d546792094acf37ba988108e626bd1c54e53cf1a6a1addf061d743cc68	ec80fcfb389daac7e5c7f73e94269621374857e824e6f6d87ba368dc0890457d
24	20	wording	review-edit	fc3a490676260b2a79794a862e2b7517ea26d1512d7a0a064d5c1c2c18d69f07	b4509586b241b84df346287dd11c36099dae715d12ff9a1da7f15f70a4138080
24	21	wording		8afd3950f8cd86a7999607972a91eb062f764e5a2394d399d8d13058eb4d8f64	bc0cb4de311168ef1f190173644f2efb255eefc276b7434b8d08b681a7e065d1
24	22	wording		8b8a5e403451e1fb28a9e6d7ea51e078883a93c8d107dd40de949a8a466f4f58	6dd7eb6c1cdde364152ff7df778a45d473e57ed6c0e289322c628ee9e80cce72
24	23	wording	review-edit	e67b2674991452f8a6d0f98bdbc66e0b36ce95a6253ae6a3468ad33f0978d377	f4ffd713dc95603ac50c7b9541c977f8158eb3cf646cd99ba84c64c5530fa760
24	24	wording	review-edit	d4541dd7df0da5d3c459cd9695b42fc4a00c3c98604e0fc7b26010204a958f4d	2db5e9298da69ced23c24c3637177afa5855e594bcaaba1b8e53467597a1253f
24	25	wording	review-edit	cfa45830c9050bc0dac772154594b1036856a550c66ca4856fb7235199cc8354	6fdcbd3ce863a0935ebecccff146d00330dc0aab855cf7c167f852a6b351a6a4
24	26	wording	review-edit	f81b016c5f02c6701d767f32f1d304ed486a65b5e9252e962a14b1fa96aea65f	8790608c693e32a23340e9d9e262a21ece22a86cc6f838632230139e92e637a8
24	27	wording		9beb49b4f3ee648c8dfa64b6d72e250936d50501264d1549f8c1005f2492c569	4b3631bd709cb608edc2c02a45b99613ec55a2126c3460c80e319585a0354dad
24	28	wording	review-edit	4953d679cfdaec7680a505f90dd7f554fd1dd30bb369a0151265de7849a7825f	3377589e7896a8d18b773a129e693f7fd2d162d13d8428373d252af8a6a1dcdd
24	29	wording	review-edit	a6fedcab3d7718c782f3f08485a407b18a85b04b058ed7f937ea3a8bc6391e5e	6be1ce8cf39f6f412754088497930f1060dc80780e5d893a61f1888a4eda5110
24	30	wording	review-edit	d35fbcd952d16d3e2b7bb7bb0a85c4f5fb4c919c6a7203c1737720aa06524d2f	62a88fd2cdca3251215092fc3ac14a0ea8216561762afc7f11cecb274dc628ea
24	31	wording		6d21bc6fb36d23f55f8bd48ea9c56e7e9b67d0d2d3407bbf1070cf0a14a656bf	04b691db56bec6f80a69ac3cba1832c8d97ccda8523f5dc80ecb9c583b9e41cc
24	32	wording		118a8a630cf0b9a224381a03ae0cc626a127e00ec378689c60d87a4d0344e815	b4c5e33cbe7107731183df90d371803bbc27e96a14a5e82499a676becd7c3685
24	33	wording		3a3f7f821a1e295cce158e7ed3c19d6791bef2436c85d4ac3c553ac8180402b8	922e762aab250efee76fdc6a08aadc5c7b906218784e1a5812942e0aa226dee6
24	34	wording		c166cc58199d65740e45cca063c1792fb8e4c8dec818144c48b2433c6951c484	0c50c682253f8b7f3e35be7e8ccd20a532a6bc9eb537eaae5940e5f7cf0b7e2a
24	35	wording	review-edit	b84a5571d8be4d2504815e11779906487506c404ae8dd0fcb00e7d1526e709c5	080433ef040296fb34841a4bbbb4f45f3970c712e24e637b82a3dfe969c59336
24	36	wording		59f64d732847342f6b16ae8829cdfef52f4754e25ce3ffebe862fb260b4da11f	a4cbf8fea5dcd1b4067b6571a256f4174ef4325de2328eab83551a96f89e46c4
24	37	wording		4f05da274e639d5b1cb23d8a35b947c9435e89b7631f998467cdf72019df92db	cde722027eaee877cc77065a11fa0e04edb44865f8cd29c6ad353f38ea396f2a
24	38	wording		32deb825767d19ce76afffa50dfee270ccbd8e1320e8b345576db9d1d7493800	688164590a20c4a59d11d5b26c85b2a9235b9627c4b1ff512d5a1562dd5a0526
24	39	wording		5db8474023d282e8bad13c7bc1d0ca781cca8f89bad9e73888acee569b803641	7772e96ff1e2b2d4d459d2002fad0250cc6f822cf6dbb7b57cdaa8f86cedc5b1
24	40	wording		9ed604040eebf747d07bbd21d2d1b5ea17cccd2430ebf384abd76a8dd46a3932	169b78940aac317a353df8748329053da615641567249f1a3f2b8aa6f65d362b
24	41	wording	review-edit	99ba2b751b8b6f9a9a0c73ecd81cd435b60e3d9185911176b91003cfd9dc942e	ee706577245a5f934f9f2fad336c5c1cbb2acdb2a7988d4b49578ebb20bd26c6
24	42	wording	review-edit	7d1916790ae5591a570de5d006bdcd524a1e7228385ee9c58e6a941dde0f86b1	ddc0fc00cb6598f9bfa2d0f4b8ae230c01b4801f595bd10837a5c9336027e2d4
24	43	wording		80aa9bd158bbc7814ab893823b3f5c73f0a880aa7f3d13b35451bfc81aa5fca7	e8fdb4c4e21448c1f7b0e023de811a554ee3f64f0b11a20eecf27988161ba3b1
24	44	wording		75f0a8c9af366a8c66937575e4cea38a471c2d4a451cb188b1226219210f4cb4	b5691057a4d82f6b1b4920a871ee0078e2d643cf0a62b83fae0ed854e3966b82
